[INFO] Scanning for projects...
[INFO] 
[INFO] --------------< local.security:resource-consumption-poc >---------------
[INFO] Building resource-consumption-poc 1.0-SNAPSHOT
[INFO]   from pom.xml
[INFO] --------------------------------[ jar ]---------------------------------
[INFO] 
[INFO] --- resources:3.4.0:resources (default-resources) @ resource-consumption-poc ---
[INFO] skip non existing resourceDirectory /Users/vidurahewaduwa/Documents/GitHub/Food-Ordering-and-Delivery-System-Secure/security/resource-consumption-poc/src/main/resources
[INFO] 
[INFO] --- compiler:3.13.0:compile (default-compile) @ resource-consumption-poc ---
[INFO] Recompiling the module because of changed source code.
[INFO] Compiling 66 source files with javac [debug parameters release 17] to target/classes
[INFO] 
[INFO] --- resources:3.4.0:testResources (default-testResources) @ resource-consumption-poc ---
[INFO] Copying 1 resource from src/test/resources to target/test-classes
[INFO] 
[INFO] --- compiler:3.13.0:testCompile (default-testCompile) @ resource-consumption-poc ---
[INFO] Recompiling the module because of changed dependency.
[INFO] Compiling 5 source files with javac [debug parameters release 17] to target/test-classes
[INFO] 
[INFO] --- surefire:3.5.2:test (default-test) @ resource-consumption-poc ---
[INFO] Using auto detected provider org.apache.maven.surefire.junitplatform.JUnitPlatformProvider
[WARNING] System property [poc.evidence] overwritten by user properties from Maven session
[INFO] 
[INFO] -------------------------------------------------------
[INFO]  T E S T S
[INFO] -------------------------------------------------------
[INFO] Running local.security.RestaurantPaginationFixTest
Mockito is currently self-attaching to enable the inline-mock-maker. This will no longer work in future releases of the JDK. Please add Mockito as an agent to your build what is described in Mockito's documentation: https://javadoc.io/doc/org.mockito/mockito-core/latest/org/mockito/Mockito.html#0.3
Java HotSpot(TM) 64-Bit Server VM warning: Sharing is only supported for boot loader classes because bootstrap classpath has been appended
WARNING: A Java agent has been loaded dynamically (/Users/vidurahewaduwa/.m2/repository/net/bytebuddy/byte-buddy-agent/1.15.11/byte-buddy-agent-1.15.11.jar)
WARNING: If a serviceability tool is in use, please run with -XX:+EnableDynamicAgentLoading to hide this warning
WARNING: If a serviceability tool is not in use, please run with -Djdk.instrument.traceUsage for more information
WARNING: Dynamic loading of agents will be disallowed by default in a future release
DEBUG o.s.boot.SpringApplication - Loading source class com.Restaurant_Management.System.RestaurantManagementApplication
DEBUG o.s.b.w.s.c.AnnotationConfigServletWebServerApplicationContext - Refreshing org.springframework.boot.web.servlet.context.AnnotationConfigServletWebServerApplicationContext@2eda4eeb
DEBUG o.s.b.a.AutoConfigurationPackages - @EnableAutoConfiguration was declared on a class in the package 'com.Restaurant_Management.System'. Automatic @Repository and @Entity scanning is enabled.
DEBUG o.s.b.w.e.t.TomcatServletWebServerFactory - Code archive: /Users/vidurahewaduwa/.m2/repository/org/springframework/boot/spring-boot/3.4.3/spring-boot-3.4.3.jar
DEBUG o.s.b.w.e.t.TomcatServletWebServerFactory - Code archive: /Users/vidurahewaduwa/.m2/repository/org/springframework/boot/spring-boot/3.4.3/spring-boot-3.4.3.jar
DEBUG o.s.b.w.e.t.TomcatServletWebServerFactory - None of the document roots [src/main/webapp, public, static] point to a directory and will be ignored.
INFO o.s.b.w.e.t.TomcatWebServer - Tomcat initialized with port 0 (http)
DEBUG o.s.b.w.s.c.ServletWebServerApplicationContext - Published root WebApplicationContext as ServletContext attribute with name [org.springframework.web.context.WebApplicationContext.ROOT]
INFO o.s.b.w.s.c.ServletWebServerApplicationContext - Root WebApplicationContext: initialization completed in 625 ms
DEBUG o.s.b.w.s.ServletContextInitializerBeans - Mapping filters: characterEncodingFilter urls=[/*] order=-2147483648, formContentFilter urls=[/*] order=-9900, requestContextFilter urls=[/*] order=-105
DEBUG o.s.b.w.s.ServletContextInitializerBeans - Mapping servlets: dispatcherServlet urls=[/]
DEBUG o.s.b.w.s.f.OrderedRequestContextFilter - Filter 'requestContextFilter' configured for use
DEBUG o.s.b.w.s.f.OrderedCharacterEncodingFilter - Filter 'characterEncodingFilter' configured for use
DEBUG o.s.b.w.s.f.OrderedFormContentFilter - Filter 'formContentFilter' configured for use
WARN org.hibernate.orm.deprecation - HHH90000025: H2Dialect does not need to be specified explicitly using 'hibernate.dialect' (remove the property setting and it will be selected by default)
DEBUG org.hibernate.SQL - drop table if exists cart cascade 
DEBUG org.hibernate.SQL - drop table if exists cart_items cascade 
DEBUG org.hibernate.SQL - drop table if exists food_items cascade 
DEBUG org.hibernate.SQL - drop table if exists restaurant cascade 
DEBUG org.hibernate.SQL - drop table if exists search_history cascade 
DEBUG org.hibernate.SQL - create table cart (total_price float(53) not null, created_at timestamp(6), cart_id varchar(255) not null, user_id varchar(255), primary key (cart_id))
DEBUG org.hibernate.SQL - create table cart_items (quantity integer not null, cart_id varchar(255) not null, food_image varchar(255), food_item_id varchar(255), food_name varchar(255), id varchar(255) not null, restaurant_id varchar(255), restaurant_name varchar(255), primary key (id))
DEBUG org.hibernate.SQL - create table food_items (available boolean not null, discount integer not null, price float(53) not null, created_at timestamp(6), category varchar(255), description varchar(255), food_item_id varchar(255) not null, image_url varchar(255), items_name varchar(255) not null, restaurant_id varchar(255) not null, restaurant_name varchar(255), type varchar(255), primary key (food_item_id))
DEBUG org.hibernate.SQL - create table restaurant (active boolean not null, availability boolean not null, closing_time time(6) not null, latitude float(53) not null, longitude float(53) not null, opening_time time(6) not null, order_availability boolean not null, rating float(53) not null, created_at timestamp(6), updated_at timestamp(6), restaurant_phone varchar(11) not null, description varchar(1000) not null, city varchar(255) not null, cover_image_url varchar(255), image_url varchar(255) not null, owner_username varchar(255), restaurant_address varchar(255) not null, restaurant_email varchar(255) not null unique, restaurant_id varchar(255) not null, restaurant_name varchar(255) not null unique, restaurant_type varchar(255) not null, primary key (restaurant_id))
DEBUG org.hibernate.SQL - create table search_history (latest_count_at timestamp(6), search_count bigint not null, restaurant_name varchar(255), search_id varchar(255) not null, url varchar(255), primary key (search_id))
DEBUG org.hibernate.SQL - alter table if exists cart_items add constraint FK99e0am9jpriwxcm6is7xfedy3 foreign key (cart_id) references cart
DEBUG org.hibernate.SQL - alter table if exists cart_items add constraint FKjr4thtqm8skn4hjhlv3phxbbm foreign key (food_item_id) references food_items on delete cascade
DEBUG org.hibernate.SQL - alter table if exists food_items add constraint FK5i780763pk1cwqx8a72a25cgn foreign key (restaurant_id) references restaurant
WARN o.s.b.a.o.j.JpaBaseConfiguration$JpaWebConfiguration - spring.jpa.open-in-view is enabled by default. Therefore, database queries may be performed during view rendering. Explicitly configure spring.jpa.open-in-view to disable this warning
DEBUG o.s.w.s.m.m.a.RequestMappingHandlerMapping - 25 mappings in 'requestMappingHandlerMapping'
DEBUG o.s.w.s.h.SimpleUrlHandlerMapping - Patterns [/webjars/**, /**] in 'resourceHandlerMapping'
DEBUG o.s.w.s.m.m.a.RequestMappingHandlerAdapter - ControllerAdvice beans: 0 @ModelAttribute, 0 @InitBinder, 1 RequestBodyAdvice, 1 ResponseBodyAdvice
DEBUG o.s.w.s.m.m.a.ExceptionHandlerExceptionResolver - ControllerAdvice beans: 1 @ExceptionHandler, 1 ResponseBodyAdvice
INFO o.s.b.w.e.t.TomcatWebServer - Tomcat started on port 49692 (http) with context path '/'
DEBUG o.s.b.a.l.ConditionEvaluationReportLogger - 


============================
CONDITIONS EVALUATION REPORT
============================


Positive matches:
-----------------

   AopAutoConfiguration matched:
      - @ConditionalOnProperty (spring.aop.auto=true) matched (OnPropertyCondition)

   AopAutoConfiguration.AspectJAutoProxyingConfiguration matched:
      - @ConditionalOnClass found required class 'org.aspectj.weaver.Advice' (OnClassCondition)

   AopAutoConfiguration.AspectJAutoProxyingConfiguration.CglibAutoProxyConfiguration matched:
      - @ConditionalOnProperty (spring.aop.proxy-target-class=true) matched (OnPropertyCondition)

   ApplicationAvailabilityAutoConfiguration#applicationAvailability matched:
      - @ConditionalOnMissingBean (types: org.springframework.boot.availability.ApplicationAvailability; SearchStrategy: all) did not find any beans (OnBeanCondition)

   ClientHttpConnectorAutoConfiguration matched:
      - @ConditionalOnClass found required class 'org.springframework.web.reactive.function.client.WebClient' (OnClassCondition)

   ClientHttpConnectorAutoConfiguration#webClientHttpConnector matched:
      - @ConditionalOnMissingBean (types: org.springframework.http.client.reactive.ClientHttpConnector; SearchStrategy: all) did not find any beans (OnBeanCondition)

   ClientHttpConnectorAutoConfiguration#webClientHttpConnectorCustomizer matched:
      - @ConditionalOnBean (types: org.springframework.http.client.reactive.ClientHttpConnector; SearchStrategy: all) found bean 'webClientHttpConnector' (OnBeanCondition)

   ClientHttpConnectorFactoryConfiguration.ReactorNetty matched:
      - @ConditionalOnClass found required class 'reactor.netty.http.client.HttpClient' (OnClassCondition)
      - @ConditionalOnMissingBean (types: org.springframework.boot.autoconfigure.web.reactive.function.client.ClientHttpConnectorFactory; SearchStrategy: all) did not find any beans (OnBeanCondition)

   CodecsAutoConfiguration matched:
      - @ConditionalOnClass found required classes 'org.springframework.http.codec.CodecConfigurer', 'org.springframework.web.reactive.function.client.WebClient' (OnClassCondition)

   CodecsAutoConfiguration.JacksonCodecConfiguration matched:
      - @ConditionalOnClass found required class 'com.fasterxml.jackson.databind.ObjectMapper' (OnClassCondition)

   CodecsAutoConfiguration.JacksonCodecConfiguration#jacksonCodecCustomizer matched:
      - @ConditionalOnBean (types: com.fasterxml.jackson.databind.ObjectMapper; SearchStrategy: all) found bean 'jacksonObjectMapper' (OnBeanCondition)

   DataSourceAutoConfiguration matched:
      - @ConditionalOnClass found required classes 'javax.sql.DataSource', 'org.springframework.jdbc.datasource.embedded.EmbeddedDatabaseType' (OnClassCondition)
      - @ConditionalOnMissingBean (types: io.r2dbc.spi.ConnectionFactory; SearchStrategy: all) did not find any beans (OnBeanCondition)

   DataSourceAutoConfiguration.PooledDataSourceConfiguration matched:
      - AnyNestedCondition 1 matched 1 did not; NestedCondition on DataSourceAutoConfiguration.PooledDataSourceCondition.PooledDataSourceAvailable PooledDataSource found supported DataSource; NestedCondition on DataSourceAutoConfiguration.PooledDataSourceCondition.ExplicitType @ConditionalOnProperty (spring.datasource.type) did not find property 'type' (DataSourceAutoConfiguration.PooledDataSourceCondition)
      - @ConditionalOnMissingBean (types: javax.sql.DataSource,javax.sql.XADataSource; SearchStrategy: all) did not find any beans (OnBeanCondition)

   DataSourceAutoConfiguration.PooledDataSourceConfiguration#jdbcConnectionDetails matched:
      - @ConditionalOnMissingBean (types: org.springframework.boot.autoconfigure.jdbc.JdbcConnectionDetails; SearchStrategy: all) did not find any beans (OnBeanCondition)

   DataSourceConfiguration.Hikari matched:
      - @ConditionalOnClass found required class 'com.zaxxer.hikari.HikariDataSource' (OnClassCondition)
      - @ConditionalOnProperty (spring.datasource.type=com.zaxxer.hikari.HikariDataSource) matched (OnPropertyCondition)
      - @ConditionalOnMissingBean (types: javax.sql.DataSource; SearchStrategy: all) did not find any beans (OnBeanCondition)

   DataSourcePoolMetadataProvidersConfiguration.HikariPoolDataSourceMetadataProviderConfiguration matched:
      - @ConditionalOnClass found required class 'com.zaxxer.hikari.HikariDataSource' (OnClassCondition)

   DataSourceTransactionManagerAutoConfiguration matched:
      - @ConditionalOnClass found required classes 'javax.sql.DataSource', 'org.springframework.jdbc.core.JdbcTemplate', 'org.springframework.transaction.TransactionManager' (OnClassCondition)

   DataSourceTransactionManagerAutoConfiguration.JdbcTransactionManagerConfiguration matched:
      - @ConditionalOnSingleCandidate (types: javax.sql.DataSource; SearchStrategy: all) found a single bean 'dataSource' (OnBeanCondition)

   DispatcherServletAutoConfiguration matched:
      - @ConditionalOnClass found required class 'org.springframework.web.servlet.DispatcherServlet' (OnClassCondition)
      - found 'session' scope (OnWebApplicationCondition)

   DispatcherServletAutoConfiguration.DispatcherServletConfiguration matched:
      - @ConditionalOnClass found required class 'jakarta.servlet.ServletRegistration' (OnClassCondition)
      - Default DispatcherServlet did not find dispatcher servlet beans (DispatcherServletAutoConfiguration.DefaultDispatcherServletCondition)

   DispatcherServletAutoConfiguration.DispatcherServletRegistrationConfiguration matched:
      - @ConditionalOnClass found required class 'jakarta.servlet.ServletRegistration' (OnClassCondition)
      - DispatcherServlet Registration did not find servlet registration bean (DispatcherServletAutoConfiguration.DispatcherServletRegistrationCondition)

   DispatcherServletAutoConfiguration.DispatcherServletRegistrationConfiguration#dispatcherServletRegistration matched:
      - @ConditionalOnBean (names: dispatcherServlet types: org.springframework.web.servlet.DispatcherServlet; SearchStrategy: all) found bean 'dispatcherServlet' (OnBeanCondition)

   EmbeddedWebServerFactoryCustomizerAutoConfiguration matched:
      - @ConditionalOnWebApplication (required) found 'session' scope (OnWebApplicationCondition)
      - @ConditionalOnWarDeployment the application is not deployed as a WAR file. (OnWarDeploymentCondition)

   EmbeddedWebServerFactoryCustomizerAutoConfiguration.NettyWebServerFactoryCustomizerConfiguration matched:
      - @ConditionalOnClass found required class 'reactor.netty.http.server.HttpServer' (OnClassCondition)

   EmbeddedWebServerFactoryCustomizerAutoConfiguration.TomcatWebServerFactoryCustomizerConfiguration matched:
      - @ConditionalOnClass found required classes 'org.apache.catalina.startup.Tomcat', 'org.apache.coyote.UpgradeProtocol' (OnClassCondition)

   ErrorMvcAutoConfiguration matched:
      - @ConditionalOnClass found required classes 'jakarta.servlet.Servlet', 'org.springframework.web.servlet.DispatcherServlet' (OnClassCondition)
      - found 'session' scope (OnWebApplicationCondition)

   ErrorMvcAutoConfiguration#basicErrorController matched:
      - @ConditionalOnMissingBean (types: org.springframework.boot.web.servlet.error.ErrorController; SearchStrategy: current) did not find any beans (OnBeanCondition)

   ErrorMvcAutoConfiguration#errorAttributes matched:
      - @ConditionalOnMissingBean (types: org.springframework.boot.web.servlet.error.ErrorAttributes; SearchStrategy: current) did not find any beans (OnBeanCondition)

   ErrorMvcAutoConfiguration.DefaultErrorViewResolverConfiguration#conventionErrorViewResolver matched:
      - @ConditionalOnBean (types: org.springframework.web.servlet.DispatcherServlet; SearchStrategy: all) found bean 'dispatcherServlet'; @ConditionalOnMissingBean (types: org.springframework.boot.autoconfigure.web.servlet.error.ErrorViewResolver; SearchStrategy: all) did not find any beans (OnBeanCondition)

   ErrorMvcAutoConfiguration.WhitelabelErrorViewConfiguration matched:
      - @ConditionalOnProperty (server.error.whitelabel.enabled) matched (OnPropertyCondition)
      - ErrorTemplate Missing did not find error template view (ErrorMvcAutoConfiguration.ErrorTemplateMissingCondition)

   ErrorMvcAutoConfiguration.WhitelabelErrorViewConfiguration#beanNameViewResolver matched:
      - @ConditionalOnMissingBean (types: org.springframework.web.servlet.view.BeanNameViewResolver; SearchStrategy: all) did not find any beans (OnBeanCondition)

   ErrorMvcAutoConfiguration.WhitelabelErrorViewConfiguration#defaultErrorView matched:
      - @ConditionalOnMissingBean (names: error; SearchStrategy: all) did not find any beans (OnBeanCondition)

   GenericCacheConfiguration matched:
      - Cache org.springframework.boot.autoconfigure.cache.GenericCacheConfiguration automatic cache type (CacheCondition)

   HibernateJpaAutoConfiguration matched:
      - @ConditionalOnClass found required classes 'org.springframework.orm.jpa.LocalContainerEntityManagerFactoryBean', 'jakarta.persistence.EntityManager', 'org.hibernate.engine.spi.SessionImplementor' (OnClassCondition)

   HibernateJpaConfiguration matched:
      - @ConditionalOnSingleCandidate (types: javax.sql.DataSource; SearchStrategy: all) found a single bean 'dataSource' (OnBeanCondition)

   HttpClientAutoConfiguration matched:
      - @ConditionalOnClass found required class 'org.springframework.http.client.ClientHttpRequestFactory' (OnClassCondition)
      - NoneNestedConditions 0 matched 1 did not; NestedCondition on NotReactiveWebApplicationCondition.ReactiveWebApplication not a reactive web application (NotReactiveWebApplicationCondition)

   HttpClientAutoConfiguration#clientHttpRequestFactoryBuilder matched:
      - @ConditionalOnMissingBean (types: org.springframework.boot.http.client.ClientHttpRequestFactoryBuilder; SearchStrategy: all) did not find any beans (OnBeanCondition)

   HttpClientAutoConfiguration#clientHttpRequestFactorySettings matched:
      - @ConditionalOnMissingBean (types: org.springframework.boot.http.client.ClientHttpRequestFactorySettings; SearchStrategy: all) did not find any beans (OnBeanCondition)

   HttpEncodingAutoConfiguration matched:
      - @ConditionalOnClass found required class 'org.springframework.web.filter.CharacterEncodingFilter' (OnClassCondition)
      - found 'session' scope (OnWebApplicationCondition)
      - @ConditionalOnProperty (server.servlet.encoding.enabled) matched (OnPropertyCondition)

   HttpEncodingAutoConfiguration#characterEncodingFilter matched:
      - @ConditionalOnMissingBean (types: org.springframework.web.filter.CharacterEncodingFilter; SearchStrategy: all) did not find any beans (OnBeanCondition)

   HttpMessageConvertersAutoConfiguration matched:
      - @ConditionalOnClass found required class 'org.springframework.http.converter.HttpMessageConverter' (OnClassCondition)
      - NoneNestedConditions 0 matched 1 did not; NestedCondition on HttpMessageConvertersAutoConfiguration.NotReactiveWebApplicationCondition.ReactiveWebApplication not a reactive web application (HttpMessageConvertersAutoConfiguration.NotReactiveWebApplicationCondition)

   HttpMessageConvertersAutoConfiguration#messageConverters matched:
      - @ConditionalOnMissingBean (types: org.springframework.boot.autoconfigure.http.HttpMessageConverters; SearchStrategy: all) did not find any beans (OnBeanCondition)

   HttpMessageConvertersAutoConfiguration.StringHttpMessageConverterConfiguration matched:
      - @ConditionalOnClass found required class 'org.springframework.http.converter.StringHttpMessageConverter' (OnClassCondition)

   HttpMessageConvertersAutoConfiguration.StringHttpMessageConverterConfiguration#stringHttpMessageConverter matched:
      - @ConditionalOnMissingBean (types: org.springframework.http.converter.StringHttpMessageConverter; SearchStrategy: all) did not find any beans (OnBeanCondition)

   JacksonAutoConfiguration matched:
      - @ConditionalOnClass found required class 'com.fasterxml.jackson.databind.ObjectMapper' (OnClassCondition)

   JacksonAutoConfiguration.Jackson2ObjectMapperBuilderCustomizerConfiguration matched:
      - @ConditionalOnClass found required class 'org.springframework.http.converter.json.Jackson2ObjectMapperBuilder' (OnClassCondition)

   JacksonAutoConfiguration.JacksonObjectMapperBuilderConfiguration matched:
      - @ConditionalOnClass found required class 'org.springframework.http.converter.json.Jackson2ObjectMapperBuilder' (OnClassCondition)

   JacksonAutoConfiguration.JacksonObjectMapperBuilderConfiguration#jacksonObjectMapperBuilder matched:
      - @ConditionalOnMissingBean (types: org.springframework.http.converter.json.Jackson2ObjectMapperBuilder; SearchStrategy: all) did not find any beans (OnBeanCondition)

   JacksonAutoConfiguration.JacksonObjectMapperConfiguration matched:
      - @ConditionalOnClass found required class 'org.springframework.http.converter.json.Jackson2ObjectMapperBuilder' (OnClassCondition)

   JacksonAutoConfiguration.JacksonObjectMapperConfiguration#jacksonObjectMapper matched:
      - @ConditionalOnMissingBean (types: com.fasterxml.jackson.databind.ObjectMapper; SearchStrategy: all) did not find any beans (OnBeanCondition)

   JacksonAutoConfiguration.ParameterNamesModuleConfiguration matched:
      - @ConditionalOnClass found required class 'com.fasterxml.jackson.module.paramnames.ParameterNamesModule' (OnClassCondition)

   JacksonAutoConfiguration.ParameterNamesModuleConfiguration#parameterNamesModule matched:
      - @ConditionalOnMissingBean (types: com.fasterxml.jackson.module.paramnames.ParameterNamesModule; SearchStrategy: all) did not find any beans (OnBeanCondition)

   JacksonHttpMessageConvertersConfiguration.MappingJackson2HttpMessageConverterConfiguration matched:
      - @ConditionalOnClass found required class 'com.fasterxml.jackson.databind.ObjectMapper' (OnClassCondition)
      - @ConditionalOnProperty (spring.mvc.converters.preferred-json-mapper=jackson) matched (OnPropertyCondition)
      - @ConditionalOnBean (types: com.fasterxml.jackson.databind.ObjectMapper; SearchStrategy: all) found bean 'jacksonObjectMapper' (OnBeanCondition)

   JacksonHttpMessageConvertersConfiguration.MappingJackson2HttpMessageConverterConfiguration#mappingJackson2HttpMessageConverter matched:
      - @ConditionalOnMissingBean (types: org.springframework.http.converter.json.MappingJackson2HttpMessageConverter ignored: org.springframework.hateoas.server.mvc.TypeConstrainedMappingJackson2HttpMessageConverter,org.springframework.data.rest.webmvc.alps.AlpsJsonHttpMessageConverter; SearchStrategy: all) did not find any beans (OnBeanCondition)

   JdbcClientAutoConfiguration matched:
      - @ConditionalOnSingleCandidate (types: org.springframework.jdbc.core.namedparam.NamedParameterJdbcTemplate; SearchStrategy: all) found a single bean 'namedParameterJdbcTemplate'; @ConditionalOnMissingBean (types: org.springframework.jdbc.core.simple.JdbcClient; SearchStrategy: all) did not find any beans (OnBeanCondition)

   JdbcTemplateAutoConfiguration matched:
      - @ConditionalOnClass found required classes 'javax.sql.DataSource', 'org.springframework.jdbc.core.JdbcTemplate' (OnClassCondition)
      - @ConditionalOnSingleCandidate (types: javax.sql.DataSource; SearchStrategy: all) found a single bean 'dataSource' (OnBeanCondition)

   JdbcTemplateConfiguration matched:
      - @ConditionalOnMissingBean (types: org.springframework.jdbc.core.JdbcOperations; SearchStrategy: all) did not find any beans (OnBeanCondition)

   JpaBaseConfiguration#entityManagerFactory matched:
      - @ConditionalOnMissingBean (types: org.springframework.orm.jpa.LocalContainerEntityManagerFactoryBean,jakarta.persistence.EntityManagerFactory; SearchStrategy: all) did not find any beans (OnBeanCondition)

   JpaBaseConfiguration#entityManagerFactoryBuilder matched:
      - @ConditionalOnMissingBean (types: org.springframework.boot.orm.jpa.EntityManagerFactoryBuilder; SearchStrategy: all) did not find any beans (OnBeanCondition)

   JpaBaseConfiguration#jpaVendorAdapter matched:
      - @ConditionalOnMissingBean (types: org.springframework.orm.jpa.JpaVendorAdapter; SearchStrategy: all) did not find any beans (OnBeanCondition)

   JpaBaseConfiguration#transactionManager matched:
      - @ConditionalOnMissingBean (types: org.springframework.transaction.TransactionManager; SearchStrategy: all) did not find any beans (OnBeanCondition)

   JpaBaseConfiguration.JpaWebConfiguration matched:
      - @ConditionalOnClass found required class 'org.springframework.web.servlet.config.annotation.WebMvcConfigurer' (OnClassCondition)
      - found 'session' scope (OnWebApplicationCondition)
      - @ConditionalOnProperty (spring.jpa.open-in-view=true) matched (OnPropertyCondition)
      - @ConditionalOnMissingBean (types: org.springframework.orm.jpa.support.OpenEntityManagerInViewInterceptor,org.springframework.orm.jpa.support.OpenEntityManagerInViewFilter; SearchStrategy: all) did not find any beans (OnBeanCondition)

   JpaBaseConfiguration.PersistenceManagedTypesConfiguration matched:
      - @ConditionalOnMissingBean (types: org.springframework.orm.jpa.LocalContainerEntityManagerFactoryBean,jakarta.persistence.EntityManagerFactory; SearchStrategy: all) did not find any beans (OnBeanCondition)

   JpaBaseConfiguration.PersistenceManagedTypesConfiguration#persistenceManagedTypes matched:
      - @ConditionalOnMissingBean (types: org.springframework.orm.jpa.persistenceunit.PersistenceManagedTypes; SearchStrategy: all) did not find any beans (OnBeanCondition)

   JpaRepositoriesAutoConfiguration matched:
      - @ConditionalOnClass found required class 'org.springframework.data.jpa.repository.JpaRepository' (OnClassCondition)
      - @ConditionalOnProperty (spring.data.jpa.repositories.enabled=true) matched (OnPropertyCondition)
      - @ConditionalOnBean (types: javax.sql.DataSource; SearchStrategy: all) found bean 'dataSource'; @ConditionalOnMissingBean (types: org.springframework.data.jpa.repository.support.JpaRepositoryFactoryBean,org.springframework.data.jpa.repository.config.JpaRepositoryConfigExtension; SearchStrategy: all) did not find any beans (OnBeanCondition)

   JtaAutoConfiguration matched:
      - @ConditionalOnClass found required class 'jakarta.transaction.Transaction' (OnClassCondition)
      - @ConditionalOnProperty (spring.jta.enabled) matched (OnPropertyCondition)

   LifecycleAutoConfiguration#defaultLifecycleProcessor matched:
      - @ConditionalOnMissingBean (names: lifecycleProcessor; SearchStrategy: current) did not find any beans (OnBeanCondition)

   MultipartAutoConfiguration matched:
      - @ConditionalOnClass found required classes 'jakarta.servlet.Servlet', 'org.springframework.web.multipart.support.StandardServletMultipartResolver', 'jakarta.servlet.MultipartConfigElement' (OnClassCondition)
      - found 'session' scope (OnWebApplicationCondition)
      - @ConditionalOnProperty (spring.servlet.multipart.enabled) matched (OnPropertyCondition)

   MultipartAutoConfiguration#multipartConfigElement matched:
      - @ConditionalOnMissingBean (types: jakarta.servlet.MultipartConfigElement; SearchStrategy: all) did not find any beans (OnBeanCondition)

   MultipartAutoConfiguration#multipartResolver matched:
      - @ConditionalOnMissingBean (types: org.springframework.web.multipart.MultipartResolver; SearchStrategy: all) did not find any beans (OnBeanCondition)

   NamedParameterJdbcTemplateConfiguration matched:
      - @ConditionalOnSingleCandidate (types: org.springframework.jdbc.core.JdbcTemplate; SearchStrategy: all) found a single bean 'jdbcTemplate'; @ConditionalOnMissingBean (types: org.springframework.jdbc.core.namedparam.NamedParameterJdbcOperations; SearchStrategy: all) did not find any beans (OnBeanCondition)

   NettyAutoConfiguration matched:
      - @ConditionalOnClass found required class 'io.netty.util.NettyRuntime' (OnClassCondition)

   NoOpCacheConfiguration matched:
      - Cache org.springframework.boot.autoconfigure.cache.NoOpCacheConfiguration automatic cache type (CacheCondition)

   PersistenceExceptionTranslationAutoConfiguration matched:
      - @ConditionalOnClass found required class 'org.springframework.dao.annotation.PersistenceExceptionTranslationPostProcessor' (OnClassCondition)

   PersistenceExceptionTranslationAutoConfiguration#persistenceExceptionTranslationPostProcessor matched:
      - @ConditionalOnProperty (spring.dao.exceptiontranslation.enabled) matched (OnPropertyCondition)
      - @ConditionalOnMissingBean (types: org.springframework.dao.annotation.PersistenceExceptionTranslationPostProcessor; SearchStrategy: all) did not find any beans (OnBeanCondition)

   PropertyPlaceholderAutoConfiguration#propertySourcesPlaceholderConfigurer matched:
      - @ConditionalOnMissingBean (types: org.springframework.context.support.PropertySourcesPlaceholderConfigurer; SearchStrategy: current) did not find any beans (OnBeanCondition)

   ReactorAutoConfiguration matched:
      - @ConditionalOnClass found required class 'reactor.core.publisher.Hooks' (OnClassCondition)

   ReactorNettyConfigurations.ReactorResourceFactoryConfiguration#reactorResourceFactory matched:
      - @ConditionalOnMissingBean (types: org.springframework.http.client.ReactorResourceFactory; SearchStrategy: all) did not find any beans (OnBeanCondition)

   RestClientAutoConfiguration matched:
      - @ConditionalOnClass found required class 'org.springframework.web.client.RestClient' (OnClassCondition)
      - NoneNestedConditions 0 matched 1 did not; NestedCondition on NotReactiveWebApplicationCondition.ReactiveWebApplication not a reactive web application (NotReactiveWebApplicationCondition)

   RestClientAutoConfiguration#httpMessageConvertersRestClientCustomizer matched:
      - @ConditionalOnMissingBean (types: org.springframework.boot.autoconfigure.web.client.HttpMessageConvertersRestClientCustomizer; SearchStrategy: all) did not find any beans (OnBeanCondition)

   RestClientAutoConfiguration#restClientBuilder matched:
      - @ConditionalOnMissingBean (types: org.springframework.web.client.RestClient$Builder; SearchStrategy: all) did not find any beans (OnBeanCondition)

   RestClientAutoConfiguration#restClientBuilderConfigurer matched:
      - @ConditionalOnMissingBean (types: org.springframework.boot.autoconfigure.web.client.RestClientBuilderConfigurer; SearchStrategy: all) did not find any beans (OnBeanCondition)

   RestClientAutoConfiguration#restClientSsl matched:
      - @ConditionalOnBean (types: org.springframework.boot.ssl.SslBundles; SearchStrategy: all) found bean 'sslBundleRegistry'; @ConditionalOnMissingBean (types: org.springframework.boot.autoconfigure.web.client.RestClientSsl; SearchStrategy: all) did not find any beans (OnBeanCondition)

   RestTemplateAutoConfiguration matched:
      - @ConditionalOnClass found required class 'org.springframework.web.client.RestTemplate' (OnClassCondition)
      - NoneNestedConditions 0 matched 1 did not; NestedCondition on NotReactiveWebApplicationCondition.ReactiveWebApplication not a reactive web application (NotReactiveWebApplicationCondition)

   RestTemplateAutoConfiguration#restTemplateBuilder matched:
      - @ConditionalOnMissingBean (types: org.springframework.boot.web.client.RestTemplateBuilder; SearchStrategy: all) did not find any beans (OnBeanCondition)

   ServletWebServerFactoryAutoConfiguration matched:
      - @ConditionalOnClass found required class 'jakarta.servlet.ServletRequest' (OnClassCondition)
      - found 'session' scope (OnWebApplicationCondition)

   ServletWebServerFactoryAutoConfiguration#tomcatServletWebServerFactoryCustomizer matched:
      - @ConditionalOnClass found required class 'org.apache.catalina.startup.Tomcat' (OnClassCondition)

   ServletWebServerFactoryConfiguration.EmbeddedTomcat matched:
      - @ConditionalOnClass found required classes 'jakarta.servlet.Servlet', 'org.apache.catalina.startup.Tomcat', 'org.apache.coyote.UpgradeProtocol' (OnClassCondition)
      - @ConditionalOnMissingBean (types: org.springframework.boot.web.servlet.server.ServletWebServerFactory; SearchStrategy: current) did not find any beans (OnBeanCondition)

   SimpleCacheConfiguration matched:
      - Cache org.springframework.boot.autoconfigure.cache.SimpleCacheConfiguration automatic cache type (CacheCondition)

   SpringDataWebAutoConfiguration matched:
      - @ConditionalOnClass found required classes 'org.springframework.data.web.PageableHandlerMethodArgumentResolver', 'org.springframework.web.servlet.config.annotation.WebMvcConfigurer' (OnClassCondition)
      - found 'session' scope (OnWebApplicationCondition)
      - @ConditionalOnMissingBean (types: org.springframework.data.web.PageableHandlerMethodArgumentResolver; SearchStrategy: all) did not find any beans (OnBeanCondition)

   SpringDataWebAutoConfiguration#pageableCustomizer matched:
      - @ConditionalOnMissingBean (types: org.springframework.data.web.config.PageableHandlerMethodArgumentResolverCustomizer; SearchStrategy: all) did not find any beans (OnBeanCondition)

   SpringDataWebAutoConfiguration#sortCustomizer matched:
      - @ConditionalOnMissingBean (types: org.springframework.data.web.config.SortHandlerMethodArgumentResolverCustomizer; SearchStrategy: all) did not find any beans (OnBeanCondition)

   SpringDataWebAutoConfiguration#springDataWebSettings matched:
      - @ConditionalOnMissingBean (types: org.springframework.data.web.config.SpringDataWebSettings; SearchStrategy: all) did not find any beans (OnBeanCondition)

   SslAutoConfiguration#sslBundleRegistry matched:
      - @ConditionalOnMissingBean (types: org.springframework.boot.ssl.SslBundleRegistry,org.springframework.boot.ssl.SslBundles; SearchStrategy: all) did not find any beans (OnBeanCondition)

   TaskExecutionAutoConfiguration matched:
      - @ConditionalOnClass found required class 'org.springframework.scheduling.concurrent.ThreadPoolTaskExecutor' (OnClassCondition)

   TaskExecutorConfigurations.SimpleAsyncTaskExecutorBuilderConfiguration#simpleAsyncTaskExecutorBuilder matched:
      - @ConditionalOnMissingBean (types: org.springframework.boot.task.SimpleAsyncTaskExecutorBuilder; SearchStrategy: all) did not find any beans (OnBeanCondition)
      - @ConditionalOnThreading found PLATFORM (OnThreadingCondition)

   TaskExecutorConfigurations.TaskExecutorConfiguration matched:
      - @ConditionalOnMissingBean (types: java.util.concurrent.Executor; SearchStrategy: all) did not find any beans (OnBeanCondition)

   TaskExecutorConfigurations.TaskExecutorConfiguration#applicationTaskExecutor matched:
      - @ConditionalOnThreading found PLATFORM (OnThreadingCondition)

   TaskExecutorConfigurations.ThreadPoolTaskExecutorBuilderConfiguration#threadPoolTaskExecutorBuilder matched:
      - @ConditionalOnMissingBean (types: org.springframework.boot.task.ThreadPoolTaskExecutorBuilder; SearchStrategy: all) did not find any beans (OnBeanCondition)

   TaskSchedulingAutoConfiguration matched:
      - @ConditionalOnClass found required class 'org.springframework.scheduling.concurrent.ThreadPoolTaskScheduler' (OnClassCondition)

   TaskSchedulingConfigurations.SimpleAsyncTaskSchedulerBuilderConfiguration#simpleAsyncTaskSchedulerBuilder matched:
      - @ConditionalOnMissingBean (types: org.springframework.boot.task.SimpleAsyncTaskSchedulerBuilder; SearchStrategy: all) did not find any beans (OnBeanCondition)
      - @ConditionalOnThreading found PLATFORM (OnThreadingCondition)

   TaskSchedulingConfigurations.ThreadPoolTaskSchedulerBuilderConfiguration#threadPoolTaskSchedulerBuilder matched:
      - @ConditionalOnMissingBean (types: org.springframework.boot.task.ThreadPoolTaskSchedulerBuilder; SearchStrategy: all) did not find any beans (OnBeanCondition)

   TransactionAutoConfiguration matched:
      - @ConditionalOnClass found required class 'org.springframework.transaction.PlatformTransactionManager' (OnClassCondition)

   TransactionAutoConfiguration.EnableTransactionManagementConfiguration matched:
      - @ConditionalOnBean (types: org.springframework.transaction.TransactionManager; SearchStrategy: all) found bean 'transactionManager'; @ConditionalOnMissingBean (types: org.springframework.transaction.annotation.AbstractTransactionManagementConfiguration; SearchStrategy: all) did not find any beans (OnBeanCondition)

   TransactionAutoConfiguration.EnableTransactionManagementConfiguration.CglibAutoProxyConfiguration matched:
      - @ConditionalOnProperty (spring.aop.proxy-target-class=true) matched (OnPropertyCondition)

   TransactionAutoConfiguration.TransactionTemplateConfiguration matched:
      - @ConditionalOnSingleCandidate (types: org.springframework.transaction.PlatformTransactionManager; SearchStrategy: all) found a single bean 'transactionManager' (OnBeanCondition)

   TransactionAutoConfiguration.TransactionTemplateConfiguration#transactionTemplate matched:
      - @ConditionalOnMissingBean (types: org.springframework.transaction.support.TransactionOperations; SearchStrategy: all) did not find any beans (OnBeanCondition)

   TransactionManagerCustomizationAutoConfiguration matched:
      - @ConditionalOnClass found required class 'org.springframework.transaction.PlatformTransactionManager' (OnClassCondition)

   TransactionManagerCustomizationAutoConfiguration#platformTransactionManagerCustomizers matched:
      - @ConditionalOnMissingBean (types: org.springframework.boot.autoconfigure.transaction.TransactionManagerCustomizers; SearchStrategy: all) did not find any beans (OnBeanCondition)

   ValidationAutoConfiguration matched:
      - @ConditionalOnClass found required class 'jakarta.validation.executable.ExecutableValidator' (OnClassCondition)
      - @ConditionalOnResource found location classpath:META-INF/services/jakarta.validation.spi.ValidationProvider (OnResourceCondition)

   ValidationAutoConfiguration#defaultValidator matched:
      - @ConditionalOnMissingBean (types: jakarta.validation.Validator; SearchStrategy: all) did not find any beans (OnBeanCondition)

   ValidationAutoConfiguration#methodValidationPostProcessor matched:
      - @ConditionalOnMissingBean (types: org.springframework.validation.beanvalidation.MethodValidationPostProcessor; SearchStrategy: current) did not find any beans (OnBeanCondition)

   WebClientAutoConfiguration matched:
      - @ConditionalOnClass found required class 'org.springframework.web.reactive.function.client.WebClient' (OnClassCondition)

   WebClientAutoConfiguration#webClientBuilder matched:
      - @ConditionalOnMissingBean (types: org.springframework.web.reactive.function.client.WebClient$Builder; SearchStrategy: all) did not find any beans (OnBeanCondition)

   WebClientAutoConfiguration#webClientSsl matched:
      - @ConditionalOnBean (types: org.springframework.boot.ssl.SslBundles; SearchStrategy: all) found bean 'sslBundleRegistry'; @ConditionalOnMissingBean (types: org.springframework.boot.autoconfigure.web.reactive.function.client.WebClientSsl; SearchStrategy: all) did not find any beans (OnBeanCondition)

   WebClientAutoConfiguration.WebClientCodecsConfiguration matched:
      - @ConditionalOnBean (types: org.springframework.boot.web.codec.CodecCustomizer; SearchStrategy: all) found beans 'jacksonCodecCustomizer', 'defaultCodecCustomizer' (OnBeanCondition)

   WebClientAutoConfiguration.WebClientCodecsConfiguration#exchangeStrategiesCustomizer matched:
      - @ConditionalOnMissingBean (types: org.springframework.boot.autoconfigure.web.reactive.function.client.WebClientCodecCustomizer; SearchStrategy: all) did not find any beans (OnBeanCondition)

   WebMvcAutoConfiguration matched:
      - @ConditionalOnClass found required classes 'jakarta.servlet.Servlet', 'org.springframework.web.servlet.DispatcherServlet', 'org.springframework.web.servlet.config.annotation.WebMvcConfigurer' (OnClassCondition)
      - found 'session' scope (OnWebApplicationCondition)
      - @ConditionalOnMissingBean (types: org.springframework.web.servlet.config.annotation.WebMvcConfigurationSupport; SearchStrategy: all) did not find any beans (OnBeanCondition)

   WebMvcAutoConfiguration#formContentFilter matched:
      - @ConditionalOnProperty (spring.mvc.formcontent.filter.enabled) matched (OnPropertyCondition)
      - @ConditionalOnMissingBean (types: org.springframework.web.filter.FormContentFilter; SearchStrategy: all) did not find any beans (OnBeanCondition)

   WebMvcAutoConfiguration.EnableWebMvcConfiguration#flashMapManager matched:
      - @ConditionalOnMissingBean (names: flashMapManager; SearchStrategy: all) did not find any beans (OnBeanCondition)

   WebMvcAutoConfiguration.EnableWebMvcConfiguration#localeResolver matched:
      - @ConditionalOnMissingBean (names: localeResolver; SearchStrategy: all) did not find any beans (OnBeanCondition)

   WebMvcAutoConfiguration.EnableWebMvcConfiguration#themeResolver matched:
      - @ConditionalOnMissingBean (names: themeResolver; SearchStrategy: all) did not find any beans (OnBeanCondition)

   WebMvcAutoConfiguration.EnableWebMvcConfiguration#viewNameTranslator matched:
      - @ConditionalOnMissingBean (names: viewNameTranslator; SearchStrategy: all) did not find any beans (OnBeanCondition)

   WebMvcAutoConfiguration.WebMvcAutoConfigurationAdapter#defaultViewResolver matched:
      - @ConditionalOnMissingBean (types: org.springframework.web.servlet.view.InternalResourceViewResolver; SearchStrategy: all) did not find any beans (OnBeanCondition)

   WebMvcAutoConfiguration.WebMvcAutoConfigurationAdapter#requestContextFilter matched:
      - @ConditionalOnMissingBean (types: org.springframework.web.context.request.RequestContextListener,org.springframework.web.filter.RequestContextFilter; SearchStrategy: all) did not find any beans (OnBeanCondition)

   WebMvcAutoConfiguration.WebMvcAutoConfigurationAdapter#viewResolver matched:
      - @ConditionalOnBean (types: org.springframework.web.servlet.ViewResolver; SearchStrategy: all) found beans 'defaultViewResolver', 'beanNameViewResolver', 'mvcViewResolver'; @ConditionalOnMissingBean (names: viewResolver types: org.springframework.web.servlet.view.ContentNegotiatingViewResolver; SearchStrategy: all) did not find any beans (OnBeanCondition)

   WebSocketServletAutoConfiguration matched:
      - @ConditionalOnClass found required classes 'jakarta.servlet.Servlet', 'jakarta.websocket.server.ServerContainer' (OnClassCondition)
      - found 'session' scope (OnWebApplicationCondition)

   WebSocketServletAutoConfiguration.TomcatWebSocketConfiguration matched:
      - @ConditionalOnClass found required classes 'org.apache.catalina.startup.Tomcat', 'org.apache.tomcat.websocket.server.WsSci' (OnClassCondition)

   WebSocketServletAutoConfiguration.TomcatWebSocketConfiguration#websocketServletWebServerCustomizer matched:
      - @ConditionalOnMissingBean (names: websocketServletWebServerCustomizer; SearchStrategy: all) did not find any beans (OnBeanCondition)


Negative matches:
-----------------

   ActiveMQAutoConfiguration:
      Did not match:
         - @ConditionalOnClass did not find required class 'jakarta.jms.ConnectionFactory' (OnClassCondition)

   AopAutoConfiguration.AspectJAutoProxyingConfiguration.JdkDynamicAutoProxyConfiguration:
      Did not match:
         - @ConditionalOnProperty (spring.aop.proxy-target-class=false) did not find property 'proxy-target-class' (OnPropertyCondition)

   AopAutoConfiguration.ClassProxyingConfiguration:
      Did not match:
         - @ConditionalOnMissingClass found unwanted class 'org.aspectj.weaver.Advice' (OnClassCondition)

   ArtemisAutoConfiguration:
      Did not match:
         - @ConditionalOnClass did not find required class 'jakarta.jms.ConnectionFactory' (OnClassCondition)

   BatchAutoConfiguration:
      Did not match:
         - @ConditionalOnClass did not find required class 'org.springframework.batch.core.launch.JobLauncher' (OnClassCondition)

   Cache2kCacheConfiguration:
      Did not match:
         - @ConditionalOnClass did not find required class 'org.cache2k.Cache2kBuilder' (OnClassCondition)

   CacheAutoConfiguration:
      Did not match:
         - @ConditionalOnBean (types: org.springframework.cache.interceptor.CacheAspectSupport; SearchStrategy: all) did not find any beans of type org.springframework.cache.interceptor.CacheAspectSupport (OnBeanCondition)
      Matched:
         - @ConditionalOnClass found required class 'org.springframework.cache.CacheManager' (OnClassCondition)

   CacheAutoConfiguration.CacheManagerEntityManagerFactoryDependsOnPostProcessor:
      Did not match:
         - Ancestor org.springframework.boot.autoconfigure.cache.CacheAutoConfiguration did not match (ConditionEvaluationReport.AncestorsMatchedCondition)
      Matched:
         - @ConditionalOnClass found required class 'org.springframework.orm.jpa.LocalContainerEntityManagerFactoryBean' (OnClassCondition)

   CaffeineCacheConfiguration:
      Did not match:
         - @ConditionalOnClass did not find required class 'com.github.benmanes.caffeine.cache.Caffeine' (OnClassCondition)

   CassandraAutoConfiguration:
      Did not match:
         - @ConditionalOnClass did not find required class 'com.datastax.oss.driver.api.core.CqlSession' (OnClassCondition)

   CassandraDataAutoConfiguration:
      Did not match:
         - @ConditionalOnClass did not find required class 'com.datastax.oss.driver.api.core.CqlSession' (OnClassCondition)

   CassandraReactiveDataAutoConfiguration:
      Did not match:
         - @ConditionalOnClass did not find required class 'com.datastax.oss.driver.api.core.CqlSession' (OnClassCondition)

   CassandraReactiveRepositoriesAutoConfiguration:
      Did not match:
         - @ConditionalOnClass did not find required class 'org.springframework.data.cassandra.ReactiveSession' (OnClassCondition)

   CassandraRepositoriesAutoConfiguration:
      Did not match:
         - @ConditionalOnClass did not find required class 'com.datastax.oss.driver.api.core.CqlSession' (OnClassCondition)

   ClientHttpConnectorFactoryConfiguration.HttpClient5:
      Did not match:
         - @ConditionalOnClass did not find required classes 'org.apache.hc.client5.http.impl.async.HttpAsyncClients', 'org.apache.hc.core5.http.nio.AsyncRequestProducer', 'org.apache.hc.core5.reactive.ReactiveResponseConsumer' (OnClassCondition)

   ClientHttpConnectorFactoryConfiguration.JdkClient:
      Did not match:
         - @ConditionalOnMissingBean (types: org.springframework.boot.autoconfigure.web.reactive.function.client.ClientHttpConnectorFactory; SearchStrategy: all) found beans of type 'org.springframework.boot.autoconfigure.web.reactive.function.client.ClientHttpConnectorFactory' reactorClientHttpConnectorFactory (OnBeanCondition)
      Matched:
         - @ConditionalOnClass found required class 'java.net.http.HttpClient' (OnClassCondition)

   CouchbaseAutoConfiguration:
      Did not match:
         - @ConditionalOnClass did not find required class 'com.couchbase.client.java.Cluster' (OnClassCondition)

   CouchbaseCacheConfiguration:
      Did not match:
         - @ConditionalOnClass did not find required class 'com.couchbase.client.java.Cluster' (OnClassCondition)

   CouchbaseDataAutoConfiguration:
      Did not match:
         - @ConditionalOnClass did not find required class 'com.couchbase.client.java.Bucket' (OnClassCondition)

   CouchbaseReactiveDataAutoConfiguration:
      Did not match:
         - @ConditionalOnClass did not find required class 'com.couchbase.client.java.Cluster' (OnClassCondition)

   CouchbaseReactiveRepositoriesAutoConfiguration:
      Did not match:
         - @ConditionalOnClass did not find required class 'com.couchbase.client.java.Cluster' (OnClassCondition)

   CouchbaseRepositoriesAutoConfiguration:
      Did not match:
         - @ConditionalOnClass did not find required class 'com.couchbase.client.java.Bucket' (OnClassCondition)

   DataSourceAutoConfiguration.EmbeddedDatabaseConfiguration:
      Did not match:
         - EmbeddedDataSource spring.datasource.url is set (DataSourceAutoConfiguration.EmbeddedDatabaseCondition)

   DataSourceCheckpointRestoreConfiguration:
      Did not match:
         - @ConditionalOnClass did not find required class 'org.crac.Resource' (OnClassCondition)

   DataSourceConfiguration.Dbcp2:
      Did not match:
         - @ConditionalOnClass did not find required class 'org.apache.commons.dbcp2.BasicDataSource' (OnClassCondition)

   DataSourceConfiguration.Generic:
      Did not match:
         - @ConditionalOnProperty (spring.datasource.type) did not find property 'spring.datasource.type' (OnPropertyCondition)

   DataSourceConfiguration.OracleUcp:
      Did not match:
         - @ConditionalOnClass did not find required classes 'oracle.ucp.jdbc.PoolDataSourceImpl', 'oracle.jdbc.OracleConnection' (OnClassCondition)

   DataSourceConfiguration.Tomcat:
      Did not match:
         - @ConditionalOnClass did not find required class 'org.apache.tomcat.jdbc.pool.DataSource' (OnClassCondition)

   DataSourceJmxConfiguration:
      Did not match:
         - @ConditionalOnProperty (spring.jmx.enabled=true) found different value in property 'enabled' (OnPropertyCondition)

   DataSourcePoolMetadataProvidersConfiguration.CommonsDbcp2PoolDataSourceMetadataProviderConfiguration:
      Did not match:
         - @ConditionalOnClass did not find required class 'org.apache.commons.dbcp2.BasicDataSource' (OnClassCondition)

   DataSourcePoolMetadataProvidersConfiguration.OracleUcpPoolDataSourceMetadataProviderConfiguration:
      Did not match:
         - @ConditionalOnClass did not find required classes 'oracle.ucp.jdbc.PoolDataSource', 'oracle.jdbc.OracleConnection' (OnClassCondition)

   DataSourcePoolMetadataProvidersConfiguration.TomcatDataSourcePoolMetadataProviderConfiguration:
      Did not match:
         - @ConditionalOnClass did not find required class 'org.apache.tomcat.jdbc.pool.DataSource' (OnClassCondition)

   DataSourceTransactionManagerAutoConfiguration.JdbcTransactionManagerConfiguration#transactionManager:
      Did not match:
         - @ConditionalOnMissingBean (types: org.springframework.transaction.TransactionManager; SearchStrategy: all) found beans of type 'org.springframework.transaction.TransactionManager' transactionManager (OnBeanCondition)

   DispatcherServletAutoConfiguration.DispatcherServletConfiguration#multipartResolver:
      Did not match:
         - @ConditionalOnBean (types: org.springframework.web.multipart.MultipartResolver; SearchStrategy: all) did not find any beans of type org.springframework.web.multipart.MultipartResolver (OnBeanCondition)

   ElasticsearchClientAutoConfiguration:
      Did not match:
         - @ConditionalOnClass did not find required class 'co.elastic.clients.elasticsearch.ElasticsearchClient' (OnClassCondition)

   ElasticsearchDataAutoConfiguration:
      Did not match:
         - @ConditionalOnClass did not find required class 'org.springframework.data.elasticsearch.client.elc.ElasticsearchTemplate' (OnClassCondition)

   ElasticsearchRepositoriesAutoConfiguration:
      Did not match:
         - @ConditionalOnClass did not find required class 'org.springframework.data.elasticsearch.repository.ElasticsearchRepository' (OnClassCondition)

   ElasticsearchRestClientAutoConfiguration:
      Did not match:
         - @ConditionalOnClass did not find required class 'org.elasticsearch.client.RestClientBuilder' (OnClassCondition)

   EmbeddedLdapAutoConfiguration:
      Did not match:
         - @ConditionalOnClass did not find required class 'com.unboundid.ldap.listener.InMemoryDirectoryServer' (OnClassCondition)

   EmbeddedWebServerFactoryCustomizerAutoConfiguration.JettyWebServerFactoryCustomizerConfiguration:
      Did not match:
         - @ConditionalOnClass did not find required classes 'org.eclipse.jetty.server.Server', 'org.eclipse.jetty.util.Loader', 'org.eclipse.jetty.ee10.webapp.WebAppContext' (OnClassCondition)

   EmbeddedWebServerFactoryCustomizerAutoConfiguration.TomcatWebServerFactoryCustomizerConfiguration#tomcatVirtualThreadsProtocolHandlerCustomizer:
      Did not match:
         - @ConditionalOnThreading did not find VIRTUAL (OnThreadingCondition)

   EmbeddedWebServerFactoryCustomizerAutoConfiguration.UndertowWebServerFactoryCustomizerConfiguration:
      Did not match:
         - @ConditionalOnClass did not find required classes 'io.undertow.Undertow', 'org.xnio.SslClientAuthMode' (OnClassCondition)

   ErrorWebFluxAutoConfiguration:
      Did not match:
         - not a reactive web application (OnWebApplicationCondition)
      Matched:
         - @ConditionalOnClass found required class 'org.springframework.web.reactive.config.WebFluxConfigurer' (OnClassCondition)

   FlywayAutoConfiguration:
      Did not match:
         - @ConditionalOnClass did not find required class 'org.flywaydb.core.Flyway' (OnClassCondition)

   FreeMarkerAutoConfiguration:
      Did not match:
         - @ConditionalOnClass did not find required class 'freemarker.template.Configuration' (OnClassCondition)

   GraphQlAutoConfiguration:
      Did not match:
         - @ConditionalOnClass did not find required class 'graphql.GraphQL' (OnClassCondition)

   GraphQlQueryByExampleAutoConfiguration:
      Did not match:
         - @ConditionalOnClass did not find required class 'graphql.GraphQL' (OnClassCondition)

   GraphQlQuerydslAutoConfiguration:
      Did not match:
         - @ConditionalOnClass did not find required class 'com.querydsl.core.Query' (OnClassCondition)

   GraphQlRSocketAutoConfiguration:
      Did not match:
         - @ConditionalOnClass did not find required class 'graphql.GraphQL' (OnClassCondition)

   GraphQlReactiveQueryByExampleAutoConfiguration:
      Did not match:
         - @ConditionalOnClass did not find required class 'graphql.GraphQL' (OnClassCondition)

   GraphQlReactiveQuerydslAutoConfiguration:
      Did not match:
         - @ConditionalOnClass did not find required class 'com.querydsl.core.Query' (OnClassCondition)

   GraphQlWebFluxAutoConfiguration:
      Did not match:
         - @ConditionalOnClass did not find required class 'graphql.GraphQL' (OnClassCondition)

   GraphQlWebFluxSecurityAutoConfiguration:
      Did not match:
         - @ConditionalOnClass did not find required class 'graphql.GraphQL' (OnClassCondition)

   GraphQlWebMvcAutoConfiguration:
      Did not match:
         - @ConditionalOnClass did not find required class 'graphql.GraphQL' (OnClassCondition)

   GraphQlWebMvcSecurityAutoConfiguration:
      Did not match:
         - @ConditionalOnClass did not find required class 'graphql.GraphQL' (OnClassCondition)

   GroovyTemplateAutoConfiguration:
      Did not match:
         - @ConditionalOnClass did not find required class 'groovy.text.markup.MarkupTemplateEngine' (OnClassCondition)

   GsonAutoConfiguration:
      Did not match:
         - @ConditionalOnClass did not find required class 'com.google.gson.Gson' (OnClassCondition)

   GsonHttpMessageConvertersConfiguration:
      Did not match:
         - @ConditionalOnClass did not find required class 'com.google.gson.Gson' (OnClassCondition)

   H2ConsoleAutoConfiguration:
      Did not match:
         - @ConditionalOnProperty (spring.h2.console.enabled=true) did not find property 'enabled' (OnPropertyCondition)
      Matched:
         - @ConditionalOnClass found required class 'org.h2.server.web.JakartaWebServlet' (OnClassCondition)
         - found 'session' scope (OnWebApplicationCondition)

   HazelcastAutoConfiguration:
      Did not match:
         - @ConditionalOnClass did not find required class 'com.hazelcast.core.HazelcastInstance' (OnClassCondition)

   HazelcastCacheConfiguration:
      Did not match:
         - @ConditionalOnClass did not find required class 'com.hazelcast.core.HazelcastInstance' (OnClassCondition)

   HazelcastJpaDependencyAutoConfiguration:
      Did not match:
         - @ConditionalOnClass did not find required class 'com.hazelcast.core.HazelcastInstance' (OnClassCondition)

   HttpHandlerAutoConfiguration:
      Did not match:
         - not a reactive web application (OnWebApplicationCondition)
      Matched:
         - @ConditionalOnClass found required classes 'org.springframework.web.reactive.DispatcherHandler', 'org.springframework.http.server.reactive.HttpHandler' (OnClassCondition)

   HypermediaAutoConfiguration:
      Did not match:
         - @ConditionalOnClass did not find required class 'org.springframework.hateoas.EntityModel' (OnClassCondition)

   InfinispanCacheConfiguration:
      Did not match:
         - @ConditionalOnClass did not find required class 'org.infinispan.spring.embedded.provider.SpringEmbeddedCacheManager' (OnClassCondition)

   IntegrationAutoConfiguration:
      Did not match:
         - @ConditionalOnClass did not find required class 'org.springframework.integration.config.EnableIntegration' (OnClassCondition)

   JCacheCacheConfiguration:
      Did not match:
         - @ConditionalOnClass did not find required class 'javax.cache.Caching' (OnClassCondition)

   JacksonHttpMessageConvertersConfiguration.MappingJackson2XmlHttpMessageConverterConfiguration:
      Did not match:
         - @ConditionalOnClass did not find required class 'com.fasterxml.jackson.dataformat.xml.XmlMapper' (OnClassCondition)

   JdbcRepositoriesAutoConfiguration:
      Did not match:
         - @ConditionalOnClass did not find required class 'org.springframework.data.jdbc.repository.config.AbstractJdbcConfiguration' (OnClassCondition)

   JerseyAutoConfiguration:
      Did not match:
         - @ConditionalOnClass did not find required class 'org.glassfish.jersey.server.spring.SpringComponentProvider' (OnClassCondition)

   JmsAutoConfiguration:
      Did not match:
         - @ConditionalOnClass did not find required class 'jakarta.jms.Message' (OnClassCondition)

   JmxAutoConfiguration:
      Did not match:
         - @ConditionalOnProperty (spring.jmx.enabled=true) found different value in property 'enabled' (OnPropertyCondition)
      Matched:
         - @ConditionalOnClass found required class 'org.springframework.jmx.export.MBeanExporter' (OnClassCondition)

   JndiConnectionFactoryAutoConfiguration:
      Did not match:
         - @ConditionalOnClass did not find required class 'org.springframework.jms.core.JmsTemplate' (OnClassCondition)

   JndiDataSourceAutoConfiguration:
      Did not match:
         - @ConditionalOnProperty (spring.datasource.jndi-name) did not find property 'jndi-name' (OnPropertyCondition)
      Matched:
         - @ConditionalOnClass found required classes 'javax.sql.DataSource', 'org.springframework.jdbc.datasource.embedded.EmbeddedDatabaseType' (OnClassCondition)

   JndiJtaConfiguration:
      Did not match:
         - @ConditionalOnJndi JNDI environment is not available (OnJndiCondition)
      Matched:
         - @ConditionalOnClass found required class 'org.springframework.transaction.jta.JtaTransactionManager' (OnClassCondition)

   JooqAutoConfiguration:
      Did not match:
         - @ConditionalOnClass did not find required class 'org.jooq.DSLContext' (OnClassCondition)

   JpaRepositoriesAutoConfiguration#entityManagerFactoryBootstrapExecutorCustomizer:
      Did not match:
         - AnyNestedCondition 0 matched 2 did not; NestedCondition on JpaRepositoriesAutoConfiguration.BootstrapExecutorCondition.LazyBootstrapMode @ConditionalOnProperty (spring.data.jpa.repositories.bootstrap-mode=lazy) did not find property 'bootstrap-mode'; NestedCondition on JpaRepositoriesAutoConfiguration.BootstrapExecutorCondition.DeferredBootstrapMode @ConditionalOnProperty (spring.data.jpa.repositories.bootstrap-mode=deferred) did not find property 'bootstrap-mode' (JpaRepositoriesAutoConfiguration.BootstrapExecutorCondition)

   JsonbAutoConfiguration:
      Did not match:
         - @ConditionalOnClass did not find required class 'jakarta.json.bind.Jsonb' (OnClassCondition)

   JsonbHttpMessageConvertersConfiguration:
      Did not match:
         - @ConditionalOnClass did not find required class 'jakarta.json.bind.Jsonb' (OnClassCondition)

   KafkaAutoConfiguration:
      Did not match:
         - @ConditionalOnClass did not find required class 'org.springframework.kafka.core.KafkaTemplate' (OnClassCondition)

   LdapAutoConfiguration:
      Did not match:
         - @ConditionalOnClass did not find required class 'org.springframework.ldap.core.ContextSource' (OnClassCondition)

   LdapRepositoriesAutoConfiguration:
      Did not match:
         - @ConditionalOnClass did not find required class 'org.springframework.data.ldap.repository.LdapRepository' (OnClassCondition)

   LiquibaseAutoConfiguration:
      Did not match:
         - @ConditionalOnClass did not find required class 'liquibase.change.DatabaseChange' (OnClassCondition)

   MailSenderAutoConfiguration:
      Did not match:
         - AnyNestedCondition 0 matched 2 did not; NestedCondition on MailSenderAutoConfiguration.MailSenderCondition.JndiNameProperty @ConditionalOnProperty (spring.mail.jndi-name) did not find property 'jndi-name'; NestedCondition on MailSenderAutoConfiguration.MailSenderCondition.HostProperty @ConditionalOnProperty (spring.mail.host) did not find property 'host' (MailSenderAutoConfiguration.MailSenderCondition)
      Matched:
         - @ConditionalOnClass found required classes 'jakarta.mail.internet.MimeMessage', 'jakarta.activation.MimeType', 'org.springframework.mail.MailSender' (OnClassCondition)

   MailSenderValidatorAutoConfiguration:
      Did not match:
         - @ConditionalOnProperty (spring.mail.test-connection) did not find property 'test-connection' (OnPropertyCondition)

   MessageSourceAutoConfiguration:
      Did not match:
         - ResourceBundle did not find bundle with basename messages (MessageSourceAutoConfiguration.ResourceBundleCondition)

   MongoAutoConfiguration:
      Did not match:
         - @ConditionalOnClass did not find required class 'com.mongodb.client.MongoClient' (OnClassCondition)

   MongoDataAutoConfiguration:
      Did not match:
         - @ConditionalOnClass did not find required class 'com.mongodb.client.MongoClient' (OnClassCondition)

   MongoReactiveAutoConfiguration:
      Did not match:
         - @ConditionalOnClass did not find required class 'com.mongodb.reactivestreams.client.MongoClient' (OnClassCondition)

   MongoReactiveDataAutoConfiguration:
      Did not match:
         - @ConditionalOnClass did not find required class 'com.mongodb.reactivestreams.client.MongoClient' (OnClassCondition)

   MongoReactiveRepositoriesAutoConfiguration:
      Did not match:
         - @ConditionalOnClass did not find required class 'com.mongodb.reactivestreams.client.MongoClient' (OnClassCondition)

   MongoRepositoriesAutoConfiguration:
      Did not match:
         - @ConditionalOnClass did not find required class 'com.mongodb.client.MongoClient' (OnClassCondition)

   MustacheAutoConfiguration:
      Did not match:
         - @ConditionalOnClass did not find required class 'com.samskivert.mustache.Mustache' (OnClassCondition)

   Neo4jAutoConfiguration:
      Did not match:
         - @ConditionalOnClass did not find required class 'org.neo4j.driver.Driver' (OnClassCondition)

   Neo4jDataAutoConfiguration:
      Did not match:
         - @ConditionalOnClass did not find required class 'org.neo4j.driver.Driver' (OnClassCondition)

   Neo4jReactiveDataAutoConfiguration:
      Did not match:
         - @ConditionalOnClass did not find required class 'org.neo4j.driver.Driver' (OnClassCondition)

   Neo4jReactiveRepositoriesAutoConfiguration:
      Did not match:
         - @ConditionalOnClass did not find required class 'org.neo4j.driver.Driver' (OnClassCondition)

   Neo4jRepositoriesAutoConfiguration:
      Did not match:
         - @ConditionalOnClass did not find required class 'org.neo4j.driver.Driver' (OnClassCondition)

   OAuth2AuthorizationServerAutoConfiguration:
      Did not match:
         - @ConditionalOnClass did not find required class 'org.springframework.security.oauth2.server.authorization.OAuth2Authorization' (OnClassCondition)

   OAuth2AuthorizationServerJwtAutoConfiguration:
      Did not match:
         - @ConditionalOnClass did not find required class 'org.springframework.security.oauth2.server.authorization.OAuth2Authorization' (OnClassCondition)

   OAuth2ClientAutoConfiguration:
      Did not match:
         - @ConditionalOnClass did not find required class 'org.springframework.security.config.annotation.web.configuration.EnableWebSecurity' (OnClassCondition)

   OAuth2ResourceServerAutoConfiguration:
      Did not match:
         - @ConditionalOnClass did not find required class 'org.springframework.security.oauth2.server.resource.authentication.BearerTokenAuthenticationToken' (OnClassCondition)

   ProjectInfoAutoConfiguration#buildProperties:
      Did not match:
         - @ConditionalOnResource did not find resource '${spring.info.build.location:classpath:META-INF/build-info.properties}' (OnResourceCondition)

   ProjectInfoAutoConfiguration#gitProperties:
      Did not match:
         - GitResource did not find git info at classpath:git.properties (ProjectInfoAutoConfiguration.GitResourceAvailableCondition)

   PulsarAutoConfiguration:
      Did not match:
         - @ConditionalOnClass did not find required class 'org.apache.pulsar.client.api.PulsarClient' (OnClassCondition)

   PulsarReactiveAutoConfiguration:
      Did not match:
         - @ConditionalOnClass did not find required class 'org.apache.pulsar.client.api.PulsarClient' (OnClassCondition)

   QuartzAutoConfiguration:
      Did not match:
         - @ConditionalOnClass did not find required class 'org.quartz.Scheduler' (OnClassCondition)

   R2dbcAutoConfiguration:
      Did not match:
         - @ConditionalOnClass did not find required class 'io.r2dbc.spi.ConnectionFactory' (OnClassCondition)

   R2dbcDataAutoConfiguration:
      Did not match:
         - @ConditionalOnClass did not find required class 'org.springframework.data.r2dbc.core.R2dbcEntityTemplate' (OnClassCondition)

   R2dbcProxyAutoConfiguration:
      Did not match:
         - @ConditionalOnClass did not find required class 'io.r2dbc.proxy.ProxyConnectionFactory' (OnClassCondition)

   R2dbcRepositoriesAutoConfiguration:
      Did not match:
         - @ConditionalOnClass did not find required class 'io.r2dbc.spi.ConnectionFactory' (OnClassCondition)

   R2dbcTransactionManagerAutoConfiguration:
      Did not match:
         - @ConditionalOnClass did not find required class 'org.springframework.r2dbc.connection.R2dbcTransactionManager' (OnClassCondition)

   RSocketGraphQlClientAutoConfiguration:
      Did not match:
         - @ConditionalOnClass did not find required class 'graphql.GraphQL' (OnClassCondition)

   RSocketMessagingAutoConfiguration:
      Did not match:
         - @ConditionalOnClass did not find required class 'io.rsocket.RSocket' (OnClassCondition)

   RSocketRequesterAutoConfiguration:
      Did not match:
         - @ConditionalOnClass did not find required class 'io.rsocket.RSocket' (OnClassCondition)

   RSocketSecurityAutoConfiguration:
      Did not match:
         - @ConditionalOnClass did not find required class 'org.springframework.security.rsocket.core.SecuritySocketAcceptorInterceptor' (OnClassCondition)

   RSocketServerAutoConfiguration:
      Did not match:
         - @ConditionalOnClass did not find required class 'io.rsocket.core.RSocketServer' (OnClassCondition)

   RSocketStrategiesAutoConfiguration:
      Did not match:
         - @ConditionalOnClass did not find required class 'io.rsocket.RSocket' (OnClassCondition)

   RabbitAutoConfiguration:
      Did not match:
         - @ConditionalOnClass did not find required class 'com.rabbitmq.client.Channel' (OnClassCondition)

   ReactiveElasticsearchClientAutoConfiguration:
      Did not match:
         - @ConditionalOnClass did not find required class 'co.elastic.clients.transport.ElasticsearchTransport' (OnClassCondition)

   ReactiveElasticsearchRepositoriesAutoConfiguration:
      Did not match:
         - @ConditionalOnClass did not find required class 'org.springframework.data.elasticsearch.client.elc.ReactiveElasticsearchClient' (OnClassCondition)

   ReactiveMultipartAutoConfiguration:
      Did not match:
         - not a reactive web application (OnWebApplicationCondition)
      Matched:
         - @ConditionalOnClass found required classes 'org.springframework.http.codec.multipart.DefaultPartHttpMessageReader', 'org.springframework.web.reactive.config.WebFluxConfigurer' (OnClassCondition)

   ReactiveOAuth2ClientAutoConfiguration:
      Did not match:
         - @ConditionalOnClass did not find required class 'org.springframework.security.config.annotation.web.reactive.EnableWebFluxSecurity' (OnClassCondition)

   ReactiveOAuth2ResourceServerAutoConfiguration:
      Did not match:
         - @ConditionalOnClass did not find required class 'org.springframework.security.config.annotation.web.reactive.EnableWebFluxSecurity' (OnClassCondition)

   ReactiveSecurityAutoConfiguration:
      Did not match:
         - @ConditionalOnClass did not find required class 'org.springframework.security.config.annotation.web.reactive.EnableWebFluxSecurity' (OnClassCondition)

   ReactiveUserDetailsServiceAutoConfiguration:
      Did not match:
         - @ConditionalOnClass did not find required class 'org.springframework.security.authentication.ReactiveAuthenticationManager' (OnClassCondition)

   ReactiveWebServerFactoryAutoConfiguration:
      Did not match:
         - not a reactive web application (OnWebApplicationCondition)
      Matched:
         - @ConditionalOnClass found required class 'org.springframework.http.ReactiveHttpInputMessage' (OnClassCondition)

   RedisAutoConfiguration:
      Did not match:
         - @ConditionalOnClass did not find required class 'org.springframework.data.redis.core.RedisOperations' (OnClassCondition)

   RedisCacheConfiguration:
      Did not match:
         - @ConditionalOnClass did not find required class 'org.springframework.data.redis.connection.RedisConnectionFactory' (OnClassCondition)

   RedisReactiveAutoConfiguration:
      Did not match:
         - @ConditionalOnClass did not find required class 'org.springframework.data.redis.connection.ReactiveRedisConnectionFactory' (OnClassCondition)

   RedisRepositoriesAutoConfiguration:
      Did not match:
         - @ConditionalOnClass did not find required class 'org.springframework.data.redis.repository.configuration.EnableRedisRepositories' (OnClassCondition)

   RepositoryRestMvcAutoConfiguration:
      Did not match:
         - @ConditionalOnClass did not find required class 'org.springframework.data.rest.webmvc.config.RepositoryRestMvcConfiguration' (OnClassCondition)

   Saml2RelyingPartyAutoConfiguration:
      Did not match:
         - @ConditionalOnClass did not find required class 'org.springframework.security.saml2.provider.service.registration.RelyingPartyRegistrationRepository' (OnClassCondition)

   SecurityAutoConfiguration:
      Did not match:
         - @ConditionalOnClass did not find required class 'org.springframework.security.authentication.DefaultAuthenticationEventPublisher' (OnClassCondition)

   SecurityFilterAutoConfiguration:
      Did not match:
         - @ConditionalOnClass did not find required class 'org.springframework.security.config.http.SessionCreationPolicy' (OnClassCondition)

   SendGridAutoConfiguration:
      Did not match:
         - @ConditionalOnClass did not find required class 'com.sendgrid.SendGrid' (OnClassCondition)

   ServletWebServerFactoryAutoConfiguration.ForwardedHeaderFilterConfiguration:
      Did not match:
         - @ConditionalOnProperty (server.forward-headers-strategy=framework) did not find property 'server.forward-headers-strategy' (OnPropertyCondition)

   ServletWebServerFactoryConfiguration.EmbeddedJetty:
      Did not match:
         - @ConditionalOnClass did not find required classes 'org.eclipse.jetty.server.Server', 'org.eclipse.jetty.util.Loader', 'org.eclipse.jetty.ee10.webapp.WebAppContext' (OnClassCondition)

   ServletWebServerFactoryConfiguration.EmbeddedUndertow:
      Did not match:
         - @ConditionalOnClass did not find required classes 'io.undertow.Undertow', 'org.xnio.SslClientAuthMode' (OnClassCondition)

   SessionAutoConfiguration:
      Did not match:
         - @ConditionalOnClass did not find required class 'org.springframework.session.Session' (OnClassCondition)

   SpringApplicationAdminJmxAutoConfiguration:
      Did not match:
         - @ConditionalOnProperty (spring.application.admin.enabled=true) did not find property 'enabled' (OnPropertyCondition)

   SqlInitializationAutoConfiguration:
      Did not match:
         - NoneNestedConditions 1 matched 0 did not; NestedCondition on SqlInitializationAutoConfiguration.SqlInitializationModeCondition.ModeIsNever @ConditionalOnProperty (spring.sql.init.mode=never) matched (SqlInitializationAutoConfiguration.SqlInitializationModeCondition)
      Matched:
         - @ConditionalOnProperty (spring.sql.init.enabled) matched (OnPropertyCondition)

   TaskExecutorConfigurations.SimpleAsyncTaskExecutorBuilderConfiguration#simpleAsyncTaskExecutorBuilderVirtualThreads:
      Did not match:
         - @ConditionalOnMissingBean (types: org.springframework.boot.task.SimpleAsyncTaskExecutorBuilder; SearchStrategy: all) found beans of type 'org.springframework.boot.task.SimpleAsyncTaskExecutorBuilder' simpleAsyncTaskExecutorBuilder (OnBeanCondition)

   TaskExecutorConfigurations.TaskExecutorConfiguration#applicationTaskExecutorVirtualThreads:
      Did not match:
         - @ConditionalOnThreading did not find VIRTUAL (OnThreadingCondition)

   TaskSchedulingAutoConfiguration#scheduledBeanLazyInitializationExcludeFilter:
      Did not match:
         - @ConditionalOnBean (names: org.springframework.context.annotation.internalScheduledAnnotationProcessor; SearchStrategy: all) did not find any beans named org.springframework.context.annotation.internalScheduledAnnotationProcessor (OnBeanCondition)

   TaskSchedulingConfigurations.SimpleAsyncTaskSchedulerBuilderConfiguration#simpleAsyncTaskSchedulerBuilderVirtualThreads:
      Did not match:
         - @ConditionalOnMissingBean (types: org.springframework.boot.task.SimpleAsyncTaskSchedulerBuilder; SearchStrategy: all) found beans of type 'org.springframework.boot.task.SimpleAsyncTaskSchedulerBuilder' simpleAsyncTaskSchedulerBuilder (OnBeanCondition)

   TaskSchedulingConfigurations.TaskSchedulerConfiguration:
      Did not match:
         - @ConditionalOnBean (names: org.springframework.context.annotation.internalScheduledAnnotationProcessor; SearchStrategy: all) did not find any beans named org.springframework.context.annotation.internalScheduledAnnotationProcessor (OnBeanCondition)

   ThymeleafAutoConfiguration:
      Did not match:
         - @ConditionalOnClass did not find required class 'org.thymeleaf.spring6.SpringTemplateEngine' (OnClassCondition)

   TransactionAutoConfiguration#transactionalOperator:
      Did not match:
         - @ConditionalOnSingleCandidate (types: org.springframework.transaction.ReactiveTransactionManager; SearchStrategy: all) did not find any beans (OnBeanCondition)

   TransactionAutoConfiguration.AspectJTransactionManagementConfiguration:
      Did not match:
         - @ConditionalOnBean (types: org.springframework.transaction.aspectj.AbstractTransactionAspect; SearchStrategy: all) did not find any beans of type org.springframework.transaction.aspectj.AbstractTransactionAspect (OnBeanCondition)

   TransactionAutoConfiguration.EnableTransactionManagementConfiguration.JdkDynamicAutoProxyConfiguration:
      Did not match:
         - @ConditionalOnProperty (spring.aop.proxy-target-class=false) did not find property 'proxy-target-class' (OnPropertyCondition)

   UserDetailsServiceAutoConfiguration:
      Did not match:
         - @ConditionalOnClass did not find required class 'org.springframework.security.authentication.AuthenticationManager' (OnClassCondition)

   WebFluxAutoConfiguration:
      Did not match:
         - not a reactive web application (OnWebApplicationCondition)
      Matched:
         - @ConditionalOnClass found required class 'org.springframework.web.reactive.config.WebFluxConfigurer' (OnClassCondition)

   WebMvcAutoConfiguration#hiddenHttpMethodFilter:
      Did not match:
         - @ConditionalOnProperty (spring.mvc.hiddenmethod.filter.enabled) did not find property 'enabled' (OnPropertyCondition)

   WebMvcAutoConfiguration.ProblemDetailsErrorHandlingConfiguration:
      Did not match:
         - @ConditionalOnProperty (spring.mvc.problemdetails.enabled=true) did not find property 'enabled' (OnPropertyCondition)

   WebMvcAutoConfiguration.ResourceChainCustomizerConfiguration:
      Did not match:
         - @ConditionalOnEnabledResourceChain did not find class org.webjars.WebJarVersionLocator (OnEnabledResourceChainCondition)

   WebMvcAutoConfiguration.WebMvcAutoConfigurationAdapter#beanNameViewResolver:
      Did not match:
         - @ConditionalOnMissingBean (types: org.springframework.web.servlet.view.BeanNameViewResolver; SearchStrategy: all) found beans of type 'org.springframework.web.servlet.view.BeanNameViewResolver' beanNameViewResolver (OnBeanCondition)

   WebServiceTemplateAutoConfiguration:
      Did not match:
         - @ConditionalOnClass did not find required class 'org.springframework.oxm.Marshaller' (OnClassCondition)

   WebServicesAutoConfiguration:
      Did not match:
         - @ConditionalOnClass did not find required class 'org.springframework.ws.transport.http.MessageDispatcherServlet' (OnClassCondition)

   WebSessionIdResolverAutoConfiguration:
      Did not match:
         - not a reactive web application (OnWebApplicationCondition)
      Matched:
         - @ConditionalOnClass found required classes 'org.springframework.web.server.session.WebSessionManager', 'reactor.core.publisher.Mono' (OnClassCondition)

   WebSocketMessagingAutoConfiguration:
      Did not match:
         - @ConditionalOnClass did not find required class 'org.springframework.web.socket.config.annotation.WebSocketMessageBrokerConfigurer' (OnClassCondition)

   WebSocketReactiveAutoConfiguration:
      Did not match:
         - not a reactive web application (OnWebApplicationCondition)
      Matched:
         - @ConditionalOnClass found required classes 'jakarta.servlet.Servlet', 'jakarta.websocket.server.ServerContainer' (OnClassCondition)

   WebSocketServletAutoConfiguration.JettyWebSocketConfiguration:
      Did not match:
         - @ConditionalOnClass did not find required class 'org.eclipse.jetty.ee10.websocket.jakarta.server.config.JakartaWebSocketServletContainerInitializer' (OnClassCondition)

   WebSocketServletAutoConfiguration.UndertowWebSocketConfiguration:
      Did not match:
         - @ConditionalOnClass did not find required class 'io.undertow.websockets.jsr.Bootstrap' (OnClassCondition)

   XADataSourceAutoConfiguration:
      Did not match:
         - @ConditionalOnBean (types: org.springframework.boot.jdbc.XADataSourceWrapper; SearchStrategy: all) did not find any beans of type org.springframework.boot.jdbc.XADataSourceWrapper (OnBeanCondition)
      Matched:
         - @ConditionalOnClass found required classes 'javax.sql.DataSource', 'jakarta.transaction.TransactionManager', 'org.springframework.jdbc.datasource.embedded.EmbeddedDatabaseType' (OnClassCondition)


Exclusions:
-----------

    None


Unconditional classes:
----------------------

    org.springframework.boot.autoconfigure.context.ConfigurationPropertiesAutoConfiguration

    org.springframework.boot.autoconfigure.ssl.SslAutoConfiguration

    org.springframework.boot.autoconfigure.context.PropertyPlaceholderAutoConfiguration

    org.springframework.boot.autoconfigure.context.LifecycleAutoConfiguration

    org.springframework.boot.autoconfigure.availability.ApplicationAvailabilityAutoConfiguration

    org.springframework.boot.autoconfigure.info.ProjectInfoAutoConfiguration



DEBUG o.s.b.a.ApplicationAvailabilityBean - Application availability state LivenessState changed to CORRECT
DEBUG o.s.b.a.ApplicationAvailabilityBean - Application availability state ReadinessState changed to ACCEPTING_TRAFFIC
INFO o.s.w.s.DispatcherServlet - Initializing Servlet 'dispatcherServlet'
DEBUG o.s.w.s.DispatcherServlet - Detected StandardServletMultipartResolver
DEBUG o.s.w.s.DispatcherServlet - Detected AcceptHeaderLocaleResolver
DEBUG o.s.w.s.DispatcherServlet - Detected FixedThemeResolver
DEBUG o.s.w.s.DispatcherServlet - Detected org.springframework.web.servlet.view.DefaultRequestToViewNameTranslator@529a2d6f
DEBUG o.s.w.s.DispatcherServlet - Detected org.springframework.web.servlet.support.SessionFlashMapManager@412bb41f
DEBUG o.s.w.s.DispatcherServlet - enableLoggingRequestDetails='false': request parameters and headers will be masked to prevent unsafe logging of potentially sensitive data
INFO o.s.w.s.DispatcherServlet - Completed initialization in 1 ms
DEBUG o.s.w.s.DispatcherServlet - GET "/api/v1/restaurants/list?searchText=&page=0&size=1", parameters={masked}
DEBUG o.s.w.s.m.m.a.RequestMappingHandlerMapping - Mapped to com.Restaurant_Management.System.api.RestaurantController#getAllRestaurant(String, int, int)
DEBUG org.hibernate.SQL - select r1_0.restaurant_id from restaurant r1_0 where r1_0.restaurant_name=? fetch first ? rows only
DEBUG org.hibernate.SQL - SELECT COUNT(*) FROM restaurant WHERE restaurant_name LIKE ? OR restaurant_address LIKE ?
DEBUG org.hibernate.SQL - SELECT * FROM restaurant WHERE restaurant_name LIKE ? OR restaurant_address LIKE ? OR city LIKE ? OR restaurant_type LIKE ? fetch first ? rows only
DEBUG o.s.w.s.m.m.a.HttpEntityMethodProcessor - Using 'application/json', given [*/*] and supported [application/json, application/*+json]
DEBUG o.s.w.s.m.m.a.HttpEntityMethodProcessor - Writing [com.Restaurant_Management.System.util.StandardResponseDto@3ad45369]
DEBUG o.s.w.s.DispatcherServlet - Completed 200 OK
DEBUG o.s.w.s.DispatcherServlet - GET "/api/v1/restaurants/list?searchText=&page=0&size=100", parameters={masked}
DEBUG o.s.w.s.m.m.a.RequestMappingHandlerMapping - Mapped to com.Restaurant_Management.System.api.RestaurantController#getAllRestaurant(String, int, int)
DEBUG org.hibernate.SQL - select r1_0.restaurant_id from restaurant r1_0 where r1_0.restaurant_name=? fetch first ? rows only
DEBUG org.hibernate.SQL - SELECT COUNT(*) FROM restaurant WHERE restaurant_name LIKE ? OR restaurant_address LIKE ?
DEBUG org.hibernate.SQL - SELECT * FROM restaurant WHERE restaurant_name LIKE ? OR restaurant_address LIKE ? OR city LIKE ? OR restaurant_type LIKE ? fetch first ? rows only
DEBUG o.s.w.s.m.m.a.HttpEntityMethodProcessor - Using 'application/json', given [*/*] and supported [application/json, application/*+json]
DEBUG o.s.w.s.m.m.a.HttpEntityMethodProcessor - Writing [com.Restaurant_Management.System.util.StandardResponseDto@5645ee1d]
DEBUG o.s.w.s.DispatcherServlet - Completed 200 OK
DEBUG o.s.w.s.DispatcherServlet - GET "/api/v1/restaurants/list?searchText=&page=0&size=0", parameters={masked}
DEBUG o.s.w.s.m.m.a.RequestMappingHandlerMapping - Mapped to com.Restaurant_Management.System.api.RestaurantController#getAllRestaurant(String, int, int)
DEBUG o.s.w.s.m.m.a.ExceptionHandlerExceptionResolver - Using @ExceptionHandler com.Restaurant_Management.System.adviser.AppWideExceptionHandler#handleBadRequestException(BadRequestException)
DEBUG o.s.w.s.m.m.a.HttpEntityMethodProcessor - Using 'application/json', given [*/*] and supported [application/json, application/*+json]
DEBUG o.s.w.s.m.m.a.HttpEntityMethodProcessor - Writing [com.Restaurant_Management.System.util.StandardResponseDto@405b8b80]
DEBUG o.s.w.s.m.m.a.ExceptionHandlerExceptionResolver - Resolved [com.Restaurant_Management.System.exception.BadRequestException: Page must be non-negative and size must be between 1 and 100]
DEBUG o.s.w.s.DispatcherServlet - Completed 400 BAD_REQUEST
DEBUG o.s.w.s.DispatcherServlet - GET "/api/v1/restaurants/list?searchText=&page=0&size=101", parameters={masked}
DEBUG o.s.w.s.m.m.a.RequestMappingHandlerMapping - Mapped to com.Restaurant_Management.System.api.RestaurantController#getAllRestaurant(String, int, int)
DEBUG o.s.w.s.m.m.a.ExceptionHandlerExceptionResolver - Using @ExceptionHandler com.Restaurant_Management.System.adviser.AppWideExceptionHandler#handleBadRequestException(BadRequestException)
DEBUG o.s.w.s.m.m.a.HttpEntityMethodProcessor - Using 'application/json', given [*/*] and supported [application/json, application/*+json]
DEBUG o.s.w.s.m.m.a.HttpEntityMethodProcessor - Writing [com.Restaurant_Management.System.util.StandardResponseDto@3e02ef3b]
DEBUG o.s.w.s.m.m.a.ExceptionHandlerExceptionResolver - Resolved [com.Restaurant_Management.System.exception.BadRequestException: Page must be non-negative and size must be between 1 and 100]
DEBUG o.s.w.s.DispatcherServlet - Completed 400 BAD_REQUEST
DEBUG o.s.w.s.DispatcherServlet - GET "/api/v1/restaurants/list?searchText=&page=0&size=200", parameters={masked}
DEBUG o.s.w.s.m.m.a.RequestMappingHandlerMapping - Mapped to com.Restaurant_Management.System.api.RestaurantController#getAllRestaurant(String, int, int)
DEBUG o.s.w.s.m.m.a.ExceptionHandlerExceptionResolver - Using @ExceptionHandler com.Restaurant_Management.System.adviser.AppWideExceptionHandler#handleBadRequestException(BadRequestException)
DEBUG o.s.w.s.m.m.a.HttpEntityMethodProcessor - Using 'application/json', given [*/*] and supported [application/json, application/*+json]
DEBUG o.s.w.s.m.m.a.HttpEntityMethodProcessor - Writing [com.Restaurant_Management.System.util.StandardResponseDto@2dccb9df]
DEBUG o.s.w.s.m.m.a.ExceptionHandlerExceptionResolver - Resolved [com.Restaurant_Management.System.exception.BadRequestException: Page must be non-negative and size must be between 1 and 100]
DEBUG o.s.w.s.DispatcherServlet - Completed 400 BAD_REQUEST
DEBUG o.s.w.s.DispatcherServlet - GET "/api/v1/restaurants/list?searchText=&page=-1&size=10", parameters={masked}
DEBUG o.s.w.s.m.m.a.RequestMappingHandlerMapping - Mapped to com.Restaurant_Management.System.api.RestaurantController#getAllRestaurant(String, int, int)
DEBUG o.s.w.s.m.m.a.ExceptionHandlerExceptionResolver - Using @ExceptionHandler com.Restaurant_Management.System.adviser.AppWideExceptionHandler#handleBadRequestException(BadRequestException)
DEBUG o.s.w.s.m.m.a.HttpEntityMethodProcessor - Using 'application/json', given [*/*] and supported [application/json, application/*+json]
DEBUG o.s.w.s.m.m.a.HttpEntityMethodProcessor - Writing [com.Restaurant_Management.System.util.StandardResponseDto@339807c7]
DEBUG o.s.w.s.m.m.a.ExceptionHandlerExceptionResolver - Resolved [com.Restaurant_Management.System.exception.BadRequestException: Page must be non-negative and size must be between 1 and 100]
DEBUG o.s.w.s.DispatcherServlet - Completed 400 BAD_REQUEST
DEBUG o.s.w.s.DispatcherServlet - GET "/api/v1/foods/list?searchText=&page=0&size=1", parameters={masked}
DEBUG o.s.w.s.m.m.a.RequestMappingHandlerMapping - Mapped to com.Restaurant_Management.System.api.FoodItemController#getAllFoodItem(String, int, int)
DEBUG org.hibernate.SQL - SELECT COUNT(*) FROM food_items WHERE items_name LIKE ? OR category LIKE ?
DEBUG org.hibernate.SQL - SELECT * FROM food_items WHERE items_name LIKE ? OR category LIKE ? fetch first ? rows only
DEBUG o.s.w.s.m.m.a.HttpEntityMethodProcessor - Using 'application/json', given [*/*] and supported [application/json, application/*+json]
DEBUG o.s.w.s.m.m.a.HttpEntityMethodProcessor - Writing [com.Restaurant_Management.System.util.StandardResponseDto@445cec8e]
DEBUG o.s.w.s.DispatcherServlet - Completed 200 OK
DEBUG o.s.w.s.DispatcherServlet - GET "/api/v1/foods/list?searchText=&page=0&size=100", parameters={masked}
DEBUG o.s.w.s.m.m.a.RequestMappingHandlerMapping - Mapped to com.Restaurant_Management.System.api.FoodItemController#getAllFoodItem(String, int, int)
DEBUG org.hibernate.SQL - SELECT COUNT(*) FROM food_items WHERE items_name LIKE ? OR category LIKE ?
DEBUG org.hibernate.SQL - SELECT * FROM food_items WHERE items_name LIKE ? OR category LIKE ? fetch first ? rows only
DEBUG o.s.w.s.m.m.a.HttpEntityMethodProcessor - Using 'application/json', given [*/*] and supported [application/json, application/*+json]
DEBUG o.s.w.s.m.m.a.HttpEntityMethodProcessor - Writing [com.Restaurant_Management.System.util.StandardResponseDto@161b12f3]
DEBUG o.s.w.s.DispatcherServlet - Completed 200 OK
DEBUG o.s.w.s.DispatcherServlet - GET "/api/v1/foods/list?searchText=&page=0&size=0", parameters={masked}
DEBUG o.s.w.s.m.m.a.RequestMappingHandlerMapping - Mapped to com.Restaurant_Management.System.api.FoodItemController#getAllFoodItem(String, int, int)
DEBUG o.s.w.s.m.m.a.ExceptionHandlerExceptionResolver - Using @ExceptionHandler com.Restaurant_Management.System.adviser.AppWideExceptionHandler#handleBadRequestException(BadRequestException)
DEBUG o.s.w.s.m.m.a.HttpEntityMethodProcessor - Using 'application/json', given [*/*] and supported [application/json, application/*+json]
DEBUG o.s.w.s.m.m.a.HttpEntityMethodProcessor - Writing [com.Restaurant_Management.System.util.StandardResponseDto@79735d9b]
DEBUG o.s.w.s.m.m.a.ExceptionHandlerExceptionResolver - Resolved [com.Restaurant_Management.System.exception.BadRequestException: Page must be non-negative and size must be between 1 and 100]
DEBUG o.s.w.s.DispatcherServlet - Completed 400 BAD_REQUEST
DEBUG o.s.w.s.DispatcherServlet - GET "/api/v1/foods/list?searchText=&page=0&size=101", parameters={masked}
DEBUG o.s.w.s.m.m.a.RequestMappingHandlerMapping - Mapped to com.Restaurant_Management.System.api.FoodItemController#getAllFoodItem(String, int, int)
DEBUG o.s.w.s.m.m.a.ExceptionHandlerExceptionResolver - Using @ExceptionHandler com.Restaurant_Management.System.adviser.AppWideExceptionHandler#handleBadRequestException(BadRequestException)
DEBUG o.s.w.s.m.m.a.HttpEntityMethodProcessor - Using 'application/json', given [*/*] and supported [application/json, application/*+json]
DEBUG o.s.w.s.m.m.a.HttpEntityMethodProcessor - Writing [com.Restaurant_Management.System.util.StandardResponseDto@37b8a8c2]
DEBUG o.s.w.s.m.m.a.ExceptionHandlerExceptionResolver - Resolved [com.Restaurant_Management.System.exception.BadRequestException: Page must be non-negative and size must be between 1 and 100]
DEBUG o.s.w.s.DispatcherServlet - Completed 400 BAD_REQUEST
DEBUG o.s.w.s.DispatcherServlet - GET "/api/v1/foods/list?searchText=&page=0&size=200", parameters={masked}
DEBUG o.s.w.s.m.m.a.RequestMappingHandlerMapping - Mapped to com.Restaurant_Management.System.api.FoodItemController#getAllFoodItem(String, int, int)
DEBUG o.s.w.s.m.m.a.ExceptionHandlerExceptionResolver - Using @ExceptionHandler com.Restaurant_Management.System.adviser.AppWideExceptionHandler#handleBadRequestException(BadRequestException)
DEBUG o.s.w.s.m.m.a.HttpEntityMethodProcessor - Using 'application/json', given [*/*] and supported [application/json, application/*+json]
DEBUG o.s.w.s.m.m.a.HttpEntityMethodProcessor - Writing [com.Restaurant_Management.System.util.StandardResponseDto@550cc372]
DEBUG o.s.w.s.m.m.a.ExceptionHandlerExceptionResolver - Resolved [com.Restaurant_Management.System.exception.BadRequestException: Page must be non-negative and size must be between 1 and 100]
DEBUG o.s.w.s.DispatcherServlet - Completed 400 BAD_REQUEST
DEBUG o.s.w.s.DispatcherServlet - GET "/api/v1/foods/list?searchText=&page=-1&size=10", parameters={masked}
DEBUG o.s.w.s.m.m.a.RequestMappingHandlerMapping - Mapped to com.Restaurant_Management.System.api.FoodItemController#getAllFoodItem(String, int, int)
DEBUG o.s.w.s.m.m.a.ExceptionHandlerExceptionResolver - Using @ExceptionHandler com.Restaurant_Management.System.adviser.AppWideExceptionHandler#handleBadRequestException(BadRequestException)
DEBUG o.s.w.s.m.m.a.HttpEntityMethodProcessor - Using 'application/json', given [*/*] and supported [application/json, application/*+json]
DEBUG o.s.w.s.m.m.a.HttpEntityMethodProcessor - Writing [com.Restaurant_Management.System.util.StandardResponseDto@2d89259d]
DEBUG o.s.w.s.m.m.a.ExceptionHandlerExceptionResolver - Resolved [com.Restaurant_Management.System.exception.BadRequestException: Page must be non-negative and size must be between 1 and 100]
DEBUG o.s.w.s.DispatcherServlet - Completed 400 BAD_REQUEST
DEBUG o.s.w.s.DispatcherServlet - GET "/api/v1/foods/REST-01/burger?searchText=&page=0&size=1", parameters={masked}
DEBUG o.s.w.s.m.m.a.RequestMappingHandlerMapping - Mapped to com.Restaurant_Management.System.api.FoodItemController#getFoodItemsByRestaurantAndCategory(String, int, int, String, String)
DEBUG org.hibernate.SQL - SELECT * FROM food_items WHERE restaurant_id = ? AND category LIKE ? fetch first ? rows only
DEBUG org.hibernate.SQL - SELECT COUNT(*) FROM food_items WHERE restaurant_id = ? AND category LIKE ?
DEBUG o.s.w.s.m.m.a.HttpEntityMethodProcessor - Using 'application/json', given [*/*] and supported [application/json, application/*+json]
DEBUG o.s.w.s.m.m.a.HttpEntityMethodProcessor - Writing [com.Restaurant_Management.System.util.StandardResponseDto@233a59e4]
DEBUG o.s.w.s.DispatcherServlet - Completed 200 OK
DEBUG o.s.w.s.DispatcherServlet - GET "/api/v1/foods/REST-01/burger?searchText=&page=0&size=100", parameters={masked}
DEBUG o.s.w.s.m.m.a.RequestMappingHandlerMapping - Mapped to com.Restaurant_Management.System.api.FoodItemController#getFoodItemsByRestaurantAndCategory(String, int, int, String, String)
DEBUG org.hibernate.SQL - SELECT * FROM food_items WHERE restaurant_id = ? AND category LIKE ? fetch first ? rows only
DEBUG org.hibernate.SQL - SELECT COUNT(*) FROM food_items WHERE restaurant_id = ? AND category LIKE ?
DEBUG o.s.w.s.m.m.a.HttpEntityMethodProcessor - Using 'application/json', given [*/*] and supported [application/json, application/*+json]
DEBUG o.s.w.s.m.m.a.HttpEntityMethodProcessor - Writing [com.Restaurant_Management.System.util.StandardResponseDto@3bff4a02]
DEBUG o.s.w.s.DispatcherServlet - Completed 200 OK
DEBUG o.s.w.s.DispatcherServlet - GET "/api/v1/foods/REST-01/burger?searchText=&page=0&size=0", parameters={masked}
DEBUG o.s.w.s.m.m.a.RequestMappingHandlerMapping - Mapped to com.Restaurant_Management.System.api.FoodItemController#getFoodItemsByRestaurantAndCategory(String, int, int, String, String)
DEBUG o.s.w.s.m.m.a.ExceptionHandlerExceptionResolver - Using @ExceptionHandler com.Restaurant_Management.System.adviser.AppWideExceptionHandler#handleBadRequestException(BadRequestException)
DEBUG o.s.w.s.m.m.a.HttpEntityMethodProcessor - Using 'application/json', given [*/*] and supported [application/json, application/*+json]
DEBUG o.s.w.s.m.m.a.HttpEntityMethodProcessor - Writing [com.Restaurant_Management.System.util.StandardResponseDto@68f41dbc]
DEBUG o.s.w.s.m.m.a.ExceptionHandlerExceptionResolver - Resolved [com.Restaurant_Management.System.exception.BadRequestException: Page must be non-negative and size must be between 1 and 100]
DEBUG o.s.w.s.DispatcherServlet - Completed 400 BAD_REQUEST
DEBUG o.s.w.s.DispatcherServlet - GET "/api/v1/foods/REST-01/burger?searchText=&page=0&size=101", parameters={masked}
DEBUG o.s.w.s.m.m.a.RequestMappingHandlerMapping - Mapped to com.Restaurant_Management.System.api.FoodItemController#getFoodItemsByRestaurantAndCategory(String, int, int, String, String)
DEBUG o.s.w.s.m.m.a.ExceptionHandlerExceptionResolver - Using @ExceptionHandler com.Restaurant_Management.System.adviser.AppWideExceptionHandler#handleBadRequestException(BadRequestException)
DEBUG o.s.w.s.m.m.a.HttpEntityMethodProcessor - Using 'application/json', given [*/*] and supported [application/json, application/*+json]
DEBUG o.s.w.s.m.m.a.HttpEntityMethodProcessor - Writing [com.Restaurant_Management.System.util.StandardResponseDto@3d5fefc4]
DEBUG o.s.w.s.m.m.a.ExceptionHandlerExceptionResolver - Resolved [com.Restaurant_Management.System.exception.BadRequestException: Page must be non-negative and size must be between 1 and 100]
DEBUG o.s.w.s.DispatcherServlet - Completed 400 BAD_REQUEST
DEBUG o.s.w.s.DispatcherServlet - GET "/api/v1/foods/REST-01/burger?searchText=&page=0&size=200", parameters={masked}
DEBUG o.s.w.s.m.m.a.RequestMappingHandlerMapping - Mapped to com.Restaurant_Management.System.api.FoodItemController#getFoodItemsByRestaurantAndCategory(String, int, int, String, String)
DEBUG o.s.w.s.m.m.a.ExceptionHandlerExceptionResolver - Using @ExceptionHandler com.Restaurant_Management.System.adviser.AppWideExceptionHandler#handleBadRequestException(BadRequestException)
DEBUG o.s.w.s.m.m.a.HttpEntityMethodProcessor - Using 'application/json', given [*/*] and supported [application/json, application/*+json]
DEBUG o.s.w.s.m.m.a.HttpEntityMethodProcessor - Writing [com.Restaurant_Management.System.util.StandardResponseDto@e60e84b]
DEBUG o.s.w.s.m.m.a.ExceptionHandlerExceptionResolver - Resolved [com.Restaurant_Management.System.exception.BadRequestException: Page must be non-negative and size must be between 1 and 100]
DEBUG o.s.w.s.DispatcherServlet - Completed 400 BAD_REQUEST
DEBUG o.s.w.s.DispatcherServlet - GET "/api/v1/foods/REST-01/burger?searchText=&page=-1&size=10", parameters={masked}
DEBUG o.s.w.s.m.m.a.RequestMappingHandlerMapping - Mapped to com.Restaurant_Management.System.api.FoodItemController#getFoodItemsByRestaurantAndCategory(String, int, int, String, String)
DEBUG o.s.w.s.m.m.a.ExceptionHandlerExceptionResolver - Using @ExceptionHandler com.Restaurant_Management.System.adviser.AppWideExceptionHandler#handleBadRequestException(BadRequestException)
DEBUG o.s.w.s.m.m.a.HttpEntityMethodProcessor - Using 'application/json', given [*/*] and supported [application/json, application/*+json]
DEBUG o.s.w.s.m.m.a.HttpEntityMethodProcessor - Writing [com.Restaurant_Management.System.util.StandardResponseDto@14a5cfeb]
DEBUG o.s.w.s.m.m.a.ExceptionHandlerExceptionResolver - Resolved [com.Restaurant_Management.System.exception.BadRequestException: Page must be non-negative and size must be between 1 and 100]
DEBUG o.s.w.s.DispatcherServlet - Completed 400 BAD_REQUEST
DEBUG o.s.b.a.ApplicationAvailabilityBean - Application availability state ReadinessState changed from ACCEPTING_TRAFFIC to REFUSING_TRAFFIC
DEBUG o.s.b.w.s.c.AnnotationConfigServletWebServerApplicationContext - Closing org.springframework.boot.web.servlet.context.AnnotationConfigServletWebServerApplicationContext@2eda4eeb, started on Sat Sep 26 17:18:10 IST 2026
INFO o.s.b.w.e.t.GracefulShutdown - Commencing graceful shutdown. Waiting for active requests to complete
INFO o.s.b.w.e.t.GracefulShutdown - Graceful shutdown complete
DEBUG org.hibernate.SQL - drop table if exists cart cascade 
DEBUG org.hibernate.SQL - drop table if exists cart_items cascade 
DEBUG org.hibernate.SQL - drop table if exists food_items cascade 
DEBUG org.hibernate.SQL - drop table if exists restaurant cascade 
DEBUG org.hibernate.SQL - drop table if exists search_history cascade 
[INFO] Tests run: 2, Failures: 0, Errors: 0, Skipped: 0, Time elapsed: 3.246 s -- in local.security.RestaurantPaginationFixTest
[INFO] Running local.security.ResourceConsumptionFixTest
DEBUG o.s.boot.SpringApplication - Loading source class com.OrderManagement.OrderManagement.OrderManagementApplication
DEBUG o.s.b.w.s.c.AnnotationConfigServletWebServerApplicationContext - Refreshing org.springframework.boot.web.servlet.context.AnnotationConfigServletWebServerApplicationContext@7f9083b4
DEBUG o.s.b.a.AutoConfigurationPackages - @EnableAutoConfiguration was declared on a class in the package 'com.OrderManagement.OrderManagement'. Automatic @Repository and @Entity scanning is enabled.
DEBUG o.s.b.w.e.t.TomcatServletWebServerFactory - Code archive: /Users/vidurahewaduwa/.m2/repository/org/springframework/boot/spring-boot/3.4.3/spring-boot-3.4.3.jar
DEBUG o.s.b.w.e.t.TomcatServletWebServerFactory - Code archive: /Users/vidurahewaduwa/.m2/repository/org/springframework/boot/spring-boot/3.4.3/spring-boot-3.4.3.jar
DEBUG o.s.b.w.e.t.TomcatServletWebServerFactory - None of the document roots [src/main/webapp, public, static] point to a directory and will be ignored.
INFO o.s.b.w.e.t.TomcatWebServer - Tomcat initialized with port 0 (http)
DEBUG o.s.b.w.s.c.ServletWebServerApplicationContext - Published root WebApplicationContext as ServletContext attribute with name [org.springframework.web.context.WebApplicationContext.ROOT]
INFO o.s.b.w.s.c.ServletWebServerApplicationContext - Root WebApplicationContext: initialization completed in 95 ms
DEBUG o.s.b.w.s.ServletContextInitializerBeans - Mapping filters: characterEncodingFilter urls=[/*] order=-2147483648, formContentFilter urls=[/*] order=-9900, requestContextFilter urls=[/*] order=-105
DEBUG o.s.b.w.s.ServletContextInitializerBeans - Mapping servlets: dispatcherServlet urls=[/]
DEBUG o.s.b.w.s.f.OrderedRequestContextFilter - Filter 'requestContextFilter' configured for use
DEBUG o.s.b.w.s.f.OrderedCharacterEncodingFilter - Filter 'characterEncodingFilter' configured for use
DEBUG o.s.b.w.s.f.OrderedFormContentFilter - Filter 'formContentFilter' configured for use
WARN org.hibernate.orm.deprecation - HHH90000025: H2Dialect does not need to be specified explicitly using 'hibernate.dialect' (remove the property setting and it will be selected by default)
DEBUG org.hibernate.SQL - drop table if exists order_items cascade 
DEBUG org.hibernate.SQL - drop table if exists orders cascade 
DEBUG org.hibernate.SQL - create table order_items (quantity integer not null, total_price numeric(38,2) not null, unit_price numeric(38,2) not null, id bigint generated by default as identity, order_id bigint, item_name varchar(255) not null, menu_item_id varchar(255) not null, primary key (id))
DEBUG org.hibernate.SQL - create table orders (delivery_fee numeric(38,2), latitude float(53), longitude float(53), subtotal numeric(38,2), tax numeric(38,2), total_amount numeric(38,2), last_updated timestamp(6), order_date timestamp(6), order_id bigint generated by default as identity, contact_phone varchar(255) not null, delivery_address varchar(255) not null, restaurant_id varchar(255) not null, user_id varchar(255) not null, status enum ('CANCELLED','CONFIRMED','DELIVERED','OUT_FOR_DELIVERY','PLACED','PREPARING'), primary key (order_id))
DEBUG org.hibernate.SQL - alter table if exists order_items add constraint FKbioxgbv59vetrxe0ejfubep1w foreign key (order_id) references orders
WARN o.s.b.a.o.j.JpaBaseConfiguration$JpaWebConfiguration - spring.jpa.open-in-view is enabled by default. Therefore, database queries may be performed during view rendering. Explicitly configure spring.jpa.open-in-view to disable this warning
DEBUG o.s.w.s.m.m.a.RequestMappingHandlerMapping - 11 mappings in 'requestMappingHandlerMapping'
DEBUG o.s.w.s.h.SimpleUrlHandlerMapping - Patterns [/webjars/**, /**] in 'resourceHandlerMapping'
DEBUG o.s.w.s.m.m.a.RequestMappingHandlerAdapter - ControllerAdvice beans: 0 @ModelAttribute, 0 @InitBinder, 1 RequestBodyAdvice, 1 ResponseBodyAdvice
DEBUG o.s.w.s.m.m.a.ExceptionHandlerExceptionResolver - ControllerAdvice beans: 1 @ExceptionHandler, 1 ResponseBodyAdvice
INFO o.s.b.w.e.t.TomcatWebServer - Tomcat started on port 49706 (http) with context path '/'
DEBUG o.s.b.a.l.ConditionEvaluationReportLogger - 


============================
CONDITIONS EVALUATION REPORT
============================


Positive matches:
-----------------

   AopAutoConfiguration matched:
      - @ConditionalOnProperty (spring.aop.auto=true) matched (OnPropertyCondition)

   AopAutoConfiguration.AspectJAutoProxyingConfiguration matched:
      - @ConditionalOnClass found required class 'org.aspectj.weaver.Advice' (OnClassCondition)

   AopAutoConfiguration.AspectJAutoProxyingConfiguration.CglibAutoProxyConfiguration matched:
      - @ConditionalOnProperty (spring.aop.proxy-target-class=true) matched (OnPropertyCondition)

   ApplicationAvailabilityAutoConfiguration#applicationAvailability matched:
      - @ConditionalOnMissingBean (types: org.springframework.boot.availability.ApplicationAvailability; SearchStrategy: all) did not find any beans (OnBeanCondition)

   ClientHttpConnectorAutoConfiguration matched:
      - @ConditionalOnClass found required class 'org.springframework.web.reactive.function.client.WebClient' (OnClassCondition)

   ClientHttpConnectorAutoConfiguration#webClientHttpConnector matched:
      - @ConditionalOnMissingBean (types: org.springframework.http.client.reactive.ClientHttpConnector; SearchStrategy: all) did not find any beans (OnBeanCondition)

   ClientHttpConnectorAutoConfiguration#webClientHttpConnectorCustomizer matched:
      - @ConditionalOnBean (types: org.springframework.http.client.reactive.ClientHttpConnector; SearchStrategy: all) found bean 'webClientHttpConnector' (OnBeanCondition)

   ClientHttpConnectorFactoryConfiguration.ReactorNetty matched:
      - @ConditionalOnClass found required class 'reactor.netty.http.client.HttpClient' (OnClassCondition)
      - @ConditionalOnMissingBean (types: org.springframework.boot.autoconfigure.web.reactive.function.client.ClientHttpConnectorFactory; SearchStrategy: all) did not find any beans (OnBeanCondition)

   CodecsAutoConfiguration matched:
      - @ConditionalOnClass found required classes 'org.springframework.http.codec.CodecConfigurer', 'org.springframework.web.reactive.function.client.WebClient' (OnClassCondition)

   CodecsAutoConfiguration.JacksonCodecConfiguration matched:
      - @ConditionalOnClass found required class 'com.fasterxml.jackson.databind.ObjectMapper' (OnClassCondition)

   CodecsAutoConfiguration.JacksonCodecConfiguration#jacksonCodecCustomizer matched:
      - @ConditionalOnBean (types: com.fasterxml.jackson.databind.ObjectMapper; SearchStrategy: all) found bean 'jacksonObjectMapper' (OnBeanCondition)

   DataSourceAutoConfiguration matched:
      - @ConditionalOnClass found required classes 'javax.sql.DataSource', 'org.springframework.jdbc.datasource.embedded.EmbeddedDatabaseType' (OnClassCondition)
      - @ConditionalOnMissingBean (types: io.r2dbc.spi.ConnectionFactory; SearchStrategy: all) did not find any beans (OnBeanCondition)

   DataSourceAutoConfiguration.PooledDataSourceConfiguration matched:
      - AnyNestedCondition 1 matched 1 did not; NestedCondition on DataSourceAutoConfiguration.PooledDataSourceCondition.PooledDataSourceAvailable PooledDataSource found supported DataSource; NestedCondition on DataSourceAutoConfiguration.PooledDataSourceCondition.ExplicitType @ConditionalOnProperty (spring.datasource.type) did not find property 'type' (DataSourceAutoConfiguration.PooledDataSourceCondition)
      - @ConditionalOnMissingBean (types: javax.sql.DataSource,javax.sql.XADataSource; SearchStrategy: all) did not find any beans (OnBeanCondition)

   DataSourceAutoConfiguration.PooledDataSourceConfiguration#jdbcConnectionDetails matched:
      - @ConditionalOnMissingBean (types: org.springframework.boot.autoconfigure.jdbc.JdbcConnectionDetails; SearchStrategy: all) did not find any beans (OnBeanCondition)

   DataSourceConfiguration.Hikari matched:
      - @ConditionalOnClass found required class 'com.zaxxer.hikari.HikariDataSource' (OnClassCondition)
      - @ConditionalOnProperty (spring.datasource.type=com.zaxxer.hikari.HikariDataSource) matched (OnPropertyCondition)
      - @ConditionalOnMissingBean (types: javax.sql.DataSource; SearchStrategy: all) did not find any beans (OnBeanCondition)

   DataSourcePoolMetadataProvidersConfiguration.HikariPoolDataSourceMetadataProviderConfiguration matched:
      - @ConditionalOnClass found required class 'com.zaxxer.hikari.HikariDataSource' (OnClassCondition)

   DataSourceTransactionManagerAutoConfiguration matched:
      - @ConditionalOnClass found required classes 'javax.sql.DataSource', 'org.springframework.jdbc.core.JdbcTemplate', 'org.springframework.transaction.TransactionManager' (OnClassCondition)

   DataSourceTransactionManagerAutoConfiguration.JdbcTransactionManagerConfiguration matched:
      - @ConditionalOnSingleCandidate (types: javax.sql.DataSource; SearchStrategy: all) found a single bean 'dataSource' (OnBeanCondition)

   DispatcherServletAutoConfiguration matched:
      - @ConditionalOnClass found required class 'org.springframework.web.servlet.DispatcherServlet' (OnClassCondition)
      - found 'session' scope (OnWebApplicationCondition)

   DispatcherServletAutoConfiguration.DispatcherServletConfiguration matched:
      - @ConditionalOnClass found required class 'jakarta.servlet.ServletRegistration' (OnClassCondition)
      - Default DispatcherServlet did not find dispatcher servlet beans (DispatcherServletAutoConfiguration.DefaultDispatcherServletCondition)

   DispatcherServletAutoConfiguration.DispatcherServletRegistrationConfiguration matched:
      - @ConditionalOnClass found required class 'jakarta.servlet.ServletRegistration' (OnClassCondition)
      - DispatcherServlet Registration did not find servlet registration bean (DispatcherServletAutoConfiguration.DispatcherServletRegistrationCondition)

   DispatcherServletAutoConfiguration.DispatcherServletRegistrationConfiguration#dispatcherServletRegistration matched:
      - @ConditionalOnBean (names: dispatcherServlet types: org.springframework.web.servlet.DispatcherServlet; SearchStrategy: all) found bean 'dispatcherServlet' (OnBeanCondition)

   EmbeddedWebServerFactoryCustomizerAutoConfiguration matched:
      - @ConditionalOnWebApplication (required) found 'session' scope (OnWebApplicationCondition)
      - @ConditionalOnWarDeployment the application is not deployed as a WAR file. (OnWarDeploymentCondition)

   EmbeddedWebServerFactoryCustomizerAutoConfiguration.NettyWebServerFactoryCustomizerConfiguration matched:
      - @ConditionalOnClass found required class 'reactor.netty.http.server.HttpServer' (OnClassCondition)

   EmbeddedWebServerFactoryCustomizerAutoConfiguration.TomcatWebServerFactoryCustomizerConfiguration matched:
      - @ConditionalOnClass found required classes 'org.apache.catalina.startup.Tomcat', 'org.apache.coyote.UpgradeProtocol' (OnClassCondition)

   ErrorMvcAutoConfiguration matched:
      - @ConditionalOnClass found required classes 'jakarta.servlet.Servlet', 'org.springframework.web.servlet.DispatcherServlet' (OnClassCondition)
      - found 'session' scope (OnWebApplicationCondition)

   ErrorMvcAutoConfiguration#basicErrorController matched:
      - @ConditionalOnMissingBean (types: org.springframework.boot.web.servlet.error.ErrorController; SearchStrategy: current) did not find any beans (OnBeanCondition)

   ErrorMvcAutoConfiguration#errorAttributes matched:
      - @ConditionalOnMissingBean (types: org.springframework.boot.web.servlet.error.ErrorAttributes; SearchStrategy: current) did not find any beans (OnBeanCondition)

   ErrorMvcAutoConfiguration.DefaultErrorViewResolverConfiguration#conventionErrorViewResolver matched:
      - @ConditionalOnBean (types: org.springframework.web.servlet.DispatcherServlet; SearchStrategy: all) found bean 'dispatcherServlet'; @ConditionalOnMissingBean (types: org.springframework.boot.autoconfigure.web.servlet.error.ErrorViewResolver; SearchStrategy: all) did not find any beans (OnBeanCondition)

   ErrorMvcAutoConfiguration.WhitelabelErrorViewConfiguration matched:
      - @ConditionalOnProperty (server.error.whitelabel.enabled) matched (OnPropertyCondition)
      - ErrorTemplate Missing did not find error template view (ErrorMvcAutoConfiguration.ErrorTemplateMissingCondition)

   ErrorMvcAutoConfiguration.WhitelabelErrorViewConfiguration#beanNameViewResolver matched:
      - @ConditionalOnMissingBean (types: org.springframework.web.servlet.view.BeanNameViewResolver; SearchStrategy: all) did not find any beans (OnBeanCondition)

   ErrorMvcAutoConfiguration.WhitelabelErrorViewConfiguration#defaultErrorView matched:
      - @ConditionalOnMissingBean (names: error; SearchStrategy: all) did not find any beans (OnBeanCondition)

   GenericCacheConfiguration matched:
      - Cache org.springframework.boot.autoconfigure.cache.GenericCacheConfiguration automatic cache type (CacheCondition)

   HibernateJpaAutoConfiguration matched:
      - @ConditionalOnClass found required classes 'org.springframework.orm.jpa.LocalContainerEntityManagerFactoryBean', 'jakarta.persistence.EntityManager', 'org.hibernate.engine.spi.SessionImplementor' (OnClassCondition)

   HibernateJpaConfiguration matched:
      - @ConditionalOnSingleCandidate (types: javax.sql.DataSource; SearchStrategy: all) found a single bean 'dataSource' (OnBeanCondition)

   HttpClientAutoConfiguration matched:
      - @ConditionalOnClass found required class 'org.springframework.http.client.ClientHttpRequestFactory' (OnClassCondition)
      - NoneNestedConditions 0 matched 1 did not; NestedCondition on NotReactiveWebApplicationCondition.ReactiveWebApplication not a reactive web application (NotReactiveWebApplicationCondition)

   HttpClientAutoConfiguration#clientHttpRequestFactoryBuilder matched:
      - @ConditionalOnMissingBean (types: org.springframework.boot.http.client.ClientHttpRequestFactoryBuilder; SearchStrategy: all) did not find any beans (OnBeanCondition)

   HttpClientAutoConfiguration#clientHttpRequestFactorySettings matched:
      - @ConditionalOnMissingBean (types: org.springframework.boot.http.client.ClientHttpRequestFactorySettings; SearchStrategy: all) did not find any beans (OnBeanCondition)

   HttpEncodingAutoConfiguration matched:
      - @ConditionalOnClass found required class 'org.springframework.web.filter.CharacterEncodingFilter' (OnClassCondition)
      - found 'session' scope (OnWebApplicationCondition)
      - @ConditionalOnProperty (server.servlet.encoding.enabled) matched (OnPropertyCondition)

   HttpEncodingAutoConfiguration#characterEncodingFilter matched:
      - @ConditionalOnMissingBean (types: org.springframework.web.filter.CharacterEncodingFilter; SearchStrategy: all) did not find any beans (OnBeanCondition)

   HttpMessageConvertersAutoConfiguration matched:
      - @ConditionalOnClass found required class 'org.springframework.http.converter.HttpMessageConverter' (OnClassCondition)
      - NoneNestedConditions 0 matched 1 did not; NestedCondition on HttpMessageConvertersAutoConfiguration.NotReactiveWebApplicationCondition.ReactiveWebApplication not a reactive web application (HttpMessageConvertersAutoConfiguration.NotReactiveWebApplicationCondition)

   HttpMessageConvertersAutoConfiguration#messageConverters matched:
      - @ConditionalOnMissingBean (types: org.springframework.boot.autoconfigure.http.HttpMessageConverters; SearchStrategy: all) did not find any beans (OnBeanCondition)

   HttpMessageConvertersAutoConfiguration.StringHttpMessageConverterConfiguration matched:
      - @ConditionalOnClass found required class 'org.springframework.http.converter.StringHttpMessageConverter' (OnClassCondition)

   HttpMessageConvertersAutoConfiguration.StringHttpMessageConverterConfiguration#stringHttpMessageConverter matched:
      - @ConditionalOnMissingBean (types: org.springframework.http.converter.StringHttpMessageConverter; SearchStrategy: all) did not find any beans (OnBeanCondition)

   JacksonAutoConfiguration matched:
      - @ConditionalOnClass found required class 'com.fasterxml.jackson.databind.ObjectMapper' (OnClassCondition)

   JacksonAutoConfiguration.Jackson2ObjectMapperBuilderCustomizerConfiguration matched:
      - @ConditionalOnClass found required class 'org.springframework.http.converter.json.Jackson2ObjectMapperBuilder' (OnClassCondition)

   JacksonAutoConfiguration.JacksonObjectMapperBuilderConfiguration matched:
      - @ConditionalOnClass found required class 'org.springframework.http.converter.json.Jackson2ObjectMapperBuilder' (OnClassCondition)

   JacksonAutoConfiguration.JacksonObjectMapperBuilderConfiguration#jacksonObjectMapperBuilder matched:
      - @ConditionalOnMissingBean (types: org.springframework.http.converter.json.Jackson2ObjectMapperBuilder; SearchStrategy: all) did not find any beans (OnBeanCondition)

   JacksonAutoConfiguration.JacksonObjectMapperConfiguration matched:
      - @ConditionalOnClass found required class 'org.springframework.http.converter.json.Jackson2ObjectMapperBuilder' (OnClassCondition)

   JacksonAutoConfiguration.JacksonObjectMapperConfiguration#jacksonObjectMapper matched:
      - @ConditionalOnMissingBean (types: com.fasterxml.jackson.databind.ObjectMapper; SearchStrategy: all) did not find any beans (OnBeanCondition)

   JacksonAutoConfiguration.ParameterNamesModuleConfiguration matched:
      - @ConditionalOnClass found required class 'com.fasterxml.jackson.module.paramnames.ParameterNamesModule' (OnClassCondition)

   JacksonAutoConfiguration.ParameterNamesModuleConfiguration#parameterNamesModule matched:
      - @ConditionalOnMissingBean (types: com.fasterxml.jackson.module.paramnames.ParameterNamesModule; SearchStrategy: all) did not find any beans (OnBeanCondition)

   JacksonHttpMessageConvertersConfiguration.MappingJackson2HttpMessageConverterConfiguration matched:
      - @ConditionalOnClass found required class 'com.fasterxml.jackson.databind.ObjectMapper' (OnClassCondition)
      - @ConditionalOnProperty (spring.mvc.converters.preferred-json-mapper=jackson) matched (OnPropertyCondition)
      - @ConditionalOnBean (types: com.fasterxml.jackson.databind.ObjectMapper; SearchStrategy: all) found bean 'jacksonObjectMapper' (OnBeanCondition)

   JacksonHttpMessageConvertersConfiguration.MappingJackson2HttpMessageConverterConfiguration#mappingJackson2HttpMessageConverter matched:
      - @ConditionalOnMissingBean (types: org.springframework.http.converter.json.MappingJackson2HttpMessageConverter ignored: org.springframework.hateoas.server.mvc.TypeConstrainedMappingJackson2HttpMessageConverter,org.springframework.data.rest.webmvc.alps.AlpsJsonHttpMessageConverter; SearchStrategy: all) did not find any beans (OnBeanCondition)

   JdbcClientAutoConfiguration matched:
      - @ConditionalOnSingleCandidate (types: org.springframework.jdbc.core.namedparam.NamedParameterJdbcTemplate; SearchStrategy: all) found a single bean 'namedParameterJdbcTemplate'; @ConditionalOnMissingBean (types: org.springframework.jdbc.core.simple.JdbcClient; SearchStrategy: all) did not find any beans (OnBeanCondition)

   JdbcTemplateAutoConfiguration matched:
      - @ConditionalOnClass found required classes 'javax.sql.DataSource', 'org.springframework.jdbc.core.JdbcTemplate' (OnClassCondition)
      - @ConditionalOnSingleCandidate (types: javax.sql.DataSource; SearchStrategy: all) found a single bean 'dataSource' (OnBeanCondition)

   JdbcTemplateConfiguration matched:
      - @ConditionalOnMissingBean (types: org.springframework.jdbc.core.JdbcOperations; SearchStrategy: all) did not find any beans (OnBeanCondition)

   JpaBaseConfiguration#entityManagerFactory matched:
      - @ConditionalOnMissingBean (types: org.springframework.orm.jpa.LocalContainerEntityManagerFactoryBean,jakarta.persistence.EntityManagerFactory; SearchStrategy: all) did not find any beans (OnBeanCondition)

   JpaBaseConfiguration#entityManagerFactoryBuilder matched:
      - @ConditionalOnMissingBean (types: org.springframework.boot.orm.jpa.EntityManagerFactoryBuilder; SearchStrategy: all) did not find any beans (OnBeanCondition)

   JpaBaseConfiguration#jpaVendorAdapter matched:
      - @ConditionalOnMissingBean (types: org.springframework.orm.jpa.JpaVendorAdapter; SearchStrategy: all) did not find any beans (OnBeanCondition)

   JpaBaseConfiguration#transactionManager matched:
      - @ConditionalOnMissingBean (types: org.springframework.transaction.TransactionManager; SearchStrategy: all) did not find any beans (OnBeanCondition)

   JpaBaseConfiguration.JpaWebConfiguration matched:
      - @ConditionalOnClass found required class 'org.springframework.web.servlet.config.annotation.WebMvcConfigurer' (OnClassCondition)
      - found 'session' scope (OnWebApplicationCondition)
      - @ConditionalOnProperty (spring.jpa.open-in-view=true) matched (OnPropertyCondition)
      - @ConditionalOnMissingBean (types: org.springframework.orm.jpa.support.OpenEntityManagerInViewInterceptor,org.springframework.orm.jpa.support.OpenEntityManagerInViewFilter; SearchStrategy: all) did not find any beans (OnBeanCondition)

   JpaBaseConfiguration.PersistenceManagedTypesConfiguration matched:
      - @ConditionalOnMissingBean (types: org.springframework.orm.jpa.LocalContainerEntityManagerFactoryBean,jakarta.persistence.EntityManagerFactory; SearchStrategy: all) did not find any beans (OnBeanCondition)

   JpaBaseConfiguration.PersistenceManagedTypesConfiguration#persistenceManagedTypes matched:
      - @ConditionalOnMissingBean (types: org.springframework.orm.jpa.persistenceunit.PersistenceManagedTypes; SearchStrategy: all) did not find any beans (OnBeanCondition)

   JpaRepositoriesAutoConfiguration matched:
      - @ConditionalOnClass found required class 'org.springframework.data.jpa.repository.JpaRepository' (OnClassCondition)
      - @ConditionalOnProperty (spring.data.jpa.repositories.enabled=true) matched (OnPropertyCondition)
      - @ConditionalOnBean (types: javax.sql.DataSource; SearchStrategy: all) found bean 'dataSource'; @ConditionalOnMissingBean (types: org.springframework.data.jpa.repository.support.JpaRepositoryFactoryBean,org.springframework.data.jpa.repository.config.JpaRepositoryConfigExtension; SearchStrategy: all) did not find any beans (OnBeanCondition)

   JtaAutoConfiguration matched:
      - @ConditionalOnClass found required class 'jakarta.transaction.Transaction' (OnClassCondition)
      - @ConditionalOnProperty (spring.jta.enabled) matched (OnPropertyCondition)

   LifecycleAutoConfiguration#defaultLifecycleProcessor matched:
      - @ConditionalOnMissingBean (names: lifecycleProcessor; SearchStrategy: current) did not find any beans (OnBeanCondition)

   MultipartAutoConfiguration matched:
      - @ConditionalOnClass found required classes 'jakarta.servlet.Servlet', 'org.springframework.web.multipart.support.StandardServletMultipartResolver', 'jakarta.servlet.MultipartConfigElement' (OnClassCondition)
      - found 'session' scope (OnWebApplicationCondition)
      - @ConditionalOnProperty (spring.servlet.multipart.enabled) matched (OnPropertyCondition)

   MultipartAutoConfiguration#multipartConfigElement matched:
      - @ConditionalOnMissingBean (types: jakarta.servlet.MultipartConfigElement; SearchStrategy: all) did not find any beans (OnBeanCondition)

   MultipartAutoConfiguration#multipartResolver matched:
      - @ConditionalOnMissingBean (types: org.springframework.web.multipart.MultipartResolver; SearchStrategy: all) did not find any beans (OnBeanCondition)

   NamedParameterJdbcTemplateConfiguration matched:
      - @ConditionalOnSingleCandidate (types: org.springframework.jdbc.core.JdbcTemplate; SearchStrategy: all) found a single bean 'jdbcTemplate'; @ConditionalOnMissingBean (types: org.springframework.jdbc.core.namedparam.NamedParameterJdbcOperations; SearchStrategy: all) did not find any beans (OnBeanCondition)

   NettyAutoConfiguration matched:
      - @ConditionalOnClass found required class 'io.netty.util.NettyRuntime' (OnClassCondition)

   NoOpCacheConfiguration matched:
      - Cache org.springframework.boot.autoconfigure.cache.NoOpCacheConfiguration automatic cache type (CacheCondition)

   PersistenceExceptionTranslationAutoConfiguration matched:
      - @ConditionalOnClass found required class 'org.springframework.dao.annotation.PersistenceExceptionTranslationPostProcessor' (OnClassCondition)

   PersistenceExceptionTranslationAutoConfiguration#persistenceExceptionTranslationPostProcessor matched:
      - @ConditionalOnProperty (spring.dao.exceptiontranslation.enabled) matched (OnPropertyCondition)
      - @ConditionalOnMissingBean (types: org.springframework.dao.annotation.PersistenceExceptionTranslationPostProcessor; SearchStrategy: all) did not find any beans (OnBeanCondition)

   PropertyPlaceholderAutoConfiguration#propertySourcesPlaceholderConfigurer matched:
      - @ConditionalOnMissingBean (types: org.springframework.context.support.PropertySourcesPlaceholderConfigurer; SearchStrategy: current) did not find any beans (OnBeanCondition)

   ReactorAutoConfiguration matched:
      - @ConditionalOnClass found required class 'reactor.core.publisher.Hooks' (OnClassCondition)

   ReactorNettyConfigurations.ReactorResourceFactoryConfiguration#reactorResourceFactory matched:
      - @ConditionalOnMissingBean (types: org.springframework.http.client.ReactorResourceFactory; SearchStrategy: all) did not find any beans (OnBeanCondition)

   RestClientAutoConfiguration matched:
      - @ConditionalOnClass found required class 'org.springframework.web.client.RestClient' (OnClassCondition)
      - NoneNestedConditions 0 matched 1 did not; NestedCondition on NotReactiveWebApplicationCondition.ReactiveWebApplication not a reactive web application (NotReactiveWebApplicationCondition)

   RestClientAutoConfiguration#httpMessageConvertersRestClientCustomizer matched:
      - @ConditionalOnMissingBean (types: org.springframework.boot.autoconfigure.web.client.HttpMessageConvertersRestClientCustomizer; SearchStrategy: all) did not find any beans (OnBeanCondition)

   RestClientAutoConfiguration#restClientBuilder matched:
      - @ConditionalOnMissingBean (types: org.springframework.web.client.RestClient$Builder; SearchStrategy: all) did not find any beans (OnBeanCondition)

   RestClientAutoConfiguration#restClientBuilderConfigurer matched:
      - @ConditionalOnMissingBean (types: org.springframework.boot.autoconfigure.web.client.RestClientBuilderConfigurer; SearchStrategy: all) did not find any beans (OnBeanCondition)

   RestClientAutoConfiguration#restClientSsl matched:
      - @ConditionalOnBean (types: org.springframework.boot.ssl.SslBundles; SearchStrategy: all) found bean 'sslBundleRegistry'; @ConditionalOnMissingBean (types: org.springframework.boot.autoconfigure.web.client.RestClientSsl; SearchStrategy: all) did not find any beans (OnBeanCondition)

   RestTemplateAutoConfiguration matched:
      - @ConditionalOnClass found required class 'org.springframework.web.client.RestTemplate' (OnClassCondition)
      - NoneNestedConditions 0 matched 1 did not; NestedCondition on NotReactiveWebApplicationCondition.ReactiveWebApplication not a reactive web application (NotReactiveWebApplicationCondition)

   RestTemplateAutoConfiguration#restTemplateBuilder matched:
      - @ConditionalOnMissingBean (types: org.springframework.boot.web.client.RestTemplateBuilder; SearchStrategy: all) did not find any beans (OnBeanCondition)

   ServletWebServerFactoryAutoConfiguration matched:
      - @ConditionalOnClass found required class 'jakarta.servlet.ServletRequest' (OnClassCondition)
      - found 'session' scope (OnWebApplicationCondition)

   ServletWebServerFactoryAutoConfiguration#tomcatServletWebServerFactoryCustomizer matched:
      - @ConditionalOnClass found required class 'org.apache.catalina.startup.Tomcat' (OnClassCondition)

   ServletWebServerFactoryConfiguration.EmbeddedTomcat matched:
      - @ConditionalOnClass found required classes 'jakarta.servlet.Servlet', 'org.apache.catalina.startup.Tomcat', 'org.apache.coyote.UpgradeProtocol' (OnClassCondition)
      - @ConditionalOnMissingBean (types: org.springframework.boot.web.servlet.server.ServletWebServerFactory; SearchStrategy: current) did not find any beans (OnBeanCondition)

   SimpleCacheConfiguration matched:
      - Cache org.springframework.boot.autoconfigure.cache.SimpleCacheConfiguration automatic cache type (CacheCondition)

   SpringDataWebAutoConfiguration matched:
      - @ConditionalOnClass found required classes 'org.springframework.data.web.PageableHandlerMethodArgumentResolver', 'org.springframework.web.servlet.config.annotation.WebMvcConfigurer' (OnClassCondition)
      - found 'session' scope (OnWebApplicationCondition)
      - @ConditionalOnMissingBean (types: org.springframework.data.web.PageableHandlerMethodArgumentResolver; SearchStrategy: all) did not find any beans (OnBeanCondition)

   SpringDataWebAutoConfiguration#pageableCustomizer matched:
      - @ConditionalOnMissingBean (types: org.springframework.data.web.config.PageableHandlerMethodArgumentResolverCustomizer; SearchStrategy: all) did not find any beans (OnBeanCondition)

   SpringDataWebAutoConfiguration#sortCustomizer matched:
      - @ConditionalOnMissingBean (types: org.springframework.data.web.config.SortHandlerMethodArgumentResolverCustomizer; SearchStrategy: all) did not find any beans (OnBeanCondition)

   SpringDataWebAutoConfiguration#springDataWebSettings matched:
      - @ConditionalOnMissingBean (types: org.springframework.data.web.config.SpringDataWebSettings; SearchStrategy: all) did not find any beans (OnBeanCondition)

   SslAutoConfiguration#sslBundleRegistry matched:
      - @ConditionalOnMissingBean (types: org.springframework.boot.ssl.SslBundleRegistry,org.springframework.boot.ssl.SslBundles; SearchStrategy: all) did not find any beans (OnBeanCondition)

   TaskExecutionAutoConfiguration matched:
      - @ConditionalOnClass found required class 'org.springframework.scheduling.concurrent.ThreadPoolTaskExecutor' (OnClassCondition)

   TaskExecutorConfigurations.SimpleAsyncTaskExecutorBuilderConfiguration#simpleAsyncTaskExecutorBuilder matched:
      - @ConditionalOnMissingBean (types: org.springframework.boot.task.SimpleAsyncTaskExecutorBuilder; SearchStrategy: all) did not find any beans (OnBeanCondition)
      - @ConditionalOnThreading found PLATFORM (OnThreadingCondition)

   TaskExecutorConfigurations.TaskExecutorConfiguration matched:
      - @ConditionalOnMissingBean (types: java.util.concurrent.Executor; SearchStrategy: all) did not find any beans (OnBeanCondition)

   TaskExecutorConfigurations.TaskExecutorConfiguration#applicationTaskExecutor matched:
      - @ConditionalOnThreading found PLATFORM (OnThreadingCondition)

   TaskExecutorConfigurations.ThreadPoolTaskExecutorBuilderConfiguration#threadPoolTaskExecutorBuilder matched:
      - @ConditionalOnMissingBean (types: org.springframework.boot.task.ThreadPoolTaskExecutorBuilder; SearchStrategy: all) did not find any beans (OnBeanCondition)

   TaskSchedulingAutoConfiguration matched:
      - @ConditionalOnClass found required class 'org.springframework.scheduling.concurrent.ThreadPoolTaskScheduler' (OnClassCondition)

   TaskSchedulingConfigurations.SimpleAsyncTaskSchedulerBuilderConfiguration#simpleAsyncTaskSchedulerBuilder matched:
      - @ConditionalOnMissingBean (types: org.springframework.boot.task.SimpleAsyncTaskSchedulerBuilder; SearchStrategy: all) did not find any beans (OnBeanCondition)
      - @ConditionalOnThreading found PLATFORM (OnThreadingCondition)

   TaskSchedulingConfigurations.ThreadPoolTaskSchedulerBuilderConfiguration#threadPoolTaskSchedulerBuilder matched:
      - @ConditionalOnMissingBean (types: org.springframework.boot.task.ThreadPoolTaskSchedulerBuilder; SearchStrategy: all) did not find any beans (OnBeanCondition)

   TransactionAutoConfiguration matched:
      - @ConditionalOnClass found required class 'org.springframework.transaction.PlatformTransactionManager' (OnClassCondition)

   TransactionAutoConfiguration.EnableTransactionManagementConfiguration matched:
      - @ConditionalOnBean (types: org.springframework.transaction.TransactionManager; SearchStrategy: all) found bean 'transactionManager'; @ConditionalOnMissingBean (types: org.springframework.transaction.annotation.AbstractTransactionManagementConfiguration; SearchStrategy: all) did not find any beans (OnBeanCondition)

   TransactionAutoConfiguration.EnableTransactionManagementConfiguration.CglibAutoProxyConfiguration matched:
      - @ConditionalOnProperty (spring.aop.proxy-target-class=true) matched (OnPropertyCondition)

   TransactionAutoConfiguration.TransactionTemplateConfiguration matched:
      - @ConditionalOnSingleCandidate (types: org.springframework.transaction.PlatformTransactionManager; SearchStrategy: all) found a single bean 'transactionManager' (OnBeanCondition)

   TransactionAutoConfiguration.TransactionTemplateConfiguration#transactionTemplate matched:
      - @ConditionalOnMissingBean (types: org.springframework.transaction.support.TransactionOperations; SearchStrategy: all) did not find any beans (OnBeanCondition)

   TransactionManagerCustomizationAutoConfiguration matched:
      - @ConditionalOnClass found required class 'org.springframework.transaction.PlatformTransactionManager' (OnClassCondition)

   TransactionManagerCustomizationAutoConfiguration#platformTransactionManagerCustomizers matched:
      - @ConditionalOnMissingBean (types: org.springframework.boot.autoconfigure.transaction.TransactionManagerCustomizers; SearchStrategy: all) did not find any beans (OnBeanCondition)

   ValidationAutoConfiguration matched:
      - @ConditionalOnClass found required class 'jakarta.validation.executable.ExecutableValidator' (OnClassCondition)
      - @ConditionalOnResource found location classpath:META-INF/services/jakarta.validation.spi.ValidationProvider (OnResourceCondition)

   ValidationAutoConfiguration#defaultValidator matched:
      - @ConditionalOnMissingBean (types: jakarta.validation.Validator; SearchStrategy: all) did not find any beans (OnBeanCondition)

   ValidationAutoConfiguration#methodValidationPostProcessor matched:
      - @ConditionalOnMissingBean (types: org.springframework.validation.beanvalidation.MethodValidationPostProcessor; SearchStrategy: current) did not find any beans (OnBeanCondition)

   WebClientAutoConfiguration matched:
      - @ConditionalOnClass found required class 'org.springframework.web.reactive.function.client.WebClient' (OnClassCondition)

   WebClientAutoConfiguration#webClientBuilder matched:
      - @ConditionalOnMissingBean (types: org.springframework.web.reactive.function.client.WebClient$Builder; SearchStrategy: all) did not find any beans (OnBeanCondition)

   WebClientAutoConfiguration#webClientSsl matched:
      - @ConditionalOnBean (types: org.springframework.boot.ssl.SslBundles; SearchStrategy: all) found bean 'sslBundleRegistry'; @ConditionalOnMissingBean (types: org.springframework.boot.autoconfigure.web.reactive.function.client.WebClientSsl; SearchStrategy: all) did not find any beans (OnBeanCondition)

   WebClientAutoConfiguration.WebClientCodecsConfiguration matched:
      - @ConditionalOnBean (types: org.springframework.boot.web.codec.CodecCustomizer; SearchStrategy: all) found beans 'jacksonCodecCustomizer', 'defaultCodecCustomizer' (OnBeanCondition)

   WebClientAutoConfiguration.WebClientCodecsConfiguration#exchangeStrategiesCustomizer matched:
      - @ConditionalOnMissingBean (types: org.springframework.boot.autoconfigure.web.reactive.function.client.WebClientCodecCustomizer; SearchStrategy: all) did not find any beans (OnBeanCondition)

   WebMvcAutoConfiguration matched:
      - @ConditionalOnClass found required classes 'jakarta.servlet.Servlet', 'org.springframework.web.servlet.DispatcherServlet', 'org.springframework.web.servlet.config.annotation.WebMvcConfigurer' (OnClassCondition)
      - found 'session' scope (OnWebApplicationCondition)
      - @ConditionalOnMissingBean (types: org.springframework.web.servlet.config.annotation.WebMvcConfigurationSupport; SearchStrategy: all) did not find any beans (OnBeanCondition)

   WebMvcAutoConfiguration#formContentFilter matched:
      - @ConditionalOnProperty (spring.mvc.formcontent.filter.enabled) matched (OnPropertyCondition)
      - @ConditionalOnMissingBean (types: org.springframework.web.filter.FormContentFilter; SearchStrategy: all) did not find any beans (OnBeanCondition)

   WebMvcAutoConfiguration.EnableWebMvcConfiguration#flashMapManager matched:
      - @ConditionalOnMissingBean (names: flashMapManager; SearchStrategy: all) did not find any beans (OnBeanCondition)

   WebMvcAutoConfiguration.EnableWebMvcConfiguration#localeResolver matched:
      - @ConditionalOnMissingBean (names: localeResolver; SearchStrategy: all) did not find any beans (OnBeanCondition)

   WebMvcAutoConfiguration.EnableWebMvcConfiguration#themeResolver matched:
      - @ConditionalOnMissingBean (names: themeResolver; SearchStrategy: all) did not find any beans (OnBeanCondition)

   WebMvcAutoConfiguration.EnableWebMvcConfiguration#viewNameTranslator matched:
      - @ConditionalOnMissingBean (names: viewNameTranslator; SearchStrategy: all) did not find any beans (OnBeanCondition)

   WebMvcAutoConfiguration.WebMvcAutoConfigurationAdapter#defaultViewResolver matched:
      - @ConditionalOnMissingBean (types: org.springframework.web.servlet.view.InternalResourceViewResolver; SearchStrategy: all) did not find any beans (OnBeanCondition)

   WebMvcAutoConfiguration.WebMvcAutoConfigurationAdapter#requestContextFilter matched:
      - @ConditionalOnMissingBean (types: org.springframework.web.context.request.RequestContextListener,org.springframework.web.filter.RequestContextFilter; SearchStrategy: all) did not find any beans (OnBeanCondition)

   WebMvcAutoConfiguration.WebMvcAutoConfigurationAdapter#viewResolver matched:
      - @ConditionalOnBean (types: org.springframework.web.servlet.ViewResolver; SearchStrategy: all) found beans 'defaultViewResolver', 'beanNameViewResolver', 'mvcViewResolver'; @ConditionalOnMissingBean (names: viewResolver types: org.springframework.web.servlet.view.ContentNegotiatingViewResolver; SearchStrategy: all) did not find any beans (OnBeanCondition)

   WebSocketServletAutoConfiguration matched:
      - @ConditionalOnClass found required classes 'jakarta.servlet.Servlet', 'jakarta.websocket.server.ServerContainer' (OnClassCondition)
      - found 'session' scope (OnWebApplicationCondition)

   WebSocketServletAutoConfiguration.TomcatWebSocketConfiguration matched:
      - @ConditionalOnClass found required classes 'org.apache.catalina.startup.Tomcat', 'org.apache.tomcat.websocket.server.WsSci' (OnClassCondition)

   WebSocketServletAutoConfiguration.TomcatWebSocketConfiguration#websocketServletWebServerCustomizer matched:
      - @ConditionalOnMissingBean (names: websocketServletWebServerCustomizer; SearchStrategy: all) did not find any beans (OnBeanCondition)


Negative matches:
-----------------

   ActiveMQAutoConfiguration:
      Did not match:
         - @ConditionalOnClass did not find required class 'jakarta.jms.ConnectionFactory' (OnClassCondition)

   AopAutoConfiguration.AspectJAutoProxyingConfiguration.JdkDynamicAutoProxyConfiguration:
      Did not match:
         - @ConditionalOnProperty (spring.aop.proxy-target-class=false) did not find property 'proxy-target-class' (OnPropertyCondition)

   AopAutoConfiguration.ClassProxyingConfiguration:
      Did not match:
         - @ConditionalOnMissingClass found unwanted class 'org.aspectj.weaver.Advice' (OnClassCondition)

   ArtemisAutoConfiguration:
      Did not match:
         - @ConditionalOnClass did not find required class 'jakarta.jms.ConnectionFactory' (OnClassCondition)

   BatchAutoConfiguration:
      Did not match:
         - @ConditionalOnClass did not find required class 'org.springframework.batch.core.launch.JobLauncher' (OnClassCondition)

   Cache2kCacheConfiguration:
      Did not match:
         - @ConditionalOnClass did not find required class 'org.cache2k.Cache2kBuilder' (OnClassCondition)

   CacheAutoConfiguration:
      Did not match:
         - @ConditionalOnBean (types: org.springframework.cache.interceptor.CacheAspectSupport; SearchStrategy: all) did not find any beans of type org.springframework.cache.interceptor.CacheAspectSupport (OnBeanCondition)
      Matched:
         - @ConditionalOnClass found required class 'org.springframework.cache.CacheManager' (OnClassCondition)

   CacheAutoConfiguration.CacheManagerEntityManagerFactoryDependsOnPostProcessor:
      Did not match:
         - Ancestor org.springframework.boot.autoconfigure.cache.CacheAutoConfiguration did not match (ConditionEvaluationReport.AncestorsMatchedCondition)
      Matched:
         - @ConditionalOnClass found required class 'org.springframework.orm.jpa.LocalContainerEntityManagerFactoryBean' (OnClassCondition)

   CaffeineCacheConfiguration:
      Did not match:
         - @ConditionalOnClass did not find required class 'com.github.benmanes.caffeine.cache.Caffeine' (OnClassCondition)

   CassandraAutoConfiguration:
      Did not match:
         - @ConditionalOnClass did not find required class 'com.datastax.oss.driver.api.core.CqlSession' (OnClassCondition)

   CassandraDataAutoConfiguration:
      Did not match:
         - @ConditionalOnClass did not find required class 'com.datastax.oss.driver.api.core.CqlSession' (OnClassCondition)

   CassandraReactiveDataAutoConfiguration:
      Did not match:
         - @ConditionalOnClass did not find required class 'com.datastax.oss.driver.api.core.CqlSession' (OnClassCondition)

   CassandraReactiveRepositoriesAutoConfiguration:
      Did not match:
         - @ConditionalOnClass did not find required class 'org.springframework.data.cassandra.ReactiveSession' (OnClassCondition)

   CassandraRepositoriesAutoConfiguration:
      Did not match:
         - @ConditionalOnClass did not find required class 'com.datastax.oss.driver.api.core.CqlSession' (OnClassCondition)

   ClientHttpConnectorFactoryConfiguration.HttpClient5:
      Did not match:
         - @ConditionalOnClass did not find required classes 'org.apache.hc.client5.http.impl.async.HttpAsyncClients', 'org.apache.hc.core5.http.nio.AsyncRequestProducer', 'org.apache.hc.core5.reactive.ReactiveResponseConsumer' (OnClassCondition)

   ClientHttpConnectorFactoryConfiguration.JdkClient:
      Did not match:
         - @ConditionalOnMissingBean (types: org.springframework.boot.autoconfigure.web.reactive.function.client.ClientHttpConnectorFactory; SearchStrategy: all) found beans of type 'org.springframework.boot.autoconfigure.web.reactive.function.client.ClientHttpConnectorFactory' reactorClientHttpConnectorFactory (OnBeanCondition)
      Matched:
         - @ConditionalOnClass found required class 'java.net.http.HttpClient' (OnClassCondition)

   CouchbaseAutoConfiguration:
      Did not match:
         - @ConditionalOnClass did not find required class 'com.couchbase.client.java.Cluster' (OnClassCondition)

   CouchbaseCacheConfiguration:
      Did not match:
         - @ConditionalOnClass did not find required class 'com.couchbase.client.java.Cluster' (OnClassCondition)

   CouchbaseDataAutoConfiguration:
      Did not match:
         - @ConditionalOnClass did not find required class 'com.couchbase.client.java.Bucket' (OnClassCondition)

   CouchbaseReactiveDataAutoConfiguration:
      Did not match:
         - @ConditionalOnClass did not find required class 'com.couchbase.client.java.Cluster' (OnClassCondition)

   CouchbaseReactiveRepositoriesAutoConfiguration:
      Did not match:
         - @ConditionalOnClass did not find required class 'com.couchbase.client.java.Cluster' (OnClassCondition)

   CouchbaseRepositoriesAutoConfiguration:
      Did not match:
         - @ConditionalOnClass did not find required class 'com.couchbase.client.java.Bucket' (OnClassCondition)

   DataSourceAutoConfiguration.EmbeddedDatabaseConfiguration:
      Did not match:
         - EmbeddedDataSource spring.datasource.url is set (DataSourceAutoConfiguration.EmbeddedDatabaseCondition)

   DataSourceCheckpointRestoreConfiguration:
      Did not match:
         - @ConditionalOnClass did not find required class 'org.crac.Resource' (OnClassCondition)

   DataSourceConfiguration.Dbcp2:
      Did not match:
         - @ConditionalOnClass did not find required class 'org.apache.commons.dbcp2.BasicDataSource' (OnClassCondition)

   DataSourceConfiguration.Generic:
      Did not match:
         - @ConditionalOnProperty (spring.datasource.type) did not find property 'spring.datasource.type' (OnPropertyCondition)

   DataSourceConfiguration.OracleUcp:
      Did not match:
         - @ConditionalOnClass did not find required classes 'oracle.ucp.jdbc.PoolDataSourceImpl', 'oracle.jdbc.OracleConnection' (OnClassCondition)

   DataSourceConfiguration.Tomcat:
      Did not match:
         - @ConditionalOnClass did not find required class 'org.apache.tomcat.jdbc.pool.DataSource' (OnClassCondition)

   DataSourceJmxConfiguration:
      Did not match:
         - @ConditionalOnProperty (spring.jmx.enabled=true) found different value in property 'enabled' (OnPropertyCondition)

   DataSourcePoolMetadataProvidersConfiguration.CommonsDbcp2PoolDataSourceMetadataProviderConfiguration:
      Did not match:
         - @ConditionalOnClass did not find required class 'org.apache.commons.dbcp2.BasicDataSource' (OnClassCondition)

   DataSourcePoolMetadataProvidersConfiguration.OracleUcpPoolDataSourceMetadataProviderConfiguration:
      Did not match:
         - @ConditionalOnClass did not find required classes 'oracle.ucp.jdbc.PoolDataSource', 'oracle.jdbc.OracleConnection' (OnClassCondition)

   DataSourcePoolMetadataProvidersConfiguration.TomcatDataSourcePoolMetadataProviderConfiguration:
      Did not match:
         - @ConditionalOnClass did not find required class 'org.apache.tomcat.jdbc.pool.DataSource' (OnClassCondition)

   DataSourceTransactionManagerAutoConfiguration.JdbcTransactionManagerConfiguration#transactionManager:
      Did not match:
         - @ConditionalOnMissingBean (types: org.springframework.transaction.TransactionManager; SearchStrategy: all) found beans of type 'org.springframework.transaction.TransactionManager' transactionManager (OnBeanCondition)

   DispatcherServletAutoConfiguration.DispatcherServletConfiguration#multipartResolver:
      Did not match:
         - @ConditionalOnBean (types: org.springframework.web.multipart.MultipartResolver; SearchStrategy: all) did not find any beans of type org.springframework.web.multipart.MultipartResolver (OnBeanCondition)

   ElasticsearchClientAutoConfiguration:
      Did not match:
         - @ConditionalOnClass did not find required class 'co.elastic.clients.elasticsearch.ElasticsearchClient' (OnClassCondition)

   ElasticsearchDataAutoConfiguration:
      Did not match:
         - @ConditionalOnClass did not find required class 'org.springframework.data.elasticsearch.client.elc.ElasticsearchTemplate' (OnClassCondition)

   ElasticsearchRepositoriesAutoConfiguration:
      Did not match:
         - @ConditionalOnClass did not find required class 'org.springframework.data.elasticsearch.repository.ElasticsearchRepository' (OnClassCondition)

   ElasticsearchRestClientAutoConfiguration:
      Did not match:
         - @ConditionalOnClass did not find required class 'org.elasticsearch.client.RestClientBuilder' (OnClassCondition)

   EmbeddedLdapAutoConfiguration:
      Did not match:
         - @ConditionalOnClass did not find required class 'com.unboundid.ldap.listener.InMemoryDirectoryServer' (OnClassCondition)

   EmbeddedWebServerFactoryCustomizerAutoConfiguration.JettyWebServerFactoryCustomizerConfiguration:
      Did not match:
         - @ConditionalOnClass did not find required classes 'org.eclipse.jetty.server.Server', 'org.eclipse.jetty.util.Loader', 'org.eclipse.jetty.ee10.webapp.WebAppContext' (OnClassCondition)

   EmbeddedWebServerFactoryCustomizerAutoConfiguration.TomcatWebServerFactoryCustomizerConfiguration#tomcatVirtualThreadsProtocolHandlerCustomizer:
      Did not match:
         - @ConditionalOnThreading did not find VIRTUAL (OnThreadingCondition)

   EmbeddedWebServerFactoryCustomizerAutoConfiguration.UndertowWebServerFactoryCustomizerConfiguration:
      Did not match:
         - @ConditionalOnClass did not find required classes 'io.undertow.Undertow', 'org.xnio.SslClientAuthMode' (OnClassCondition)

   ErrorWebFluxAutoConfiguration:
      Did not match:
         - not a reactive web application (OnWebApplicationCondition)
      Matched:
         - @ConditionalOnClass found required class 'org.springframework.web.reactive.config.WebFluxConfigurer' (OnClassCondition)

   FlywayAutoConfiguration:
      Did not match:
         - @ConditionalOnClass did not find required class 'org.flywaydb.core.Flyway' (OnClassCondition)

   FreeMarkerAutoConfiguration:
      Did not match:
         - @ConditionalOnClass did not find required class 'freemarker.template.Configuration' (OnClassCondition)

   GraphQlAutoConfiguration:
      Did not match:
         - @ConditionalOnClass did not find required class 'graphql.GraphQL' (OnClassCondition)

   GraphQlQueryByExampleAutoConfiguration:
      Did not match:
         - @ConditionalOnClass did not find required class 'graphql.GraphQL' (OnClassCondition)

   GraphQlQuerydslAutoConfiguration:
      Did not match:
         - @ConditionalOnClass did not find required class 'com.querydsl.core.Query' (OnClassCondition)

   GraphQlRSocketAutoConfiguration:
      Did not match:
         - @ConditionalOnClass did not find required class 'graphql.GraphQL' (OnClassCondition)

   GraphQlReactiveQueryByExampleAutoConfiguration:
      Did not match:
         - @ConditionalOnClass did not find required class 'graphql.GraphQL' (OnClassCondition)

   GraphQlReactiveQuerydslAutoConfiguration:
      Did not match:
         - @ConditionalOnClass did not find required class 'com.querydsl.core.Query' (OnClassCondition)

   GraphQlWebFluxAutoConfiguration:
      Did not match:
         - @ConditionalOnClass did not find required class 'graphql.GraphQL' (OnClassCondition)

   GraphQlWebFluxSecurityAutoConfiguration:
      Did not match:
         - @ConditionalOnClass did not find required class 'graphql.GraphQL' (OnClassCondition)

   GraphQlWebMvcAutoConfiguration:
      Did not match:
         - @ConditionalOnClass did not find required class 'graphql.GraphQL' (OnClassCondition)

   GraphQlWebMvcSecurityAutoConfiguration:
      Did not match:
         - @ConditionalOnClass did not find required class 'graphql.GraphQL' (OnClassCondition)

   GroovyTemplateAutoConfiguration:
      Did not match:
         - @ConditionalOnClass did not find required class 'groovy.text.markup.MarkupTemplateEngine' (OnClassCondition)

   GsonAutoConfiguration:
      Did not match:
         - @ConditionalOnClass did not find required class 'com.google.gson.Gson' (OnClassCondition)

   GsonHttpMessageConvertersConfiguration:
      Did not match:
         - @ConditionalOnClass did not find required class 'com.google.gson.Gson' (OnClassCondition)

   H2ConsoleAutoConfiguration:
      Did not match:
         - @ConditionalOnProperty (spring.h2.console.enabled=true) did not find property 'enabled' (OnPropertyCondition)
      Matched:
         - @ConditionalOnClass found required class 'org.h2.server.web.JakartaWebServlet' (OnClassCondition)
         - found 'session' scope (OnWebApplicationCondition)

   HazelcastAutoConfiguration:
      Did not match:
         - @ConditionalOnClass did not find required class 'com.hazelcast.core.HazelcastInstance' (OnClassCondition)

   HazelcastCacheConfiguration:
      Did not match:
         - @ConditionalOnClass did not find required class 'com.hazelcast.core.HazelcastInstance' (OnClassCondition)

   HazelcastJpaDependencyAutoConfiguration:
      Did not match:
         - @ConditionalOnClass did not find required class 'com.hazelcast.core.HazelcastInstance' (OnClassCondition)

   HttpHandlerAutoConfiguration:
      Did not match:
         - not a reactive web application (OnWebApplicationCondition)
      Matched:
         - @ConditionalOnClass found required classes 'org.springframework.web.reactive.DispatcherHandler', 'org.springframework.http.server.reactive.HttpHandler' (OnClassCondition)

   HypermediaAutoConfiguration:
      Did not match:
         - @ConditionalOnClass did not find required class 'org.springframework.hateoas.EntityModel' (OnClassCondition)

   InfinispanCacheConfiguration:
      Did not match:
         - @ConditionalOnClass did not find required class 'org.infinispan.spring.embedded.provider.SpringEmbeddedCacheManager' (OnClassCondition)

   IntegrationAutoConfiguration:
      Did not match:
         - @ConditionalOnClass did not find required class 'org.springframework.integration.config.EnableIntegration' (OnClassCondition)

   JCacheCacheConfiguration:
      Did not match:
         - @ConditionalOnClass did not find required class 'javax.cache.Caching' (OnClassCondition)

   JacksonHttpMessageConvertersConfiguration.MappingJackson2XmlHttpMessageConverterConfiguration:
      Did not match:
         - @ConditionalOnClass did not find required class 'com.fasterxml.jackson.dataformat.xml.XmlMapper' (OnClassCondition)

   JdbcRepositoriesAutoConfiguration:
      Did not match:
         - @ConditionalOnClass did not find required class 'org.springframework.data.jdbc.repository.config.AbstractJdbcConfiguration' (OnClassCondition)

   JerseyAutoConfiguration:
      Did not match:
         - @ConditionalOnClass did not find required class 'org.glassfish.jersey.server.spring.SpringComponentProvider' (OnClassCondition)

   JmsAutoConfiguration:
      Did not match:
         - @ConditionalOnClass did not find required class 'jakarta.jms.Message' (OnClassCondition)

   JmxAutoConfiguration:
      Did not match:
         - @ConditionalOnProperty (spring.jmx.enabled=true) found different value in property 'enabled' (OnPropertyCondition)
      Matched:
         - @ConditionalOnClass found required class 'org.springframework.jmx.export.MBeanExporter' (OnClassCondition)

   JndiConnectionFactoryAutoConfiguration:
      Did not match:
         - @ConditionalOnClass did not find required class 'org.springframework.jms.core.JmsTemplate' (OnClassCondition)

   JndiDataSourceAutoConfiguration:
      Did not match:
         - @ConditionalOnProperty (spring.datasource.jndi-name) did not find property 'jndi-name' (OnPropertyCondition)
      Matched:
         - @ConditionalOnClass found required classes 'javax.sql.DataSource', 'org.springframework.jdbc.datasource.embedded.EmbeddedDatabaseType' (OnClassCondition)

   JndiJtaConfiguration:
      Did not match:
         - @ConditionalOnJndi JNDI environment is not available (OnJndiCondition)
      Matched:
         - @ConditionalOnClass found required class 'org.springframework.transaction.jta.JtaTransactionManager' (OnClassCondition)

   JooqAutoConfiguration:
      Did not match:
         - @ConditionalOnClass did not find required class 'org.jooq.DSLContext' (OnClassCondition)

   JpaRepositoriesAutoConfiguration#entityManagerFactoryBootstrapExecutorCustomizer:
      Did not match:
         - AnyNestedCondition 0 matched 2 did not; NestedCondition on JpaRepositoriesAutoConfiguration.BootstrapExecutorCondition.LazyBootstrapMode @ConditionalOnProperty (spring.data.jpa.repositories.bootstrap-mode=lazy) did not find property 'bootstrap-mode'; NestedCondition on JpaRepositoriesAutoConfiguration.BootstrapExecutorCondition.DeferredBootstrapMode @ConditionalOnProperty (spring.data.jpa.repositories.bootstrap-mode=deferred) did not find property 'bootstrap-mode' (JpaRepositoriesAutoConfiguration.BootstrapExecutorCondition)

   JsonbAutoConfiguration:
      Did not match:
         - @ConditionalOnClass did not find required class 'jakarta.json.bind.Jsonb' (OnClassCondition)

   JsonbHttpMessageConvertersConfiguration:
      Did not match:
         - @ConditionalOnClass did not find required class 'jakarta.json.bind.Jsonb' (OnClassCondition)

   KafkaAutoConfiguration:
      Did not match:
         - @ConditionalOnClass did not find required class 'org.springframework.kafka.core.KafkaTemplate' (OnClassCondition)

   LdapAutoConfiguration:
      Did not match:
         - @ConditionalOnClass did not find required class 'org.springframework.ldap.core.ContextSource' (OnClassCondition)

   LdapRepositoriesAutoConfiguration:
      Did not match:
         - @ConditionalOnClass did not find required class 'org.springframework.data.ldap.repository.LdapRepository' (OnClassCondition)

   LiquibaseAutoConfiguration:
      Did not match:
         - @ConditionalOnClass did not find required class 'liquibase.change.DatabaseChange' (OnClassCondition)

   MailSenderAutoConfiguration:
      Did not match:
         - AnyNestedCondition 0 matched 2 did not; NestedCondition on MailSenderAutoConfiguration.MailSenderCondition.JndiNameProperty @ConditionalOnProperty (spring.mail.jndi-name) did not find property 'jndi-name'; NestedCondition on MailSenderAutoConfiguration.MailSenderCondition.HostProperty @ConditionalOnProperty (spring.mail.host) did not find property 'host' (MailSenderAutoConfiguration.MailSenderCondition)
      Matched:
         - @ConditionalOnClass found required classes 'jakarta.mail.internet.MimeMessage', 'jakarta.activation.MimeType', 'org.springframework.mail.MailSender' (OnClassCondition)

   MailSenderValidatorAutoConfiguration:
      Did not match:
         - @ConditionalOnProperty (spring.mail.test-connection) did not find property 'test-connection' (OnPropertyCondition)

   MessageSourceAutoConfiguration:
      Did not match:
         - ResourceBundle did not find bundle with basename messages (MessageSourceAutoConfiguration.ResourceBundleCondition)

   MongoAutoConfiguration:
      Did not match:
         - @ConditionalOnClass did not find required class 'com.mongodb.client.MongoClient' (OnClassCondition)

   MongoDataAutoConfiguration:
      Did not match:
         - @ConditionalOnClass did not find required class 'com.mongodb.client.MongoClient' (OnClassCondition)

   MongoReactiveAutoConfiguration:
      Did not match:
         - @ConditionalOnClass did not find required class 'com.mongodb.reactivestreams.client.MongoClient' (OnClassCondition)

   MongoReactiveDataAutoConfiguration:
      Did not match:
         - @ConditionalOnClass did not find required class 'com.mongodb.reactivestreams.client.MongoClient' (OnClassCondition)

   MongoReactiveRepositoriesAutoConfiguration:
      Did not match:
         - @ConditionalOnClass did not find required class 'com.mongodb.reactivestreams.client.MongoClient' (OnClassCondition)

   MongoRepositoriesAutoConfiguration:
      Did not match:
         - @ConditionalOnClass did not find required class 'com.mongodb.client.MongoClient' (OnClassCondition)

   MustacheAutoConfiguration:
      Did not match:
         - @ConditionalOnClass did not find required class 'com.samskivert.mustache.Mustache' (OnClassCondition)

   Neo4jAutoConfiguration:
      Did not match:
         - @ConditionalOnClass did not find required class 'org.neo4j.driver.Driver' (OnClassCondition)

   Neo4jDataAutoConfiguration:
      Did not match:
         - @ConditionalOnClass did not find required class 'org.neo4j.driver.Driver' (OnClassCondition)

   Neo4jReactiveDataAutoConfiguration:
      Did not match:
         - @ConditionalOnClass did not find required class 'org.neo4j.driver.Driver' (OnClassCondition)

   Neo4jReactiveRepositoriesAutoConfiguration:
      Did not match:
         - @ConditionalOnClass did not find required class 'org.neo4j.driver.Driver' (OnClassCondition)

   Neo4jRepositoriesAutoConfiguration:
      Did not match:
         - @ConditionalOnClass did not find required class 'org.neo4j.driver.Driver' (OnClassCondition)

   OAuth2AuthorizationServerAutoConfiguration:
      Did not match:
         - @ConditionalOnClass did not find required class 'org.springframework.security.oauth2.server.authorization.OAuth2Authorization' (OnClassCondition)

   OAuth2AuthorizationServerJwtAutoConfiguration:
      Did not match:
         - @ConditionalOnClass did not find required class 'org.springframework.security.oauth2.server.authorization.OAuth2Authorization' (OnClassCondition)

   OAuth2ClientAutoConfiguration:
      Did not match:
         - @ConditionalOnClass did not find required class 'org.springframework.security.config.annotation.web.configuration.EnableWebSecurity' (OnClassCondition)

   OAuth2ResourceServerAutoConfiguration:
      Did not match:
         - @ConditionalOnClass did not find required class 'org.springframework.security.oauth2.server.resource.authentication.BearerTokenAuthenticationToken' (OnClassCondition)

   ProjectInfoAutoConfiguration#buildProperties:
      Did not match:
         - @ConditionalOnResource did not find resource '${spring.info.build.location:classpath:META-INF/build-info.properties}' (OnResourceCondition)

   ProjectInfoAutoConfiguration#gitProperties:
      Did not match:
         - GitResource did not find git info at classpath:git.properties (ProjectInfoAutoConfiguration.GitResourceAvailableCondition)

   PulsarAutoConfiguration:
      Did not match:
         - @ConditionalOnClass did not find required class 'org.apache.pulsar.client.api.PulsarClient' (OnClassCondition)

   PulsarReactiveAutoConfiguration:
      Did not match:
         - @ConditionalOnClass did not find required class 'org.apache.pulsar.client.api.PulsarClient' (OnClassCondition)

   QuartzAutoConfiguration:
      Did not match:
         - @ConditionalOnClass did not find required class 'org.quartz.Scheduler' (OnClassCondition)

   R2dbcAutoConfiguration:
      Did not match:
         - @ConditionalOnClass did not find required class 'io.r2dbc.spi.ConnectionFactory' (OnClassCondition)

   R2dbcDataAutoConfiguration:
      Did not match:
         - @ConditionalOnClass did not find required class 'org.springframework.data.r2dbc.core.R2dbcEntityTemplate' (OnClassCondition)

   R2dbcProxyAutoConfiguration:
      Did not match:
         - @ConditionalOnClass did not find required class 'io.r2dbc.proxy.ProxyConnectionFactory' (OnClassCondition)

   R2dbcRepositoriesAutoConfiguration:
      Did not match:
         - @ConditionalOnClass did not find required class 'io.r2dbc.spi.ConnectionFactory' (OnClassCondition)

   R2dbcTransactionManagerAutoConfiguration:
      Did not match:
         - @ConditionalOnClass did not find required class 'org.springframework.r2dbc.connection.R2dbcTransactionManager' (OnClassCondition)

   RSocketGraphQlClientAutoConfiguration:
      Did not match:
         - @ConditionalOnClass did not find required class 'graphql.GraphQL' (OnClassCondition)

   RSocketMessagingAutoConfiguration:
      Did not match:
         - @ConditionalOnClass did not find required class 'io.rsocket.RSocket' (OnClassCondition)

   RSocketRequesterAutoConfiguration:
      Did not match:
         - @ConditionalOnClass did not find required class 'io.rsocket.RSocket' (OnClassCondition)

   RSocketSecurityAutoConfiguration:
      Did not match:
         - @ConditionalOnClass did not find required class 'org.springframework.security.rsocket.core.SecuritySocketAcceptorInterceptor' (OnClassCondition)

   RSocketServerAutoConfiguration:
      Did not match:
         - @ConditionalOnClass did not find required class 'io.rsocket.core.RSocketServer' (OnClassCondition)

   RSocketStrategiesAutoConfiguration:
      Did not match:
         - @ConditionalOnClass did not find required class 'io.rsocket.RSocket' (OnClassCondition)

   RabbitAutoConfiguration:
      Did not match:
         - @ConditionalOnClass did not find required class 'com.rabbitmq.client.Channel' (OnClassCondition)

   ReactiveElasticsearchClientAutoConfiguration:
      Did not match:
         - @ConditionalOnClass did not find required class 'co.elastic.clients.transport.ElasticsearchTransport' (OnClassCondition)

   ReactiveElasticsearchRepositoriesAutoConfiguration:
      Did not match:
         - @ConditionalOnClass did not find required class 'org.springframework.data.elasticsearch.client.elc.ReactiveElasticsearchClient' (OnClassCondition)

   ReactiveMultipartAutoConfiguration:
      Did not match:
         - not a reactive web application (OnWebApplicationCondition)
      Matched:
         - @ConditionalOnClass found required classes 'org.springframework.http.codec.multipart.DefaultPartHttpMessageReader', 'org.springframework.web.reactive.config.WebFluxConfigurer' (OnClassCondition)

   ReactiveOAuth2ClientAutoConfiguration:
      Did not match:
         - @ConditionalOnClass did not find required class 'org.springframework.security.config.annotation.web.reactive.EnableWebFluxSecurity' (OnClassCondition)

   ReactiveOAuth2ResourceServerAutoConfiguration:
      Did not match:
         - @ConditionalOnClass did not find required class 'org.springframework.security.config.annotation.web.reactive.EnableWebFluxSecurity' (OnClassCondition)

   ReactiveSecurityAutoConfiguration:
      Did not match:
         - @ConditionalOnClass did not find required class 'org.springframework.security.config.annotation.web.reactive.EnableWebFluxSecurity' (OnClassCondition)

   ReactiveUserDetailsServiceAutoConfiguration:
      Did not match:
         - @ConditionalOnClass did not find required class 'org.springframework.security.authentication.ReactiveAuthenticationManager' (OnClassCondition)

   ReactiveWebServerFactoryAutoConfiguration:
      Did not match:
         - not a reactive web application (OnWebApplicationCondition)
      Matched:
         - @ConditionalOnClass found required class 'org.springframework.http.ReactiveHttpInputMessage' (OnClassCondition)

   RedisAutoConfiguration:
      Did not match:
         - @ConditionalOnClass did not find required class 'org.springframework.data.redis.core.RedisOperations' (OnClassCondition)

   RedisCacheConfiguration:
      Did not match:
         - @ConditionalOnClass did not find required class 'org.springframework.data.redis.connection.RedisConnectionFactory' (OnClassCondition)

   RedisReactiveAutoConfiguration:
      Did not match:
         - @ConditionalOnClass did not find required class 'org.springframework.data.redis.connection.ReactiveRedisConnectionFactory' (OnClassCondition)

   RedisRepositoriesAutoConfiguration:
      Did not match:
         - @ConditionalOnClass did not find required class 'org.springframework.data.redis.repository.configuration.EnableRedisRepositories' (OnClassCondition)

   RepositoryRestMvcAutoConfiguration:
      Did not match:
         - @ConditionalOnClass did not find required class 'org.springframework.data.rest.webmvc.config.RepositoryRestMvcConfiguration' (OnClassCondition)

   Saml2RelyingPartyAutoConfiguration:
      Did not match:
         - @ConditionalOnClass did not find required class 'org.springframework.security.saml2.provider.service.registration.RelyingPartyRegistrationRepository' (OnClassCondition)

   SecurityAutoConfiguration:
      Did not match:
         - @ConditionalOnClass did not find required class 'org.springframework.security.authentication.DefaultAuthenticationEventPublisher' (OnClassCondition)

   SecurityFilterAutoConfiguration:
      Did not match:
         - @ConditionalOnClass did not find required class 'org.springframework.security.config.http.SessionCreationPolicy' (OnClassCondition)

   SendGridAutoConfiguration:
      Did not match:
         - @ConditionalOnClass did not find required class 'com.sendgrid.SendGrid' (OnClassCondition)

   ServletWebServerFactoryAutoConfiguration.ForwardedHeaderFilterConfiguration:
      Did not match:
         - @ConditionalOnProperty (server.forward-headers-strategy=framework) did not find property 'server.forward-headers-strategy' (OnPropertyCondition)

   ServletWebServerFactoryConfiguration.EmbeddedJetty:
      Did not match:
         - @ConditionalOnClass did not find required classes 'org.eclipse.jetty.server.Server', 'org.eclipse.jetty.util.Loader', 'org.eclipse.jetty.ee10.webapp.WebAppContext' (OnClassCondition)

   ServletWebServerFactoryConfiguration.EmbeddedUndertow:
      Did not match:
         - @ConditionalOnClass did not find required classes 'io.undertow.Undertow', 'org.xnio.SslClientAuthMode' (OnClassCondition)

   SessionAutoConfiguration:
      Did not match:
         - @ConditionalOnClass did not find required class 'org.springframework.session.Session' (OnClassCondition)

   SpringApplicationAdminJmxAutoConfiguration:
      Did not match:
         - @ConditionalOnProperty (spring.application.admin.enabled=true) did not find property 'enabled' (OnPropertyCondition)

   SqlInitializationAutoConfiguration:
      Did not match:
         - NoneNestedConditions 1 matched 0 did not; NestedCondition on SqlInitializationAutoConfiguration.SqlInitializationModeCondition.ModeIsNever @ConditionalOnProperty (spring.sql.init.mode=never) matched (SqlInitializationAutoConfiguration.SqlInitializationModeCondition)
      Matched:
         - @ConditionalOnProperty (spring.sql.init.enabled) matched (OnPropertyCondition)

   TaskExecutorConfigurations.SimpleAsyncTaskExecutorBuilderConfiguration#simpleAsyncTaskExecutorBuilderVirtualThreads:
      Did not match:
         - @ConditionalOnMissingBean (types: org.springframework.boot.task.SimpleAsyncTaskExecutorBuilder; SearchStrategy: all) found beans of type 'org.springframework.boot.task.SimpleAsyncTaskExecutorBuilder' simpleAsyncTaskExecutorBuilder (OnBeanCondition)

   TaskExecutorConfigurations.TaskExecutorConfiguration#applicationTaskExecutorVirtualThreads:
      Did not match:
         - @ConditionalOnThreading did not find VIRTUAL (OnThreadingCondition)

   TaskSchedulingAutoConfiguration#scheduledBeanLazyInitializationExcludeFilter:
      Did not match:
         - @ConditionalOnBean (names: org.springframework.context.annotation.internalScheduledAnnotationProcessor; SearchStrategy: all) did not find any beans named org.springframework.context.annotation.internalScheduledAnnotationProcessor (OnBeanCondition)

   TaskSchedulingConfigurations.SimpleAsyncTaskSchedulerBuilderConfiguration#simpleAsyncTaskSchedulerBuilderVirtualThreads:
      Did not match:
         - @ConditionalOnMissingBean (types: org.springframework.boot.task.SimpleAsyncTaskSchedulerBuilder; SearchStrategy: all) found beans of type 'org.springframework.boot.task.SimpleAsyncTaskSchedulerBuilder' simpleAsyncTaskSchedulerBuilder (OnBeanCondition)

   TaskSchedulingConfigurations.TaskSchedulerConfiguration:
      Did not match:
         - @ConditionalOnBean (names: org.springframework.context.annotation.internalScheduledAnnotationProcessor; SearchStrategy: all) did not find any beans named org.springframework.context.annotation.internalScheduledAnnotationProcessor (OnBeanCondition)

   ThymeleafAutoConfiguration:
      Did not match:
         - @ConditionalOnClass did not find required class 'org.thymeleaf.spring6.SpringTemplateEngine' (OnClassCondition)

   TransactionAutoConfiguration#transactionalOperator:
      Did not match:
         - @ConditionalOnSingleCandidate (types: org.springframework.transaction.ReactiveTransactionManager; SearchStrategy: all) did not find any beans (OnBeanCondition)

   TransactionAutoConfiguration.AspectJTransactionManagementConfiguration:
      Did not match:
         - @ConditionalOnBean (types: org.springframework.transaction.aspectj.AbstractTransactionAspect; SearchStrategy: all) did not find any beans of type org.springframework.transaction.aspectj.AbstractTransactionAspect (OnBeanCondition)

   TransactionAutoConfiguration.EnableTransactionManagementConfiguration.JdkDynamicAutoProxyConfiguration:
      Did not match:
         - @ConditionalOnProperty (spring.aop.proxy-target-class=false) did not find property 'proxy-target-class' (OnPropertyCondition)

   UserDetailsServiceAutoConfiguration:
      Did not match:
         - @ConditionalOnClass did not find required class 'org.springframework.security.authentication.AuthenticationManager' (OnClassCondition)

   WebFluxAutoConfiguration:
      Did not match:
         - not a reactive web application (OnWebApplicationCondition)
      Matched:
         - @ConditionalOnClass found required class 'org.springframework.web.reactive.config.WebFluxConfigurer' (OnClassCondition)

   WebMvcAutoConfiguration#hiddenHttpMethodFilter:
      Did not match:
         - @ConditionalOnProperty (spring.mvc.hiddenmethod.filter.enabled) did not find property 'enabled' (OnPropertyCondition)

   WebMvcAutoConfiguration.ProblemDetailsErrorHandlingConfiguration:
      Did not match:
         - @ConditionalOnProperty (spring.mvc.problemdetails.enabled=true) did not find property 'enabled' (OnPropertyCondition)

   WebMvcAutoConfiguration.ResourceChainCustomizerConfiguration:
      Did not match:
         - @ConditionalOnEnabledResourceChain did not find class org.webjars.WebJarVersionLocator (OnEnabledResourceChainCondition)

   WebMvcAutoConfiguration.WebMvcAutoConfigurationAdapter#beanNameViewResolver:
      Did not match:
         - @ConditionalOnMissingBean (types: org.springframework.web.servlet.view.BeanNameViewResolver; SearchStrategy: all) found beans of type 'org.springframework.web.servlet.view.BeanNameViewResolver' beanNameViewResolver (OnBeanCondition)

   WebServiceTemplateAutoConfiguration:
      Did not match:
         - @ConditionalOnClass did not find required class 'org.springframework.oxm.Marshaller' (OnClassCondition)

   WebServicesAutoConfiguration:
      Did not match:
         - @ConditionalOnClass did not find required class 'org.springframework.ws.transport.http.MessageDispatcherServlet' (OnClassCondition)

   WebSessionIdResolverAutoConfiguration:
      Did not match:
         - not a reactive web application (OnWebApplicationCondition)
      Matched:
         - @ConditionalOnClass found required classes 'org.springframework.web.server.session.WebSessionManager', 'reactor.core.publisher.Mono' (OnClassCondition)

   WebSocketMessagingAutoConfiguration:
      Did not match:
         - @ConditionalOnClass did not find required class 'org.springframework.web.socket.config.annotation.WebSocketMessageBrokerConfigurer' (OnClassCondition)

   WebSocketReactiveAutoConfiguration:
      Did not match:
         - not a reactive web application (OnWebApplicationCondition)
      Matched:
         - @ConditionalOnClass found required classes 'jakarta.servlet.Servlet', 'jakarta.websocket.server.ServerContainer' (OnClassCondition)

   WebSocketServletAutoConfiguration.JettyWebSocketConfiguration:
      Did not match:
         - @ConditionalOnClass did not find required class 'org.eclipse.jetty.ee10.websocket.jakarta.server.config.JakartaWebSocketServletContainerInitializer' (OnClassCondition)

   WebSocketServletAutoConfiguration.UndertowWebSocketConfiguration:
      Did not match:
         - @ConditionalOnClass did not find required class 'io.undertow.websockets.jsr.Bootstrap' (OnClassCondition)

   XADataSourceAutoConfiguration:
      Did not match:
         - @ConditionalOnBean (types: org.springframework.boot.jdbc.XADataSourceWrapper; SearchStrategy: all) did not find any beans of type org.springframework.boot.jdbc.XADataSourceWrapper (OnBeanCondition)
      Matched:
         - @ConditionalOnClass found required classes 'javax.sql.DataSource', 'jakarta.transaction.TransactionManager', 'org.springframework.jdbc.datasource.embedded.EmbeddedDatabaseType' (OnClassCondition)


Exclusions:
-----------

    None


Unconditional classes:
----------------------

    org.springframework.boot.autoconfigure.context.ConfigurationPropertiesAutoConfiguration

    org.springframework.boot.autoconfigure.ssl.SslAutoConfiguration

    org.springframework.boot.autoconfigure.context.PropertyPlaceholderAutoConfiguration

    org.springframework.boot.autoconfigure.context.LifecycleAutoConfiguration

    org.springframework.boot.autoconfigure.availability.ApplicationAvailabilityAutoConfiguration

    org.springframework.boot.autoconfigure.info.ProjectInfoAutoConfiguration



DEBUG o.s.b.a.ApplicationAvailabilityBean - Application availability state LivenessState changed to CORRECT
DEBUG o.s.b.a.ApplicationAvailabilityBean - Application availability state ReadinessState changed to ACCEPTING_TRAFFIC
DEBUG org.hibernate.SQL - insert into orders (contact_phone,delivery_address,delivery_fee,last_updated,latitude,longitude,order_date,restaurant_id,status,subtotal,tax,total_amount,user_id,order_id) values (?,?,?,?,?,?,?,?,?,?,?,?,?,default)
DEBUG org.hibernate.SQL - insert into order_items (item_name,menu_item_id,quantity,total_price,unit_price,id) values (?,?,?,?,?,default)
DEBUG org.hibernate.SQL - update order_items set order_id=? where id=?
DEBUG org.hibernate.SQL - insert into orders (contact_phone,delivery_address,delivery_fee,last_updated,latitude,longitude,order_date,restaurant_id,status,subtotal,tax,total_amount,user_id,order_id) values (?,?,?,?,?,?,?,?,?,?,?,?,?,default)
DEBUG org.hibernate.SQL - insert into order_items (item_name,menu_item_id,quantity,total_price,unit_price,id) values (?,?,?,?,?,default)
DEBUG org.hibernate.SQL - update order_items set order_id=? where id=?
DEBUG org.hibernate.SQL - insert into orders (contact_phone,delivery_address,delivery_fee,last_updated,latitude,longitude,order_date,restaurant_id,status,subtotal,tax,total_amount,user_id,order_id) values (?,?,?,?,?,?,?,?,?,?,?,?,?,default)
DEBUG org.hibernate.SQL - insert into order_items (item_name,menu_item_id,quantity,total_price,unit_price,id) values (?,?,?,?,?,default)
DEBUG org.hibernate.SQL - update order_items set order_id=? where id=?
DEBUG org.hibernate.SQL - insert into orders (contact_phone,delivery_address,delivery_fee,last_updated,latitude,longitude,order_date,restaurant_id,status,subtotal,tax,total_amount,user_id,order_id) values (?,?,?,?,?,?,?,?,?,?,?,?,?,default)
DEBUG org.hibernate.SQL - insert into order_items (item_name,menu_item_id,quantity,total_price,unit_price,id) values (?,?,?,?,?,default)
DEBUG org.hibernate.SQL - update order_items set order_id=? where id=?
DEBUG org.hibernate.SQL - insert into orders (contact_phone,delivery_address,delivery_fee,last_updated,latitude,longitude,order_date,restaurant_id,status,subtotal,tax,total_amount,user_id,order_id) values (?,?,?,?,?,?,?,?,?,?,?,?,?,default)
DEBUG org.hibernate.SQL - insert into order_items (item_name,menu_item_id,quantity,total_price,unit_price,id) values (?,?,?,?,?,default)
DEBUG org.hibernate.SQL - update order_items set order_id=? where id=?
DEBUG org.hibernate.SQL - insert into orders (contact_phone,delivery_address,delivery_fee,last_updated,latitude,longitude,order_date,restaurant_id,status,subtotal,tax,total_amount,user_id,order_id) values (?,?,?,?,?,?,?,?,?,?,?,?,?,default)
DEBUG org.hibernate.SQL - insert into order_items (item_name,menu_item_id,quantity,total_price,unit_price,id) values (?,?,?,?,?,default)
DEBUG org.hibernate.SQL - update order_items set order_id=? where id=?
DEBUG org.hibernate.SQL - insert into orders (contact_phone,delivery_address,delivery_fee,last_updated,latitude,longitude,order_date,restaurant_id,status,subtotal,tax,total_amount,user_id,order_id) values (?,?,?,?,?,?,?,?,?,?,?,?,?,default)
DEBUG org.hibernate.SQL - insert into order_items (item_name,menu_item_id,quantity,total_price,unit_price,id) values (?,?,?,?,?,default)
DEBUG org.hibernate.SQL - update order_items set order_id=? where id=?
DEBUG org.hibernate.SQL - insert into orders (contact_phone,delivery_address,delivery_fee,last_updated,latitude,longitude,order_date,restaurant_id,status,subtotal,tax,total_amount,user_id,order_id) values (?,?,?,?,?,?,?,?,?,?,?,?,?,default)
DEBUG org.hibernate.SQL - insert into order_items (item_name,menu_item_id,quantity,total_price,unit_price,id) values (?,?,?,?,?,default)
DEBUG org.hibernate.SQL - update order_items set order_id=? where id=?
DEBUG org.hibernate.SQL - insert into orders (contact_phone,delivery_address,delivery_fee,last_updated,latitude,longitude,order_date,restaurant_id,status,subtotal,tax,total_amount,user_id,order_id) values (?,?,?,?,?,?,?,?,?,?,?,?,?,default)
DEBUG org.hibernate.SQL - insert into order_items (item_name,menu_item_id,quantity,total_price,unit_price,id) values (?,?,?,?,?,default)
DEBUG org.hibernate.SQL - update order_items set order_id=? where id=?
DEBUG org.hibernate.SQL - insert into orders (contact_phone,delivery_address,delivery_fee,last_updated,latitude,longitude,order_date,restaurant_id,status,subtotal,tax,total_amount,user_id,order_id) values (?,?,?,?,?,?,?,?,?,?,?,?,?,default)
DEBUG org.hibernate.SQL - insert into order_items (item_name,menu_item_id,quantity,total_price,unit_price,id) values (?,?,?,?,?,default)
DEBUG org.hibernate.SQL - update order_items set order_id=? where id=?
DEBUG org.hibernate.SQL - insert into orders (contact_phone,delivery_address,delivery_fee,last_updated,latitude,longitude,order_date,restaurant_id,status,subtotal,tax,total_amount,user_id,order_id) values (?,?,?,?,?,?,?,?,?,?,?,?,?,default)
DEBUG org.hibernate.SQL - insert into order_items (item_name,menu_item_id,quantity,total_price,unit_price,id) values (?,?,?,?,?,default)
DEBUG org.hibernate.SQL - update order_items set order_id=? where id=?
DEBUG org.hibernate.SQL - insert into orders (contact_phone,delivery_address,delivery_fee,last_updated,latitude,longitude,order_date,restaurant_id,status,subtotal,tax,total_amount,user_id,order_id) values (?,?,?,?,?,?,?,?,?,?,?,?,?,default)
DEBUG org.hibernate.SQL - insert into order_items (item_name,menu_item_id,quantity,total_price,unit_price,id) values (?,?,?,?,?,default)
DEBUG org.hibernate.SQL - update order_items set order_id=? where id=?
DEBUG org.hibernate.SQL - insert into orders (contact_phone,delivery_address,delivery_fee,last_updated,latitude,longitude,order_date,restaurant_id,status,subtotal,tax,total_amount,user_id,order_id) values (?,?,?,?,?,?,?,?,?,?,?,?,?,default)
DEBUG org.hibernate.SQL - insert into order_items (item_name,menu_item_id,quantity,total_price,unit_price,id) values (?,?,?,?,?,default)
DEBUG org.hibernate.SQL - update order_items set order_id=? where id=?
DEBUG org.hibernate.SQL - insert into orders (contact_phone,delivery_address,delivery_fee,last_updated,latitude,longitude,order_date,restaurant_id,status,subtotal,tax,total_amount,user_id,order_id) values (?,?,?,?,?,?,?,?,?,?,?,?,?,default)
DEBUG org.hibernate.SQL - insert into order_items (item_name,menu_item_id,quantity,total_price,unit_price,id) values (?,?,?,?,?,default)
DEBUG org.hibernate.SQL - update order_items set order_id=? where id=?
DEBUG org.hibernate.SQL - insert into orders (contact_phone,delivery_address,delivery_fee,last_updated,latitude,longitude,order_date,restaurant_id,status,subtotal,tax,total_amount,user_id,order_id) values (?,?,?,?,?,?,?,?,?,?,?,?,?,default)
DEBUG org.hibernate.SQL - insert into order_items (item_name,menu_item_id,quantity,total_price,unit_price,id) values (?,?,?,?,?,default)
DEBUG org.hibernate.SQL - update order_items set order_id=? where id=?
DEBUG org.hibernate.SQL - insert into orders (contact_phone,delivery_address,delivery_fee,last_updated,latitude,longitude,order_date,restaurant_id,status,subtotal,tax,total_amount,user_id,order_id) values (?,?,?,?,?,?,?,?,?,?,?,?,?,default)
DEBUG org.hibernate.SQL - insert into order_items (item_name,menu_item_id,quantity,total_price,unit_price,id) values (?,?,?,?,?,default)
DEBUG org.hibernate.SQL - update order_items set order_id=? where id=?
DEBUG org.hibernate.SQL - insert into orders (contact_phone,delivery_address,delivery_fee,last_updated,latitude,longitude,order_date,restaurant_id,status,subtotal,tax,total_amount,user_id,order_id) values (?,?,?,?,?,?,?,?,?,?,?,?,?,default)
DEBUG org.hibernate.SQL - insert into order_items (item_name,menu_item_id,quantity,total_price,unit_price,id) values (?,?,?,?,?,default)
DEBUG org.hibernate.SQL - update order_items set order_id=? where id=?
DEBUG org.hibernate.SQL - insert into orders (contact_phone,delivery_address,delivery_fee,last_updated,latitude,longitude,order_date,restaurant_id,status,subtotal,tax,total_amount,user_id,order_id) values (?,?,?,?,?,?,?,?,?,?,?,?,?,default)
DEBUG org.hibernate.SQL - insert into order_items (item_name,menu_item_id,quantity,total_price,unit_price,id) values (?,?,?,?,?,default)
DEBUG org.hibernate.SQL - update order_items set order_id=? where id=?
DEBUG org.hibernate.SQL - insert into orders (contact_phone,delivery_address,delivery_fee,last_updated,latitude,longitude,order_date,restaurant_id,status,subtotal,tax,total_amount,user_id,order_id) values (?,?,?,?,?,?,?,?,?,?,?,?,?,default)
DEBUG org.hibernate.SQL - insert into order_items (item_name,menu_item_id,quantity,total_price,unit_price,id) values (?,?,?,?,?,default)
DEBUG org.hibernate.SQL - update order_items set order_id=? where id=?
DEBUG org.hibernate.SQL - insert into orders (contact_phone,delivery_address,delivery_fee,last_updated,latitude,longitude,order_date,restaurant_id,status,subtotal,tax,total_amount,user_id,order_id) values (?,?,?,?,?,?,?,?,?,?,?,?,?,default)
DEBUG org.hibernate.SQL - insert into order_items (item_name,menu_item_id,quantity,total_price,unit_price,id) values (?,?,?,?,?,default)
DEBUG org.hibernate.SQL - update order_items set order_id=? where id=?
DEBUG org.hibernate.SQL - insert into orders (contact_phone,delivery_address,delivery_fee,last_updated,latitude,longitude,order_date,restaurant_id,status,subtotal,tax,total_amount,user_id,order_id) values (?,?,?,?,?,?,?,?,?,?,?,?,?,default)
DEBUG org.hibernate.SQL - insert into order_items (item_name,menu_item_id,quantity,total_price,unit_price,id) values (?,?,?,?,?,default)
DEBUG org.hibernate.SQL - update order_items set order_id=? where id=?
DEBUG org.hibernate.SQL - insert into orders (contact_phone,delivery_address,delivery_fee,last_updated,latitude,longitude,order_date,restaurant_id,status,subtotal,tax,total_amount,user_id,order_id) values (?,?,?,?,?,?,?,?,?,?,?,?,?,default)
DEBUG org.hibernate.SQL - insert into order_items (item_name,menu_item_id,quantity,total_price,unit_price,id) values (?,?,?,?,?,default)
DEBUG org.hibernate.SQL - update order_items set order_id=? where id=?
DEBUG org.hibernate.SQL - insert into orders (contact_phone,delivery_address,delivery_fee,last_updated,latitude,longitude,order_date,restaurant_id,status,subtotal,tax,total_amount,user_id,order_id) values (?,?,?,?,?,?,?,?,?,?,?,?,?,default)
DEBUG org.hibernate.SQL - insert into order_items (item_name,menu_item_id,quantity,total_price,unit_price,id) values (?,?,?,?,?,default)
DEBUG org.hibernate.SQL - update order_items set order_id=? where id=?
DEBUG org.hibernate.SQL - insert into orders (contact_phone,delivery_address,delivery_fee,last_updated,latitude,longitude,order_date,restaurant_id,status,subtotal,tax,total_amount,user_id,order_id) values (?,?,?,?,?,?,?,?,?,?,?,?,?,default)
DEBUG org.hibernate.SQL - insert into order_items (item_name,menu_item_id,quantity,total_price,unit_price,id) values (?,?,?,?,?,default)
DEBUG org.hibernate.SQL - update order_items set order_id=? where id=?
DEBUG org.hibernate.SQL - insert into orders (contact_phone,delivery_address,delivery_fee,last_updated,latitude,longitude,order_date,restaurant_id,status,subtotal,tax,total_amount,user_id,order_id) values (?,?,?,?,?,?,?,?,?,?,?,?,?,default)
DEBUG org.hibernate.SQL - insert into order_items (item_name,menu_item_id,quantity,total_price,unit_price,id) values (?,?,?,?,?,default)
DEBUG org.hibernate.SQL - update order_items set order_id=? where id=?
DEBUG org.hibernate.SQL - insert into orders (contact_phone,delivery_address,delivery_fee,last_updated,latitude,longitude,order_date,restaurant_id,status,subtotal,tax,total_amount,user_id,order_id) values (?,?,?,?,?,?,?,?,?,?,?,?,?,default)
DEBUG org.hibernate.SQL - insert into order_items (item_name,menu_item_id,quantity,total_price,unit_price,id) values (?,?,?,?,?,default)
DEBUG org.hibernate.SQL - update order_items set order_id=? where id=?
DEBUG org.hibernate.SQL - insert into orders (contact_phone,delivery_address,delivery_fee,last_updated,latitude,longitude,order_date,restaurant_id,status,subtotal,tax,total_amount,user_id,order_id) values (?,?,?,?,?,?,?,?,?,?,?,?,?,default)
DEBUG org.hibernate.SQL - insert into order_items (item_name,menu_item_id,quantity,total_price,unit_price,id) values (?,?,?,?,?,default)
DEBUG org.hibernate.SQL - update order_items set order_id=? where id=?
DEBUG org.hibernate.SQL - insert into orders (contact_phone,delivery_address,delivery_fee,last_updated,latitude,longitude,order_date,restaurant_id,status,subtotal,tax,total_amount,user_id,order_id) values (?,?,?,?,?,?,?,?,?,?,?,?,?,default)
DEBUG org.hibernate.SQL - insert into order_items (item_name,menu_item_id,quantity,total_price,unit_price,id) values (?,?,?,?,?,default)
DEBUG org.hibernate.SQL - update order_items set order_id=? where id=?
DEBUG org.hibernate.SQL - insert into orders (contact_phone,delivery_address,delivery_fee,last_updated,latitude,longitude,order_date,restaurant_id,status,subtotal,tax,total_amount,user_id,order_id) values (?,?,?,?,?,?,?,?,?,?,?,?,?,default)
DEBUG org.hibernate.SQL - insert into order_items (item_name,menu_item_id,quantity,total_price,unit_price,id) values (?,?,?,?,?,default)
DEBUG org.hibernate.SQL - update order_items set order_id=? where id=?
DEBUG org.hibernate.SQL - insert into orders (contact_phone,delivery_address,delivery_fee,last_updated,latitude,longitude,order_date,restaurant_id,status,subtotal,tax,total_amount,user_id,order_id) values (?,?,?,?,?,?,?,?,?,?,?,?,?,default)
DEBUG org.hibernate.SQL - insert into order_items (item_name,menu_item_id,quantity,total_price,unit_price,id) values (?,?,?,?,?,default)
DEBUG org.hibernate.SQL - update order_items set order_id=? where id=?
DEBUG org.hibernate.SQL - insert into orders (contact_phone,delivery_address,delivery_fee,last_updated,latitude,longitude,order_date,restaurant_id,status,subtotal,tax,total_amount,user_id,order_id) values (?,?,?,?,?,?,?,?,?,?,?,?,?,default)
DEBUG org.hibernate.SQL - insert into order_items (item_name,menu_item_id,quantity,total_price,unit_price,id) values (?,?,?,?,?,default)
DEBUG org.hibernate.SQL - update order_items set order_id=? where id=?
DEBUG org.hibernate.SQL - insert into orders (contact_phone,delivery_address,delivery_fee,last_updated,latitude,longitude,order_date,restaurant_id,status,subtotal,tax,total_amount,user_id,order_id) values (?,?,?,?,?,?,?,?,?,?,?,?,?,default)
DEBUG org.hibernate.SQL - insert into order_items (item_name,menu_item_id,quantity,total_price,unit_price,id) values (?,?,?,?,?,default)
DEBUG org.hibernate.SQL - update order_items set order_id=? where id=?
DEBUG org.hibernate.SQL - insert into orders (contact_phone,delivery_address,delivery_fee,last_updated,latitude,longitude,order_date,restaurant_id,status,subtotal,tax,total_amount,user_id,order_id) values (?,?,?,?,?,?,?,?,?,?,?,?,?,default)
DEBUG org.hibernate.SQL - insert into order_items (item_name,menu_item_id,quantity,total_price,unit_price,id) values (?,?,?,?,?,default)
DEBUG org.hibernate.SQL - update order_items set order_id=? where id=?
DEBUG org.hibernate.SQL - insert into orders (contact_phone,delivery_address,delivery_fee,last_updated,latitude,longitude,order_date,restaurant_id,status,subtotal,tax,total_amount,user_id,order_id) values (?,?,?,?,?,?,?,?,?,?,?,?,?,default)
DEBUG org.hibernate.SQL - insert into order_items (item_name,menu_item_id,quantity,total_price,unit_price,id) values (?,?,?,?,?,default)
DEBUG org.hibernate.SQL - update order_items set order_id=? where id=?
DEBUG org.hibernate.SQL - insert into orders (contact_phone,delivery_address,delivery_fee,last_updated,latitude,longitude,order_date,restaurant_id,status,subtotal,tax,total_amount,user_id,order_id) values (?,?,?,?,?,?,?,?,?,?,?,?,?,default)
DEBUG org.hibernate.SQL - insert into order_items (item_name,menu_item_id,quantity,total_price,unit_price,id) values (?,?,?,?,?,default)
DEBUG org.hibernate.SQL - update order_items set order_id=? where id=?
DEBUG org.hibernate.SQL - insert into orders (contact_phone,delivery_address,delivery_fee,last_updated,latitude,longitude,order_date,restaurant_id,status,subtotal,tax,total_amount,user_id,order_id) values (?,?,?,?,?,?,?,?,?,?,?,?,?,default)
DEBUG org.hibernate.SQL - insert into order_items (item_name,menu_item_id,quantity,total_price,unit_price,id) values (?,?,?,?,?,default)
DEBUG org.hibernate.SQL - update order_items set order_id=? where id=?
DEBUG org.hibernate.SQL - insert into orders (contact_phone,delivery_address,delivery_fee,last_updated,latitude,longitude,order_date,restaurant_id,status,subtotal,tax,total_amount,user_id,order_id) values (?,?,?,?,?,?,?,?,?,?,?,?,?,default)
DEBUG org.hibernate.SQL - insert into order_items (item_name,menu_item_id,quantity,total_price,unit_price,id) values (?,?,?,?,?,default)
DEBUG org.hibernate.SQL - update order_items set order_id=? where id=?
DEBUG org.hibernate.SQL - insert into orders (contact_phone,delivery_address,delivery_fee,last_updated,latitude,longitude,order_date,restaurant_id,status,subtotal,tax,total_amount,user_id,order_id) values (?,?,?,?,?,?,?,?,?,?,?,?,?,default)
DEBUG org.hibernate.SQL - insert into order_items (item_name,menu_item_id,quantity,total_price,unit_price,id) values (?,?,?,?,?,default)
DEBUG org.hibernate.SQL - update order_items set order_id=? where id=?
DEBUG org.hibernate.SQL - insert into orders (contact_phone,delivery_address,delivery_fee,last_updated,latitude,longitude,order_date,restaurant_id,status,subtotal,tax,total_amount,user_id,order_id) values (?,?,?,?,?,?,?,?,?,?,?,?,?,default)
DEBUG org.hibernate.SQL - insert into order_items (item_name,menu_item_id,quantity,total_price,unit_price,id) values (?,?,?,?,?,default)
DEBUG org.hibernate.SQL - update order_items set order_id=? where id=?
DEBUG org.hibernate.SQL - insert into orders (contact_phone,delivery_address,delivery_fee,last_updated,latitude,longitude,order_date,restaurant_id,status,subtotal,tax,total_amount,user_id,order_id) values (?,?,?,?,?,?,?,?,?,?,?,?,?,default)
DEBUG org.hibernate.SQL - insert into order_items (item_name,menu_item_id,quantity,total_price,unit_price,id) values (?,?,?,?,?,default)
DEBUG org.hibernate.SQL - update order_items set order_id=? where id=?
DEBUG org.hibernate.SQL - insert into orders (contact_phone,delivery_address,delivery_fee,last_updated,latitude,longitude,order_date,restaurant_id,status,subtotal,tax,total_amount,user_id,order_id) values (?,?,?,?,?,?,?,?,?,?,?,?,?,default)
DEBUG org.hibernate.SQL - insert into order_items (item_name,menu_item_id,quantity,total_price,unit_price,id) values (?,?,?,?,?,default)
DEBUG org.hibernate.SQL - update order_items set order_id=? where id=?
DEBUG org.hibernate.SQL - insert into orders (contact_phone,delivery_address,delivery_fee,last_updated,latitude,longitude,order_date,restaurant_id,status,subtotal,tax,total_amount,user_id,order_id) values (?,?,?,?,?,?,?,?,?,?,?,?,?,default)
DEBUG org.hibernate.SQL - insert into order_items (item_name,menu_item_id,quantity,total_price,unit_price,id) values (?,?,?,?,?,default)
DEBUG org.hibernate.SQL - update order_items set order_id=? where id=?
DEBUG org.hibernate.SQL - insert into orders (contact_phone,delivery_address,delivery_fee,last_updated,latitude,longitude,order_date,restaurant_id,status,subtotal,tax,total_amount,user_id,order_id) values (?,?,?,?,?,?,?,?,?,?,?,?,?,default)
DEBUG org.hibernate.SQL - insert into order_items (item_name,menu_item_id,quantity,total_price,unit_price,id) values (?,?,?,?,?,default)
DEBUG org.hibernate.SQL - update order_items set order_id=? where id=?
DEBUG org.hibernate.SQL - insert into orders (contact_phone,delivery_address,delivery_fee,last_updated,latitude,longitude,order_date,restaurant_id,status,subtotal,tax,total_amount,user_id,order_id) values (?,?,?,?,?,?,?,?,?,?,?,?,?,default)
DEBUG org.hibernate.SQL - insert into order_items (item_name,menu_item_id,quantity,total_price,unit_price,id) values (?,?,?,?,?,default)
DEBUG org.hibernate.SQL - update order_items set order_id=? where id=?
DEBUG org.hibernate.SQL - insert into orders (contact_phone,delivery_address,delivery_fee,last_updated,latitude,longitude,order_date,restaurant_id,status,subtotal,tax,total_amount,user_id,order_id) values (?,?,?,?,?,?,?,?,?,?,?,?,?,default)
DEBUG org.hibernate.SQL - insert into order_items (item_name,menu_item_id,quantity,total_price,unit_price,id) values (?,?,?,?,?,default)
DEBUG org.hibernate.SQL - update order_items set order_id=? where id=?
DEBUG org.hibernate.SQL - insert into orders (contact_phone,delivery_address,delivery_fee,last_updated,latitude,longitude,order_date,restaurant_id,status,subtotal,tax,total_amount,user_id,order_id) values (?,?,?,?,?,?,?,?,?,?,?,?,?,default)
DEBUG org.hibernate.SQL - insert into order_items (item_name,menu_item_id,quantity,total_price,unit_price,id) values (?,?,?,?,?,default)
DEBUG org.hibernate.SQL - update order_items set order_id=? where id=?
DEBUG org.hibernate.SQL - insert into orders (contact_phone,delivery_address,delivery_fee,last_updated,latitude,longitude,order_date,restaurant_id,status,subtotal,tax,total_amount,user_id,order_id) values (?,?,?,?,?,?,?,?,?,?,?,?,?,default)
DEBUG org.hibernate.SQL - insert into order_items (item_name,menu_item_id,quantity,total_price,unit_price,id) values (?,?,?,?,?,default)
DEBUG org.hibernate.SQL - update order_items set order_id=? where id=?
DEBUG org.hibernate.SQL - insert into orders (contact_phone,delivery_address,delivery_fee,last_updated,latitude,longitude,order_date,restaurant_id,status,subtotal,tax,total_amount,user_id,order_id) values (?,?,?,?,?,?,?,?,?,?,?,?,?,default)
DEBUG org.hibernate.SQL - insert into order_items (item_name,menu_item_id,quantity,total_price,unit_price,id) values (?,?,?,?,?,default)
DEBUG org.hibernate.SQL - update order_items set order_id=? where id=?
DEBUG org.hibernate.SQL - insert into orders (contact_phone,delivery_address,delivery_fee,last_updated,latitude,longitude,order_date,restaurant_id,status,subtotal,tax,total_amount,user_id,order_id) values (?,?,?,?,?,?,?,?,?,?,?,?,?,default)
DEBUG org.hibernate.SQL - insert into order_items (item_name,menu_item_id,quantity,total_price,unit_price,id) values (?,?,?,?,?,default)
DEBUG org.hibernate.SQL - update order_items set order_id=? where id=?
DEBUG org.hibernate.SQL - insert into orders (contact_phone,delivery_address,delivery_fee,last_updated,latitude,longitude,order_date,restaurant_id,status,subtotal,tax,total_amount,user_id,order_id) values (?,?,?,?,?,?,?,?,?,?,?,?,?,default)
DEBUG org.hibernate.SQL - insert into order_items (item_name,menu_item_id,quantity,total_price,unit_price,id) values (?,?,?,?,?,default)
DEBUG org.hibernate.SQL - update order_items set order_id=? where id=?
DEBUG org.hibernate.SQL - insert into orders (contact_phone,delivery_address,delivery_fee,last_updated,latitude,longitude,order_date,restaurant_id,status,subtotal,tax,total_amount,user_id,order_id) values (?,?,?,?,?,?,?,?,?,?,?,?,?,default)
DEBUG org.hibernate.SQL - insert into order_items (item_name,menu_item_id,quantity,total_price,unit_price,id) values (?,?,?,?,?,default)
DEBUG org.hibernate.SQL - update order_items set order_id=? where id=?
DEBUG org.hibernate.SQL - insert into orders (contact_phone,delivery_address,delivery_fee,last_updated,latitude,longitude,order_date,restaurant_id,status,subtotal,tax,total_amount,user_id,order_id) values (?,?,?,?,?,?,?,?,?,?,?,?,?,default)
DEBUG org.hibernate.SQL - insert into order_items (item_name,menu_item_id,quantity,total_price,unit_price,id) values (?,?,?,?,?,default)
DEBUG org.hibernate.SQL - update order_items set order_id=? where id=?
DEBUG org.hibernate.SQL - insert into orders (contact_phone,delivery_address,delivery_fee,last_updated,latitude,longitude,order_date,restaurant_id,status,subtotal,tax,total_amount,user_id,order_id) values (?,?,?,?,?,?,?,?,?,?,?,?,?,default)
DEBUG org.hibernate.SQL - insert into order_items (item_name,menu_item_id,quantity,total_price,unit_price,id) values (?,?,?,?,?,default)
DEBUG org.hibernate.SQL - update order_items set order_id=? where id=?
DEBUG org.hibernate.SQL - insert into orders (contact_phone,delivery_address,delivery_fee,last_updated,latitude,longitude,order_date,restaurant_id,status,subtotal,tax,total_amount,user_id,order_id) values (?,?,?,?,?,?,?,?,?,?,?,?,?,default)
DEBUG org.hibernate.SQL - insert into order_items (item_name,menu_item_id,quantity,total_price,unit_price,id) values (?,?,?,?,?,default)
DEBUG org.hibernate.SQL - update order_items set order_id=? where id=?
DEBUG org.hibernate.SQL - insert into orders (contact_phone,delivery_address,delivery_fee,last_updated,latitude,longitude,order_date,restaurant_id,status,subtotal,tax,total_amount,user_id,order_id) values (?,?,?,?,?,?,?,?,?,?,?,?,?,default)
DEBUG org.hibernate.SQL - insert into order_items (item_name,menu_item_id,quantity,total_price,unit_price,id) values (?,?,?,?,?,default)
DEBUG org.hibernate.SQL - update order_items set order_id=? where id=?
DEBUG org.hibernate.SQL - insert into orders (contact_phone,delivery_address,delivery_fee,last_updated,latitude,longitude,order_date,restaurant_id,status,subtotal,tax,total_amount,user_id,order_id) values (?,?,?,?,?,?,?,?,?,?,?,?,?,default)
DEBUG org.hibernate.SQL - insert into order_items (item_name,menu_item_id,quantity,total_price,unit_price,id) values (?,?,?,?,?,default)
DEBUG org.hibernate.SQL - update order_items set order_id=? where id=?
DEBUG org.hibernate.SQL - insert into orders (contact_phone,delivery_address,delivery_fee,last_updated,latitude,longitude,order_date,restaurant_id,status,subtotal,tax,total_amount,user_id,order_id) values (?,?,?,?,?,?,?,?,?,?,?,?,?,default)
DEBUG org.hibernate.SQL - insert into order_items (item_name,menu_item_id,quantity,total_price,unit_price,id) values (?,?,?,?,?,default)
DEBUG org.hibernate.SQL - update order_items set order_id=? where id=?
DEBUG org.hibernate.SQL - insert into orders (contact_phone,delivery_address,delivery_fee,last_updated,latitude,longitude,order_date,restaurant_id,status,subtotal,tax,total_amount,user_id,order_id) values (?,?,?,?,?,?,?,?,?,?,?,?,?,default)
DEBUG org.hibernate.SQL - insert into order_items (item_name,menu_item_id,quantity,total_price,unit_price,id) values (?,?,?,?,?,default)
DEBUG org.hibernate.SQL - update order_items set order_id=? where id=?
DEBUG org.hibernate.SQL - insert into orders (contact_phone,delivery_address,delivery_fee,last_updated,latitude,longitude,order_date,restaurant_id,status,subtotal,tax,total_amount,user_id,order_id) values (?,?,?,?,?,?,?,?,?,?,?,?,?,default)
DEBUG org.hibernate.SQL - insert into order_items (item_name,menu_item_id,quantity,total_price,unit_price,id) values (?,?,?,?,?,default)
DEBUG org.hibernate.SQL - update order_items set order_id=? where id=?
DEBUG org.hibernate.SQL - insert into orders (contact_phone,delivery_address,delivery_fee,last_updated,latitude,longitude,order_date,restaurant_id,status,subtotal,tax,total_amount,user_id,order_id) values (?,?,?,?,?,?,?,?,?,?,?,?,?,default)
DEBUG org.hibernate.SQL - insert into order_items (item_name,menu_item_id,quantity,total_price,unit_price,id) values (?,?,?,?,?,default)
DEBUG org.hibernate.SQL - update order_items set order_id=? where id=?
DEBUG org.hibernate.SQL - insert into orders (contact_phone,delivery_address,delivery_fee,last_updated,latitude,longitude,order_date,restaurant_id,status,subtotal,tax,total_amount,user_id,order_id) values (?,?,?,?,?,?,?,?,?,?,?,?,?,default)
DEBUG org.hibernate.SQL - insert into order_items (item_name,menu_item_id,quantity,total_price,unit_price,id) values (?,?,?,?,?,default)
DEBUG org.hibernate.SQL - update order_items set order_id=? where id=?
DEBUG org.hibernate.SQL - insert into orders (contact_phone,delivery_address,delivery_fee,last_updated,latitude,longitude,order_date,restaurant_id,status,subtotal,tax,total_amount,user_id,order_id) values (?,?,?,?,?,?,?,?,?,?,?,?,?,default)
DEBUG org.hibernate.SQL - insert into order_items (item_name,menu_item_id,quantity,total_price,unit_price,id) values (?,?,?,?,?,default)
DEBUG org.hibernate.SQL - update order_items set order_id=? where id=?
DEBUG org.hibernate.SQL - insert into orders (contact_phone,delivery_address,delivery_fee,last_updated,latitude,longitude,order_date,restaurant_id,status,subtotal,tax,total_amount,user_id,order_id) values (?,?,?,?,?,?,?,?,?,?,?,?,?,default)
DEBUG org.hibernate.SQL - insert into order_items (item_name,menu_item_id,quantity,total_price,unit_price,id) values (?,?,?,?,?,default)
DEBUG org.hibernate.SQL - update order_items set order_id=? where id=?
DEBUG org.hibernate.SQL - insert into orders (contact_phone,delivery_address,delivery_fee,last_updated,latitude,longitude,order_date,restaurant_id,status,subtotal,tax,total_amount,user_id,order_id) values (?,?,?,?,?,?,?,?,?,?,?,?,?,default)
DEBUG org.hibernate.SQL - insert into order_items (item_name,menu_item_id,quantity,total_price,unit_price,id) values (?,?,?,?,?,default)
DEBUG org.hibernate.SQL - update order_items set order_id=? where id=?
DEBUG org.hibernate.SQL - insert into orders (contact_phone,delivery_address,delivery_fee,last_updated,latitude,longitude,order_date,restaurant_id,status,subtotal,tax,total_amount,user_id,order_id) values (?,?,?,?,?,?,?,?,?,?,?,?,?,default)
DEBUG org.hibernate.SQL - insert into order_items (item_name,menu_item_id,quantity,total_price,unit_price,id) values (?,?,?,?,?,default)
DEBUG org.hibernate.SQL - update order_items set order_id=? where id=?
DEBUG org.hibernate.SQL - insert into orders (contact_phone,delivery_address,delivery_fee,last_updated,latitude,longitude,order_date,restaurant_id,status,subtotal,tax,total_amount,user_id,order_id) values (?,?,?,?,?,?,?,?,?,?,?,?,?,default)
DEBUG org.hibernate.SQL - insert into order_items (item_name,menu_item_id,quantity,total_price,unit_price,id) values (?,?,?,?,?,default)
DEBUG org.hibernate.SQL - update order_items set order_id=? where id=?
DEBUG org.hibernate.SQL - insert into orders (contact_phone,delivery_address,delivery_fee,last_updated,latitude,longitude,order_date,restaurant_id,status,subtotal,tax,total_amount,user_id,order_id) values (?,?,?,?,?,?,?,?,?,?,?,?,?,default)
DEBUG org.hibernate.SQL - insert into order_items (item_name,menu_item_id,quantity,total_price,unit_price,id) values (?,?,?,?,?,default)
DEBUG org.hibernate.SQL - update order_items set order_id=? where id=?
DEBUG org.hibernate.SQL - insert into orders (contact_phone,delivery_address,delivery_fee,last_updated,latitude,longitude,order_date,restaurant_id,status,subtotal,tax,total_amount,user_id,order_id) values (?,?,?,?,?,?,?,?,?,?,?,?,?,default)
DEBUG org.hibernate.SQL - insert into order_items (item_name,menu_item_id,quantity,total_price,unit_price,id) values (?,?,?,?,?,default)
DEBUG org.hibernate.SQL - update order_items set order_id=? where id=?
DEBUG org.hibernate.SQL - insert into orders (contact_phone,delivery_address,delivery_fee,last_updated,latitude,longitude,order_date,restaurant_id,status,subtotal,tax,total_amount,user_id,order_id) values (?,?,?,?,?,?,?,?,?,?,?,?,?,default)
DEBUG org.hibernate.SQL - insert into order_items (item_name,menu_item_id,quantity,total_price,unit_price,id) values (?,?,?,?,?,default)
DEBUG org.hibernate.SQL - update order_items set order_id=? where id=?
DEBUG org.hibernate.SQL - insert into orders (contact_phone,delivery_address,delivery_fee,last_updated,latitude,longitude,order_date,restaurant_id,status,subtotal,tax,total_amount,user_id,order_id) values (?,?,?,?,?,?,?,?,?,?,?,?,?,default)
DEBUG org.hibernate.SQL - insert into order_items (item_name,menu_item_id,quantity,total_price,unit_price,id) values (?,?,?,?,?,default)
DEBUG org.hibernate.SQL - update order_items set order_id=? where id=?
DEBUG org.hibernate.SQL - insert into orders (contact_phone,delivery_address,delivery_fee,last_updated,latitude,longitude,order_date,restaurant_id,status,subtotal,tax,total_amount,user_id,order_id) values (?,?,?,?,?,?,?,?,?,?,?,?,?,default)
DEBUG org.hibernate.SQL - insert into order_items (item_name,menu_item_id,quantity,total_price,unit_price,id) values (?,?,?,?,?,default)
DEBUG org.hibernate.SQL - update order_items set order_id=? where id=?
DEBUG org.hibernate.SQL - insert into orders (contact_phone,delivery_address,delivery_fee,last_updated,latitude,longitude,order_date,restaurant_id,status,subtotal,tax,total_amount,user_id,order_id) values (?,?,?,?,?,?,?,?,?,?,?,?,?,default)
DEBUG org.hibernate.SQL - insert into order_items (item_name,menu_item_id,quantity,total_price,unit_price,id) values (?,?,?,?,?,default)
DEBUG org.hibernate.SQL - update order_items set order_id=? where id=?
DEBUG org.hibernate.SQL - insert into orders (contact_phone,delivery_address,delivery_fee,last_updated,latitude,longitude,order_date,restaurant_id,status,subtotal,tax,total_amount,user_id,order_id) values (?,?,?,?,?,?,?,?,?,?,?,?,?,default)
DEBUG org.hibernate.SQL - insert into order_items (item_name,menu_item_id,quantity,total_price,unit_price,id) values (?,?,?,?,?,default)
DEBUG org.hibernate.SQL - update order_items set order_id=? where id=?
DEBUG org.hibernate.SQL - insert into orders (contact_phone,delivery_address,delivery_fee,last_updated,latitude,longitude,order_date,restaurant_id,status,subtotal,tax,total_amount,user_id,order_id) values (?,?,?,?,?,?,?,?,?,?,?,?,?,default)
DEBUG org.hibernate.SQL - insert into order_items (item_name,menu_item_id,quantity,total_price,unit_price,id) values (?,?,?,?,?,default)
DEBUG org.hibernate.SQL - update order_items set order_id=? where id=?
DEBUG org.hibernate.SQL - insert into orders (contact_phone,delivery_address,delivery_fee,last_updated,latitude,longitude,order_date,restaurant_id,status,subtotal,tax,total_amount,user_id,order_id) values (?,?,?,?,?,?,?,?,?,?,?,?,?,default)
DEBUG org.hibernate.SQL - insert into order_items (item_name,menu_item_id,quantity,total_price,unit_price,id) values (?,?,?,?,?,default)
DEBUG org.hibernate.SQL - update order_items set order_id=? where id=?
DEBUG org.hibernate.SQL - insert into orders (contact_phone,delivery_address,delivery_fee,last_updated,latitude,longitude,order_date,restaurant_id,status,subtotal,tax,total_amount,user_id,order_id) values (?,?,?,?,?,?,?,?,?,?,?,?,?,default)
DEBUG org.hibernate.SQL - insert into order_items (item_name,menu_item_id,quantity,total_price,unit_price,id) values (?,?,?,?,?,default)
DEBUG org.hibernate.SQL - update order_items set order_id=? where id=?
DEBUG org.hibernate.SQL - insert into orders (contact_phone,delivery_address,delivery_fee,last_updated,latitude,longitude,order_date,restaurant_id,status,subtotal,tax,total_amount,user_id,order_id) values (?,?,?,?,?,?,?,?,?,?,?,?,?,default)
DEBUG org.hibernate.SQL - insert into order_items (item_name,menu_item_id,quantity,total_price,unit_price,id) values (?,?,?,?,?,default)
DEBUG org.hibernate.SQL - update order_items set order_id=? where id=?
DEBUG org.hibernate.SQL - insert into orders (contact_phone,delivery_address,delivery_fee,last_updated,latitude,longitude,order_date,restaurant_id,status,subtotal,tax,total_amount,user_id,order_id) values (?,?,?,?,?,?,?,?,?,?,?,?,?,default)
DEBUG org.hibernate.SQL - insert into order_items (item_name,menu_item_id,quantity,total_price,unit_price,id) values (?,?,?,?,?,default)
DEBUG org.hibernate.SQL - update order_items set order_id=? where id=?
DEBUG org.hibernate.SQL - insert into orders (contact_phone,delivery_address,delivery_fee,last_updated,latitude,longitude,order_date,restaurant_id,status,subtotal,tax,total_amount,user_id,order_id) values (?,?,?,?,?,?,?,?,?,?,?,?,?,default)
DEBUG org.hibernate.SQL - insert into order_items (item_name,menu_item_id,quantity,total_price,unit_price,id) values (?,?,?,?,?,default)
DEBUG org.hibernate.SQL - update order_items set order_id=? where id=?
DEBUG org.hibernate.SQL - insert into orders (contact_phone,delivery_address,delivery_fee,last_updated,latitude,longitude,order_date,restaurant_id,status,subtotal,tax,total_amount,user_id,order_id) values (?,?,?,?,?,?,?,?,?,?,?,?,?,default)
DEBUG org.hibernate.SQL - insert into order_items (item_name,menu_item_id,quantity,total_price,unit_price,id) values (?,?,?,?,?,default)
DEBUG org.hibernate.SQL - update order_items set order_id=? where id=?
DEBUG org.hibernate.SQL - insert into orders (contact_phone,delivery_address,delivery_fee,last_updated,latitude,longitude,order_date,restaurant_id,status,subtotal,tax,total_amount,user_id,order_id) values (?,?,?,?,?,?,?,?,?,?,?,?,?,default)
DEBUG org.hibernate.SQL - insert into order_items (item_name,menu_item_id,quantity,total_price,unit_price,id) values (?,?,?,?,?,default)
DEBUG org.hibernate.SQL - update order_items set order_id=? where id=?
DEBUG org.hibernate.SQL - insert into orders (contact_phone,delivery_address,delivery_fee,last_updated,latitude,longitude,order_date,restaurant_id,status,subtotal,tax,total_amount,user_id,order_id) values (?,?,?,?,?,?,?,?,?,?,?,?,?,default)
DEBUG org.hibernate.SQL - insert into order_items (item_name,menu_item_id,quantity,total_price,unit_price,id) values (?,?,?,?,?,default)
DEBUG org.hibernate.SQL - update order_items set order_id=? where id=?
DEBUG org.hibernate.SQL - insert into orders (contact_phone,delivery_address,delivery_fee,last_updated,latitude,longitude,order_date,restaurant_id,status,subtotal,tax,total_amount,user_id,order_id) values (?,?,?,?,?,?,?,?,?,?,?,?,?,default)
DEBUG org.hibernate.SQL - insert into order_items (item_name,menu_item_id,quantity,total_price,unit_price,id) values (?,?,?,?,?,default)
DEBUG org.hibernate.SQL - update order_items set order_id=? where id=?
DEBUG org.hibernate.SQL - insert into orders (contact_phone,delivery_address,delivery_fee,last_updated,latitude,longitude,order_date,restaurant_id,status,subtotal,tax,total_amount,user_id,order_id) values (?,?,?,?,?,?,?,?,?,?,?,?,?,default)
DEBUG org.hibernate.SQL - insert into order_items (item_name,menu_item_id,quantity,total_price,unit_price,id) values (?,?,?,?,?,default)
DEBUG org.hibernate.SQL - update order_items set order_id=? where id=?
DEBUG org.hibernate.SQL - insert into orders (contact_phone,delivery_address,delivery_fee,last_updated,latitude,longitude,order_date,restaurant_id,status,subtotal,tax,total_amount,user_id,order_id) values (?,?,?,?,?,?,?,?,?,?,?,?,?,default)
DEBUG org.hibernate.SQL - insert into order_items (item_name,menu_item_id,quantity,total_price,unit_price,id) values (?,?,?,?,?,default)
DEBUG org.hibernate.SQL - update order_items set order_id=? where id=?
DEBUG org.hibernate.SQL - insert into orders (contact_phone,delivery_address,delivery_fee,last_updated,latitude,longitude,order_date,restaurant_id,status,subtotal,tax,total_amount,user_id,order_id) values (?,?,?,?,?,?,?,?,?,?,?,?,?,default)
DEBUG org.hibernate.SQL - insert into order_items (item_name,menu_item_id,quantity,total_price,unit_price,id) values (?,?,?,?,?,default)
DEBUG org.hibernate.SQL - update order_items set order_id=? where id=?
DEBUG org.hibernate.SQL - insert into orders (contact_phone,delivery_address,delivery_fee,last_updated,latitude,longitude,order_date,restaurant_id,status,subtotal,tax,total_amount,user_id,order_id) values (?,?,?,?,?,?,?,?,?,?,?,?,?,default)
DEBUG org.hibernate.SQL - insert into order_items (item_name,menu_item_id,quantity,total_price,unit_price,id) values (?,?,?,?,?,default)
DEBUG org.hibernate.SQL - update order_items set order_id=? where id=?
DEBUG org.hibernate.SQL - insert into orders (contact_phone,delivery_address,delivery_fee,last_updated,latitude,longitude,order_date,restaurant_id,status,subtotal,tax,total_amount,user_id,order_id) values (?,?,?,?,?,?,?,?,?,?,?,?,?,default)
DEBUG org.hibernate.SQL - insert into order_items (item_name,menu_item_id,quantity,total_price,unit_price,id) values (?,?,?,?,?,default)
DEBUG org.hibernate.SQL - update order_items set order_id=? where id=?
DEBUG org.hibernate.SQL - insert into orders (contact_phone,delivery_address,delivery_fee,last_updated,latitude,longitude,order_date,restaurant_id,status,subtotal,tax,total_amount,user_id,order_id) values (?,?,?,?,?,?,?,?,?,?,?,?,?,default)
DEBUG org.hibernate.SQL - insert into order_items (item_name,menu_item_id,quantity,total_price,unit_price,id) values (?,?,?,?,?,default)
DEBUG org.hibernate.SQL - update order_items set order_id=? where id=?
DEBUG org.hibernate.SQL - insert into orders (contact_phone,delivery_address,delivery_fee,last_updated,latitude,longitude,order_date,restaurant_id,status,subtotal,tax,total_amount,user_id,order_id) values (?,?,?,?,?,?,?,?,?,?,?,?,?,default)
DEBUG org.hibernate.SQL - insert into order_items (item_name,menu_item_id,quantity,total_price,unit_price,id) values (?,?,?,?,?,default)
DEBUG org.hibernate.SQL - update order_items set order_id=? where id=?
DEBUG org.hibernate.SQL - insert into orders (contact_phone,delivery_address,delivery_fee,last_updated,latitude,longitude,order_date,restaurant_id,status,subtotal,tax,total_amount,user_id,order_id) values (?,?,?,?,?,?,?,?,?,?,?,?,?,default)
DEBUG org.hibernate.SQL - insert into order_items (item_name,menu_item_id,quantity,total_price,unit_price,id) values (?,?,?,?,?,default)
DEBUG org.hibernate.SQL - update order_items set order_id=? where id=?
DEBUG org.hibernate.SQL - insert into orders (contact_phone,delivery_address,delivery_fee,last_updated,latitude,longitude,order_date,restaurant_id,status,subtotal,tax,total_amount,user_id,order_id) values (?,?,?,?,?,?,?,?,?,?,?,?,?,default)
DEBUG org.hibernate.SQL - insert into order_items (item_name,menu_item_id,quantity,total_price,unit_price,id) values (?,?,?,?,?,default)
DEBUG org.hibernate.SQL - update order_items set order_id=? where id=?
DEBUG org.hibernate.SQL - insert into orders (contact_phone,delivery_address,delivery_fee,last_updated,latitude,longitude,order_date,restaurant_id,status,subtotal,tax,total_amount,user_id,order_id) values (?,?,?,?,?,?,?,?,?,?,?,?,?,default)
DEBUG org.hibernate.SQL - insert into order_items (item_name,menu_item_id,quantity,total_price,unit_price,id) values (?,?,?,?,?,default)
DEBUG org.hibernate.SQL - update order_items set order_id=? where id=?
DEBUG org.hibernate.SQL - insert into orders (contact_phone,delivery_address,delivery_fee,last_updated,latitude,longitude,order_date,restaurant_id,status,subtotal,tax,total_amount,user_id,order_id) values (?,?,?,?,?,?,?,?,?,?,?,?,?,default)
DEBUG org.hibernate.SQL - insert into order_items (item_name,menu_item_id,quantity,total_price,unit_price,id) values (?,?,?,?,?,default)
DEBUG org.hibernate.SQL - update order_items set order_id=? where id=?
DEBUG org.hibernate.SQL - insert into orders (contact_phone,delivery_address,delivery_fee,last_updated,latitude,longitude,order_date,restaurant_id,status,subtotal,tax,total_amount,user_id,order_id) values (?,?,?,?,?,?,?,?,?,?,?,?,?,default)
DEBUG org.hibernate.SQL - insert into order_items (item_name,menu_item_id,quantity,total_price,unit_price,id) values (?,?,?,?,?,default)
DEBUG org.hibernate.SQL - update order_items set order_id=? where id=?
DEBUG org.hibernate.SQL - insert into orders (contact_phone,delivery_address,delivery_fee,last_updated,latitude,longitude,order_date,restaurant_id,status,subtotal,tax,total_amount,user_id,order_id) values (?,?,?,?,?,?,?,?,?,?,?,?,?,default)
DEBUG org.hibernate.SQL - insert into order_items (item_name,menu_item_id,quantity,total_price,unit_price,id) values (?,?,?,?,?,default)
DEBUG org.hibernate.SQL - update order_items set order_id=? where id=?
DEBUG org.hibernate.SQL - insert into orders (contact_phone,delivery_address,delivery_fee,last_updated,latitude,longitude,order_date,restaurant_id,status,subtotal,tax,total_amount,user_id,order_id) values (?,?,?,?,?,?,?,?,?,?,?,?,?,default)
DEBUG org.hibernate.SQL - insert into order_items (item_name,menu_item_id,quantity,total_price,unit_price,id) values (?,?,?,?,?,default)
DEBUG org.hibernate.SQL - update order_items set order_id=? where id=?
DEBUG org.hibernate.SQL - insert into orders (contact_phone,delivery_address,delivery_fee,last_updated,latitude,longitude,order_date,restaurant_id,status,subtotal,tax,total_amount,user_id,order_id) values (?,?,?,?,?,?,?,?,?,?,?,?,?,default)
DEBUG org.hibernate.SQL - insert into order_items (item_name,menu_item_id,quantity,total_price,unit_price,id) values (?,?,?,?,?,default)
DEBUG org.hibernate.SQL - update order_items set order_id=? where id=?
DEBUG org.hibernate.SQL - insert into orders (contact_phone,delivery_address,delivery_fee,last_updated,latitude,longitude,order_date,restaurant_id,status,subtotal,tax,total_amount,user_id,order_id) values (?,?,?,?,?,?,?,?,?,?,?,?,?,default)
DEBUG org.hibernate.SQL - insert into order_items (item_name,menu_item_id,quantity,total_price,unit_price,id) values (?,?,?,?,?,default)
DEBUG org.hibernate.SQL - update order_items set order_id=? where id=?
DEBUG org.hibernate.SQL - insert into orders (contact_phone,delivery_address,delivery_fee,last_updated,latitude,longitude,order_date,restaurant_id,status,subtotal,tax,total_amount,user_id,order_id) values (?,?,?,?,?,?,?,?,?,?,?,?,?,default)
DEBUG org.hibernate.SQL - insert into order_items (item_name,menu_item_id,quantity,total_price,unit_price,id) values (?,?,?,?,?,default)
DEBUG org.hibernate.SQL - update order_items set order_id=? where id=?
DEBUG org.hibernate.SQL - insert into orders (contact_phone,delivery_address,delivery_fee,last_updated,latitude,longitude,order_date,restaurant_id,status,subtotal,tax,total_amount,user_id,order_id) values (?,?,?,?,?,?,?,?,?,?,?,?,?,default)
DEBUG org.hibernate.SQL - insert into order_items (item_name,menu_item_id,quantity,total_price,unit_price,id) values (?,?,?,?,?,default)
DEBUG org.hibernate.SQL - update order_items set order_id=? where id=?
DEBUG org.hibernate.SQL - insert into orders (contact_phone,delivery_address,delivery_fee,last_updated,latitude,longitude,order_date,restaurant_id,status,subtotal,tax,total_amount,user_id,order_id) values (?,?,?,?,?,?,?,?,?,?,?,?,?,default)
DEBUG org.hibernate.SQL - insert into order_items (item_name,menu_item_id,quantity,total_price,unit_price,id) values (?,?,?,?,?,default)
DEBUG org.hibernate.SQL - update order_items set order_id=? where id=?
DEBUG org.hibernate.SQL - insert into orders (contact_phone,delivery_address,delivery_fee,last_updated,latitude,longitude,order_date,restaurant_id,status,subtotal,tax,total_amount,user_id,order_id) values (?,?,?,?,?,?,?,?,?,?,?,?,?,default)
DEBUG org.hibernate.SQL - insert into order_items (item_name,menu_item_id,quantity,total_price,unit_price,id) values (?,?,?,?,?,default)
DEBUG org.hibernate.SQL - update order_items set order_id=? where id=?
DEBUG org.hibernate.SQL - insert into orders (contact_phone,delivery_address,delivery_fee,last_updated,latitude,longitude,order_date,restaurant_id,status,subtotal,tax,total_amount,user_id,order_id) values (?,?,?,?,?,?,?,?,?,?,?,?,?,default)
DEBUG org.hibernate.SQL - insert into order_items (item_name,menu_item_id,quantity,total_price,unit_price,id) values (?,?,?,?,?,default)
DEBUG org.hibernate.SQL - update order_items set order_id=? where id=?
DEBUG org.hibernate.SQL - insert into orders (contact_phone,delivery_address,delivery_fee,last_updated,latitude,longitude,order_date,restaurant_id,status,subtotal,tax,total_amount,user_id,order_id) values (?,?,?,?,?,?,?,?,?,?,?,?,?,default)
DEBUG org.hibernate.SQL - insert into order_items (item_name,menu_item_id,quantity,total_price,unit_price,id) values (?,?,?,?,?,default)
DEBUG org.hibernate.SQL - update order_items set order_id=? where id=?
DEBUG org.hibernate.SQL - insert into orders (contact_phone,delivery_address,delivery_fee,last_updated,latitude,longitude,order_date,restaurant_id,status,subtotal,tax,total_amount,user_id,order_id) values (?,?,?,?,?,?,?,?,?,?,?,?,?,default)
DEBUG org.hibernate.SQL - insert into order_items (item_name,menu_item_id,quantity,total_price,unit_price,id) values (?,?,?,?,?,default)
DEBUG org.hibernate.SQL - update order_items set order_id=? where id=?
DEBUG org.hibernate.SQL - insert into orders (contact_phone,delivery_address,delivery_fee,last_updated,latitude,longitude,order_date,restaurant_id,status,subtotal,tax,total_amount,user_id,order_id) values (?,?,?,?,?,?,?,?,?,?,?,?,?,default)
DEBUG org.hibernate.SQL - insert into order_items (item_name,menu_item_id,quantity,total_price,unit_price,id) values (?,?,?,?,?,default)
DEBUG org.hibernate.SQL - update order_items set order_id=? where id=?
DEBUG org.hibernate.SQL - insert into orders (contact_phone,delivery_address,delivery_fee,last_updated,latitude,longitude,order_date,restaurant_id,status,subtotal,tax,total_amount,user_id,order_id) values (?,?,?,?,?,?,?,?,?,?,?,?,?,default)
DEBUG org.hibernate.SQL - insert into order_items (item_name,menu_item_id,quantity,total_price,unit_price,id) values (?,?,?,?,?,default)
DEBUG org.hibernate.SQL - update order_items set order_id=? where id=?
DEBUG org.hibernate.SQL - insert into orders (contact_phone,delivery_address,delivery_fee,last_updated,latitude,longitude,order_date,restaurant_id,status,subtotal,tax,total_amount,user_id,order_id) values (?,?,?,?,?,?,?,?,?,?,?,?,?,default)
DEBUG org.hibernate.SQL - insert into order_items (item_name,menu_item_id,quantity,total_price,unit_price,id) values (?,?,?,?,?,default)
DEBUG org.hibernate.SQL - update order_items set order_id=? where id=?
DEBUG org.hibernate.SQL - insert into orders (contact_phone,delivery_address,delivery_fee,last_updated,latitude,longitude,order_date,restaurant_id,status,subtotal,tax,total_amount,user_id,order_id) values (?,?,?,?,?,?,?,?,?,?,?,?,?,default)
DEBUG org.hibernate.SQL - insert into order_items (item_name,menu_item_id,quantity,total_price,unit_price,id) values (?,?,?,?,?,default)
DEBUG org.hibernate.SQL - update order_items set order_id=? where id=?
DEBUG org.hibernate.SQL - insert into orders (contact_phone,delivery_address,delivery_fee,last_updated,latitude,longitude,order_date,restaurant_id,status,subtotal,tax,total_amount,user_id,order_id) values (?,?,?,?,?,?,?,?,?,?,?,?,?,default)
DEBUG org.hibernate.SQL - insert into order_items (item_name,menu_item_id,quantity,total_price,unit_price,id) values (?,?,?,?,?,default)
DEBUG org.hibernate.SQL - update order_items set order_id=? where id=?
DEBUG org.hibernate.SQL - insert into orders (contact_phone,delivery_address,delivery_fee,last_updated,latitude,longitude,order_date,restaurant_id,status,subtotal,tax,total_amount,user_id,order_id) values (?,?,?,?,?,?,?,?,?,?,?,?,?,default)
DEBUG org.hibernate.SQL - insert into order_items (item_name,menu_item_id,quantity,total_price,unit_price,id) values (?,?,?,?,?,default)
DEBUG org.hibernate.SQL - update order_items set order_id=? where id=?
DEBUG org.hibernate.SQL - insert into orders (contact_phone,delivery_address,delivery_fee,last_updated,latitude,longitude,order_date,restaurant_id,status,subtotal,tax,total_amount,user_id,order_id) values (?,?,?,?,?,?,?,?,?,?,?,?,?,default)
DEBUG org.hibernate.SQL - insert into order_items (item_name,menu_item_id,quantity,total_price,unit_price,id) values (?,?,?,?,?,default)
DEBUG org.hibernate.SQL - update order_items set order_id=? where id=?
DEBUG org.hibernate.SQL - insert into orders (contact_phone,delivery_address,delivery_fee,last_updated,latitude,longitude,order_date,restaurant_id,status,subtotal,tax,total_amount,user_id,order_id) values (?,?,?,?,?,?,?,?,?,?,?,?,?,default)
DEBUG org.hibernate.SQL - insert into order_items (item_name,menu_item_id,quantity,total_price,unit_price,id) values (?,?,?,?,?,default)
DEBUG org.hibernate.SQL - update order_items set order_id=? where id=?
DEBUG org.hibernate.SQL - insert into orders (contact_phone,delivery_address,delivery_fee,last_updated,latitude,longitude,order_date,restaurant_id,status,subtotal,tax,total_amount,user_id,order_id) values (?,?,?,?,?,?,?,?,?,?,?,?,?,default)
DEBUG org.hibernate.SQL - insert into order_items (item_name,menu_item_id,quantity,total_price,unit_price,id) values (?,?,?,?,?,default)
DEBUG org.hibernate.SQL - update order_items set order_id=? where id=?
DEBUG org.hibernate.SQL - insert into orders (contact_phone,delivery_address,delivery_fee,last_updated,latitude,longitude,order_date,restaurant_id,status,subtotal,tax,total_amount,user_id,order_id) values (?,?,?,?,?,?,?,?,?,?,?,?,?,default)
DEBUG org.hibernate.SQL - insert into order_items (item_name,menu_item_id,quantity,total_price,unit_price,id) values (?,?,?,?,?,default)
DEBUG org.hibernate.SQL - update order_items set order_id=? where id=?
DEBUG org.hibernate.SQL - insert into orders (contact_phone,delivery_address,delivery_fee,last_updated,latitude,longitude,order_date,restaurant_id,status,subtotal,tax,total_amount,user_id,order_id) values (?,?,?,?,?,?,?,?,?,?,?,?,?,default)
DEBUG org.hibernate.SQL - insert into order_items (item_name,menu_item_id,quantity,total_price,unit_price,id) values (?,?,?,?,?,default)
DEBUG org.hibernate.SQL - update order_items set order_id=? where id=?
DEBUG org.hibernate.SQL - insert into orders (contact_phone,delivery_address,delivery_fee,last_updated,latitude,longitude,order_date,restaurant_id,status,subtotal,tax,total_amount,user_id,order_id) values (?,?,?,?,?,?,?,?,?,?,?,?,?,default)
DEBUG org.hibernate.SQL - insert into order_items (item_name,menu_item_id,quantity,total_price,unit_price,id) values (?,?,?,?,?,default)
DEBUG org.hibernate.SQL - update order_items set order_id=? where id=?
DEBUG org.hibernate.SQL - insert into orders (contact_phone,delivery_address,delivery_fee,last_updated,latitude,longitude,order_date,restaurant_id,status,subtotal,tax,total_amount,user_id,order_id) values (?,?,?,?,?,?,?,?,?,?,?,?,?,default)
DEBUG org.hibernate.SQL - insert into order_items (item_name,menu_item_id,quantity,total_price,unit_price,id) values (?,?,?,?,?,default)
DEBUG org.hibernate.SQL - update order_items set order_id=? where id=?
DEBUG org.hibernate.SQL - insert into orders (contact_phone,delivery_address,delivery_fee,last_updated,latitude,longitude,order_date,restaurant_id,status,subtotal,tax,total_amount,user_id,order_id) values (?,?,?,?,?,?,?,?,?,?,?,?,?,default)
DEBUG org.hibernate.SQL - insert into order_items (item_name,menu_item_id,quantity,total_price,unit_price,id) values (?,?,?,?,?,default)
DEBUG org.hibernate.SQL - update order_items set order_id=? where id=?
DEBUG org.hibernate.SQL - insert into orders (contact_phone,delivery_address,delivery_fee,last_updated,latitude,longitude,order_date,restaurant_id,status,subtotal,tax,total_amount,user_id,order_id) values (?,?,?,?,?,?,?,?,?,?,?,?,?,default)
DEBUG org.hibernate.SQL - insert into order_items (item_name,menu_item_id,quantity,total_price,unit_price,id) values (?,?,?,?,?,default)
DEBUG org.hibernate.SQL - update order_items set order_id=? where id=?
DEBUG org.hibernate.SQL - insert into orders (contact_phone,delivery_address,delivery_fee,last_updated,latitude,longitude,order_date,restaurant_id,status,subtotal,tax,total_amount,user_id,order_id) values (?,?,?,?,?,?,?,?,?,?,?,?,?,default)
DEBUG org.hibernate.SQL - insert into order_items (item_name,menu_item_id,quantity,total_price,unit_price,id) values (?,?,?,?,?,default)
DEBUG org.hibernate.SQL - update order_items set order_id=? where id=?
DEBUG org.hibernate.SQL - insert into orders (contact_phone,delivery_address,delivery_fee,last_updated,latitude,longitude,order_date,restaurant_id,status,subtotal,tax,total_amount,user_id,order_id) values (?,?,?,?,?,?,?,?,?,?,?,?,?,default)
DEBUG org.hibernate.SQL - insert into order_items (item_name,menu_item_id,quantity,total_price,unit_price,id) values (?,?,?,?,?,default)
DEBUG org.hibernate.SQL - update order_items set order_id=? where id=?
DEBUG org.hibernate.SQL - insert into orders (contact_phone,delivery_address,delivery_fee,last_updated,latitude,longitude,order_date,restaurant_id,status,subtotal,tax,total_amount,user_id,order_id) values (?,?,?,?,?,?,?,?,?,?,?,?,?,default)
DEBUG org.hibernate.SQL - insert into order_items (item_name,menu_item_id,quantity,total_price,unit_price,id) values (?,?,?,?,?,default)
DEBUG org.hibernate.SQL - update order_items set order_id=? where id=?
DEBUG org.hibernate.SQL - insert into orders (contact_phone,delivery_address,delivery_fee,last_updated,latitude,longitude,order_date,restaurant_id,status,subtotal,tax,total_amount,user_id,order_id) values (?,?,?,?,?,?,?,?,?,?,?,?,?,default)
DEBUG org.hibernate.SQL - insert into order_items (item_name,menu_item_id,quantity,total_price,unit_price,id) values (?,?,?,?,?,default)
DEBUG org.hibernate.SQL - update order_items set order_id=? where id=?
DEBUG org.hibernate.SQL - insert into orders (contact_phone,delivery_address,delivery_fee,last_updated,latitude,longitude,order_date,restaurant_id,status,subtotal,tax,total_amount,user_id,order_id) values (?,?,?,?,?,?,?,?,?,?,?,?,?,default)
DEBUG org.hibernate.SQL - insert into order_items (item_name,menu_item_id,quantity,total_price,unit_price,id) values (?,?,?,?,?,default)
DEBUG org.hibernate.SQL - update order_items set order_id=? where id=?
DEBUG org.hibernate.SQL - insert into orders (contact_phone,delivery_address,delivery_fee,last_updated,latitude,longitude,order_date,restaurant_id,status,subtotal,tax,total_amount,user_id,order_id) values (?,?,?,?,?,?,?,?,?,?,?,?,?,default)
DEBUG org.hibernate.SQL - insert into order_items (item_name,menu_item_id,quantity,total_price,unit_price,id) values (?,?,?,?,?,default)
DEBUG org.hibernate.SQL - update order_items set order_id=? where id=?
DEBUG org.hibernate.SQL - insert into orders (contact_phone,delivery_address,delivery_fee,last_updated,latitude,longitude,order_date,restaurant_id,status,subtotal,tax,total_amount,user_id,order_id) values (?,?,?,?,?,?,?,?,?,?,?,?,?,default)
DEBUG org.hibernate.SQL - insert into order_items (item_name,menu_item_id,quantity,total_price,unit_price,id) values (?,?,?,?,?,default)
DEBUG org.hibernate.SQL - update order_items set order_id=? where id=?
DEBUG org.hibernate.SQL - insert into orders (contact_phone,delivery_address,delivery_fee,last_updated,latitude,longitude,order_date,restaurant_id,status,subtotal,tax,total_amount,user_id,order_id) values (?,?,?,?,?,?,?,?,?,?,?,?,?,default)
DEBUG org.hibernate.SQL - insert into order_items (item_name,menu_item_id,quantity,total_price,unit_price,id) values (?,?,?,?,?,default)
DEBUG org.hibernate.SQL - update order_items set order_id=? where id=?
DEBUG org.hibernate.SQL - insert into orders (contact_phone,delivery_address,delivery_fee,last_updated,latitude,longitude,order_date,restaurant_id,status,subtotal,tax,total_amount,user_id,order_id) values (?,?,?,?,?,?,?,?,?,?,?,?,?,default)
DEBUG org.hibernate.SQL - insert into order_items (item_name,menu_item_id,quantity,total_price,unit_price,id) values (?,?,?,?,?,default)
DEBUG org.hibernate.SQL - update order_items set order_id=? where id=?
DEBUG org.hibernate.SQL - insert into orders (contact_phone,delivery_address,delivery_fee,last_updated,latitude,longitude,order_date,restaurant_id,status,subtotal,tax,total_amount,user_id,order_id) values (?,?,?,?,?,?,?,?,?,?,?,?,?,default)
DEBUG org.hibernate.SQL - insert into order_items (item_name,menu_item_id,quantity,total_price,unit_price,id) values (?,?,?,?,?,default)
DEBUG org.hibernate.SQL - update order_items set order_id=? where id=?
DEBUG org.hibernate.SQL - insert into orders (contact_phone,delivery_address,delivery_fee,last_updated,latitude,longitude,order_date,restaurant_id,status,subtotal,tax,total_amount,user_id,order_id) values (?,?,?,?,?,?,?,?,?,?,?,?,?,default)
DEBUG org.hibernate.SQL - insert into order_items (item_name,menu_item_id,quantity,total_price,unit_price,id) values (?,?,?,?,?,default)
DEBUG org.hibernate.SQL - update order_items set order_id=? where id=?
DEBUG org.hibernate.SQL - insert into orders (contact_phone,delivery_address,delivery_fee,last_updated,latitude,longitude,order_date,restaurant_id,status,subtotal,tax,total_amount,user_id,order_id) values (?,?,?,?,?,?,?,?,?,?,?,?,?,default)
DEBUG org.hibernate.SQL - insert into order_items (item_name,menu_item_id,quantity,total_price,unit_price,id) values (?,?,?,?,?,default)
DEBUG org.hibernate.SQL - update order_items set order_id=? where id=?
DEBUG org.hibernate.SQL - insert into orders (contact_phone,delivery_address,delivery_fee,last_updated,latitude,longitude,order_date,restaurant_id,status,subtotal,tax,total_amount,user_id,order_id) values (?,?,?,?,?,?,?,?,?,?,?,?,?,default)
DEBUG org.hibernate.SQL - insert into order_items (item_name,menu_item_id,quantity,total_price,unit_price,id) values (?,?,?,?,?,default)
DEBUG org.hibernate.SQL - update order_items set order_id=? where id=?
DEBUG org.hibernate.SQL - insert into orders (contact_phone,delivery_address,delivery_fee,last_updated,latitude,longitude,order_date,restaurant_id,status,subtotal,tax,total_amount,user_id,order_id) values (?,?,?,?,?,?,?,?,?,?,?,?,?,default)
DEBUG org.hibernate.SQL - insert into order_items (item_name,menu_item_id,quantity,total_price,unit_price,id) values (?,?,?,?,?,default)
DEBUG org.hibernate.SQL - update order_items set order_id=? where id=?
DEBUG org.hibernate.SQL - insert into orders (contact_phone,delivery_address,delivery_fee,last_updated,latitude,longitude,order_date,restaurant_id,status,subtotal,tax,total_amount,user_id,order_id) values (?,?,?,?,?,?,?,?,?,?,?,?,?,default)
DEBUG org.hibernate.SQL - insert into order_items (item_name,menu_item_id,quantity,total_price,unit_price,id) values (?,?,?,?,?,default)
DEBUG org.hibernate.SQL - update order_items set order_id=? where id=?
DEBUG org.hibernate.SQL - insert into orders (contact_phone,delivery_address,delivery_fee,last_updated,latitude,longitude,order_date,restaurant_id,status,subtotal,tax,total_amount,user_id,order_id) values (?,?,?,?,?,?,?,?,?,?,?,?,?,default)
DEBUG org.hibernate.SQL - insert into order_items (item_name,menu_item_id,quantity,total_price,unit_price,id) values (?,?,?,?,?,default)
DEBUG org.hibernate.SQL - update order_items set order_id=? where id=?
DEBUG org.hibernate.SQL - insert into orders (contact_phone,delivery_address,delivery_fee,last_updated,latitude,longitude,order_date,restaurant_id,status,subtotal,tax,total_amount,user_id,order_id) values (?,?,?,?,?,?,?,?,?,?,?,?,?,default)
DEBUG org.hibernate.SQL - insert into order_items (item_name,menu_item_id,quantity,total_price,unit_price,id) values (?,?,?,?,?,default)
DEBUG org.hibernate.SQL - update order_items set order_id=? where id=?
DEBUG org.hibernate.SQL - insert into orders (contact_phone,delivery_address,delivery_fee,last_updated,latitude,longitude,order_date,restaurant_id,status,subtotal,tax,total_amount,user_id,order_id) values (?,?,?,?,?,?,?,?,?,?,?,?,?,default)
DEBUG org.hibernate.SQL - insert into order_items (item_name,menu_item_id,quantity,total_price,unit_price,id) values (?,?,?,?,?,default)
DEBUG org.hibernate.SQL - update order_items set order_id=? where id=?
DEBUG org.hibernate.SQL - insert into orders (contact_phone,delivery_address,delivery_fee,last_updated,latitude,longitude,order_date,restaurant_id,status,subtotal,tax,total_amount,user_id,order_id) values (?,?,?,?,?,?,?,?,?,?,?,?,?,default)
DEBUG org.hibernate.SQL - insert into order_items (item_name,menu_item_id,quantity,total_price,unit_price,id) values (?,?,?,?,?,default)
DEBUG org.hibernate.SQL - update order_items set order_id=? where id=?
DEBUG org.hibernate.SQL - insert into orders (contact_phone,delivery_address,delivery_fee,last_updated,latitude,longitude,order_date,restaurant_id,status,subtotal,tax,total_amount,user_id,order_id) values (?,?,?,?,?,?,?,?,?,?,?,?,?,default)
DEBUG org.hibernate.SQL - insert into order_items (item_name,menu_item_id,quantity,total_price,unit_price,id) values (?,?,?,?,?,default)
DEBUG org.hibernate.SQL - update order_items set order_id=? where id=?
DEBUG org.hibernate.SQL - insert into orders (contact_phone,delivery_address,delivery_fee,last_updated,latitude,longitude,order_date,restaurant_id,status,subtotal,tax,total_amount,user_id,order_id) values (?,?,?,?,?,?,?,?,?,?,?,?,?,default)
DEBUG org.hibernate.SQL - insert into order_items (item_name,menu_item_id,quantity,total_price,unit_price,id) values (?,?,?,?,?,default)
DEBUG org.hibernate.SQL - update order_items set order_id=? where id=?
DEBUG org.hibernate.SQL - insert into orders (contact_phone,delivery_address,delivery_fee,last_updated,latitude,longitude,order_date,restaurant_id,status,subtotal,tax,total_amount,user_id,order_id) values (?,?,?,?,?,?,?,?,?,?,?,?,?,default)
DEBUG org.hibernate.SQL - insert into order_items (item_name,menu_item_id,quantity,total_price,unit_price,id) values (?,?,?,?,?,default)
DEBUG org.hibernate.SQL - update order_items set order_id=? where id=?
DEBUG org.hibernate.SQL - insert into orders (contact_phone,delivery_address,delivery_fee,last_updated,latitude,longitude,order_date,restaurant_id,status,subtotal,tax,total_amount,user_id,order_id) values (?,?,?,?,?,?,?,?,?,?,?,?,?,default)
DEBUG org.hibernate.SQL - insert into order_items (item_name,menu_item_id,quantity,total_price,unit_price,id) values (?,?,?,?,?,default)
DEBUG org.hibernate.SQL - update order_items set order_id=? where id=?
DEBUG org.hibernate.SQL - insert into orders (contact_phone,delivery_address,delivery_fee,last_updated,latitude,longitude,order_date,restaurant_id,status,subtotal,tax,total_amount,user_id,order_id) values (?,?,?,?,?,?,?,?,?,?,?,?,?,default)
DEBUG org.hibernate.SQL - insert into order_items (item_name,menu_item_id,quantity,total_price,unit_price,id) values (?,?,?,?,?,default)
DEBUG org.hibernate.SQL - update order_items set order_id=? where id=?
DEBUG org.hibernate.SQL - insert into orders (contact_phone,delivery_address,delivery_fee,last_updated,latitude,longitude,order_date,restaurant_id,status,subtotal,tax,total_amount,user_id,order_id) values (?,?,?,?,?,?,?,?,?,?,?,?,?,default)
DEBUG org.hibernate.SQL - insert into order_items (item_name,menu_item_id,quantity,total_price,unit_price,id) values (?,?,?,?,?,default)
DEBUG org.hibernate.SQL - update order_items set order_id=? where id=?
DEBUG org.hibernate.SQL - insert into orders (contact_phone,delivery_address,delivery_fee,last_updated,latitude,longitude,order_date,restaurant_id,status,subtotal,tax,total_amount,user_id,order_id) values (?,?,?,?,?,?,?,?,?,?,?,?,?,default)
DEBUG org.hibernate.SQL - insert into order_items (item_name,menu_item_id,quantity,total_price,unit_price,id) values (?,?,?,?,?,default)
DEBUG org.hibernate.SQL - update order_items set order_id=? where id=?
DEBUG org.hibernate.SQL - insert into orders (contact_phone,delivery_address,delivery_fee,last_updated,latitude,longitude,order_date,restaurant_id,status,subtotal,tax,total_amount,user_id,order_id) values (?,?,?,?,?,?,?,?,?,?,?,?,?,default)
DEBUG org.hibernate.SQL - insert into order_items (item_name,menu_item_id,quantity,total_price,unit_price,id) values (?,?,?,?,?,default)
DEBUG org.hibernate.SQL - update order_items set order_id=? where id=?
DEBUG org.hibernate.SQL - insert into orders (contact_phone,delivery_address,delivery_fee,last_updated,latitude,longitude,order_date,restaurant_id,status,subtotal,tax,total_amount,user_id,order_id) values (?,?,?,?,?,?,?,?,?,?,?,?,?,default)
DEBUG org.hibernate.SQL - insert into order_items (item_name,menu_item_id,quantity,total_price,unit_price,id) values (?,?,?,?,?,default)
DEBUG org.hibernate.SQL - update order_items set order_id=? where id=?
DEBUG org.hibernate.SQL - insert into orders (contact_phone,delivery_address,delivery_fee,last_updated,latitude,longitude,order_date,restaurant_id,status,subtotal,tax,total_amount,user_id,order_id) values (?,?,?,?,?,?,?,?,?,?,?,?,?,default)
DEBUG org.hibernate.SQL - insert into order_items (item_name,menu_item_id,quantity,total_price,unit_price,id) values (?,?,?,?,?,default)
DEBUG org.hibernate.SQL - update order_items set order_id=? where id=?
DEBUG org.hibernate.SQL - insert into orders (contact_phone,delivery_address,delivery_fee,last_updated,latitude,longitude,order_date,restaurant_id,status,subtotal,tax,total_amount,user_id,order_id) values (?,?,?,?,?,?,?,?,?,?,?,?,?,default)
DEBUG org.hibernate.SQL - insert into order_items (item_name,menu_item_id,quantity,total_price,unit_price,id) values (?,?,?,?,?,default)
DEBUG org.hibernate.SQL - update order_items set order_id=? where id=?
DEBUG org.hibernate.SQL - insert into orders (contact_phone,delivery_address,delivery_fee,last_updated,latitude,longitude,order_date,restaurant_id,status,subtotal,tax,total_amount,user_id,order_id) values (?,?,?,?,?,?,?,?,?,?,?,?,?,default)
DEBUG org.hibernate.SQL - insert into order_items (item_name,menu_item_id,quantity,total_price,unit_price,id) values (?,?,?,?,?,default)
DEBUG org.hibernate.SQL - update order_items set order_id=? where id=?
DEBUG org.hibernate.SQL - insert into orders (contact_phone,delivery_address,delivery_fee,last_updated,latitude,longitude,order_date,restaurant_id,status,subtotal,tax,total_amount,user_id,order_id) values (?,?,?,?,?,?,?,?,?,?,?,?,?,default)
DEBUG org.hibernate.SQL - insert into order_items (item_name,menu_item_id,quantity,total_price,unit_price,id) values (?,?,?,?,?,default)
DEBUG org.hibernate.SQL - update order_items set order_id=? where id=?
DEBUG org.hibernate.SQL - insert into orders (contact_phone,delivery_address,delivery_fee,last_updated,latitude,longitude,order_date,restaurant_id,status,subtotal,tax,total_amount,user_id,order_id) values (?,?,?,?,?,?,?,?,?,?,?,?,?,default)
DEBUG org.hibernate.SQL - insert into order_items (item_name,menu_item_id,quantity,total_price,unit_price,id) values (?,?,?,?,?,default)
DEBUG org.hibernate.SQL - update order_items set order_id=? where id=?
DEBUG org.hibernate.SQL - insert into orders (contact_phone,delivery_address,delivery_fee,last_updated,latitude,longitude,order_date,restaurant_id,status,subtotal,tax,total_amount,user_id,order_id) values (?,?,?,?,?,?,?,?,?,?,?,?,?,default)
DEBUG org.hibernate.SQL - insert into order_items (item_name,menu_item_id,quantity,total_price,unit_price,id) values (?,?,?,?,?,default)
DEBUG org.hibernate.SQL - update order_items set order_id=? where id=?
DEBUG org.hibernate.SQL - insert into orders (contact_phone,delivery_address,delivery_fee,last_updated,latitude,longitude,order_date,restaurant_id,status,subtotal,tax,total_amount,user_id,order_id) values (?,?,?,?,?,?,?,?,?,?,?,?,?,default)
DEBUG org.hibernate.SQL - insert into order_items (item_name,menu_item_id,quantity,total_price,unit_price,id) values (?,?,?,?,?,default)
DEBUG org.hibernate.SQL - update order_items set order_id=? where id=?
DEBUG org.hibernate.SQL - insert into orders (contact_phone,delivery_address,delivery_fee,last_updated,latitude,longitude,order_date,restaurant_id,status,subtotal,tax,total_amount,user_id,order_id) values (?,?,?,?,?,?,?,?,?,?,?,?,?,default)
DEBUG org.hibernate.SQL - insert into order_items (item_name,menu_item_id,quantity,total_price,unit_price,id) values (?,?,?,?,?,default)
DEBUG org.hibernate.SQL - update order_items set order_id=? where id=?
DEBUG org.hibernate.SQL - insert into orders (contact_phone,delivery_address,delivery_fee,last_updated,latitude,longitude,order_date,restaurant_id,status,subtotal,tax,total_amount,user_id,order_id) values (?,?,?,?,?,?,?,?,?,?,?,?,?,default)
DEBUG org.hibernate.SQL - insert into order_items (item_name,menu_item_id,quantity,total_price,unit_price,id) values (?,?,?,?,?,default)
DEBUG org.hibernate.SQL - update order_items set order_id=? where id=?
DEBUG org.hibernate.SQL - insert into orders (contact_phone,delivery_address,delivery_fee,last_updated,latitude,longitude,order_date,restaurant_id,status,subtotal,tax,total_amount,user_id,order_id) values (?,?,?,?,?,?,?,?,?,?,?,?,?,default)
DEBUG org.hibernate.SQL - insert into order_items (item_name,menu_item_id,quantity,total_price,unit_price,id) values (?,?,?,?,?,default)
DEBUG org.hibernate.SQL - update order_items set order_id=? where id=?
DEBUG org.hibernate.SQL - insert into orders (contact_phone,delivery_address,delivery_fee,last_updated,latitude,longitude,order_date,restaurant_id,status,subtotal,tax,total_amount,user_id,order_id) values (?,?,?,?,?,?,?,?,?,?,?,?,?,default)
DEBUG org.hibernate.SQL - insert into order_items (item_name,menu_item_id,quantity,total_price,unit_price,id) values (?,?,?,?,?,default)
DEBUG org.hibernate.SQL - update order_items set order_id=? where id=?
DEBUG org.hibernate.SQL - insert into orders (contact_phone,delivery_address,delivery_fee,last_updated,latitude,longitude,order_date,restaurant_id,status,subtotal,tax,total_amount,user_id,order_id) values (?,?,?,?,?,?,?,?,?,?,?,?,?,default)
DEBUG org.hibernate.SQL - insert into order_items (item_name,menu_item_id,quantity,total_price,unit_price,id) values (?,?,?,?,?,default)
DEBUG org.hibernate.SQL - update order_items set order_id=? where id=?
DEBUG org.hibernate.SQL - insert into orders (contact_phone,delivery_address,delivery_fee,last_updated,latitude,longitude,order_date,restaurant_id,status,subtotal,tax,total_amount,user_id,order_id) values (?,?,?,?,?,?,?,?,?,?,?,?,?,default)
DEBUG org.hibernate.SQL - insert into order_items (item_name,menu_item_id,quantity,total_price,unit_price,id) values (?,?,?,?,?,default)
DEBUG org.hibernate.SQL - update order_items set order_id=? where id=?
DEBUG org.hibernate.SQL - insert into orders (contact_phone,delivery_address,delivery_fee,last_updated,latitude,longitude,order_date,restaurant_id,status,subtotal,tax,total_amount,user_id,order_id) values (?,?,?,?,?,?,?,?,?,?,?,?,?,default)
DEBUG org.hibernate.SQL - insert into order_items (item_name,menu_item_id,quantity,total_price,unit_price,id) values (?,?,?,?,?,default)
DEBUG org.hibernate.SQL - update order_items set order_id=? where id=?
DEBUG org.hibernate.SQL - insert into orders (contact_phone,delivery_address,delivery_fee,last_updated,latitude,longitude,order_date,restaurant_id,status,subtotal,tax,total_amount,user_id,order_id) values (?,?,?,?,?,?,?,?,?,?,?,?,?,default)
DEBUG org.hibernate.SQL - insert into order_items (item_name,menu_item_id,quantity,total_price,unit_price,id) values (?,?,?,?,?,default)
DEBUG org.hibernate.SQL - update order_items set order_id=? where id=?
DEBUG org.hibernate.SQL - insert into orders (contact_phone,delivery_address,delivery_fee,last_updated,latitude,longitude,order_date,restaurant_id,status,subtotal,tax,total_amount,user_id,order_id) values (?,?,?,?,?,?,?,?,?,?,?,?,?,default)
DEBUG org.hibernate.SQL - insert into order_items (item_name,menu_item_id,quantity,total_price,unit_price,id) values (?,?,?,?,?,default)
DEBUG org.hibernate.SQL - update order_items set order_id=? where id=?
DEBUG org.hibernate.SQL - insert into orders (contact_phone,delivery_address,delivery_fee,last_updated,latitude,longitude,order_date,restaurant_id,status,subtotal,tax,total_amount,user_id,order_id) values (?,?,?,?,?,?,?,?,?,?,?,?,?,default)
DEBUG org.hibernate.SQL - insert into order_items (item_name,menu_item_id,quantity,total_price,unit_price,id) values (?,?,?,?,?,default)
DEBUG org.hibernate.SQL - update order_items set order_id=? where id=?
DEBUG org.hibernate.SQL - insert into orders (contact_phone,delivery_address,delivery_fee,last_updated,latitude,longitude,order_date,restaurant_id,status,subtotal,tax,total_amount,user_id,order_id) values (?,?,?,?,?,?,?,?,?,?,?,?,?,default)
DEBUG org.hibernate.SQL - insert into order_items (item_name,menu_item_id,quantity,total_price,unit_price,id) values (?,?,?,?,?,default)
DEBUG org.hibernate.SQL - update order_items set order_id=? where id=?
DEBUG org.hibernate.SQL - insert into orders (contact_phone,delivery_address,delivery_fee,last_updated,latitude,longitude,order_date,restaurant_id,status,subtotal,tax,total_amount,user_id,order_id) values (?,?,?,?,?,?,?,?,?,?,?,?,?,default)
DEBUG org.hibernate.SQL - insert into order_items (item_name,menu_item_id,quantity,total_price,unit_price,id) values (?,?,?,?,?,default)
DEBUG org.hibernate.SQL - update order_items set order_id=? where id=?
DEBUG org.hibernate.SQL - insert into orders (contact_phone,delivery_address,delivery_fee,last_updated,latitude,longitude,order_date,restaurant_id,status,subtotal,tax,total_amount,user_id,order_id) values (?,?,?,?,?,?,?,?,?,?,?,?,?,default)
DEBUG org.hibernate.SQL - insert into order_items (item_name,menu_item_id,quantity,total_price,unit_price,id) values (?,?,?,?,?,default)
DEBUG org.hibernate.SQL - update order_items set order_id=? where id=?
DEBUG org.hibernate.SQL - insert into orders (contact_phone,delivery_address,delivery_fee,last_updated,latitude,longitude,order_date,restaurant_id,status,subtotal,tax,total_amount,user_id,order_id) values (?,?,?,?,?,?,?,?,?,?,?,?,?,default)
DEBUG org.hibernate.SQL - insert into order_items (item_name,menu_item_id,quantity,total_price,unit_price,id) values (?,?,?,?,?,default)
DEBUG org.hibernate.SQL - update order_items set order_id=? where id=?
DEBUG org.hibernate.SQL - insert into orders (contact_phone,delivery_address,delivery_fee,last_updated,latitude,longitude,order_date,restaurant_id,status,subtotal,tax,total_amount,user_id,order_id) values (?,?,?,?,?,?,?,?,?,?,?,?,?,default)
DEBUG org.hibernate.SQL - insert into order_items (item_name,menu_item_id,quantity,total_price,unit_price,id) values (?,?,?,?,?,default)
DEBUG org.hibernate.SQL - update order_items set order_id=? where id=?
DEBUG org.hibernate.SQL - insert into orders (contact_phone,delivery_address,delivery_fee,last_updated,latitude,longitude,order_date,restaurant_id,status,subtotal,tax,total_amount,user_id,order_id) values (?,?,?,?,?,?,?,?,?,?,?,?,?,default)
DEBUG org.hibernate.SQL - insert into order_items (item_name,menu_item_id,quantity,total_price,unit_price,id) values (?,?,?,?,?,default)
DEBUG org.hibernate.SQL - update order_items set order_id=? where id=?
DEBUG org.hibernate.SQL - insert into orders (contact_phone,delivery_address,delivery_fee,last_updated,latitude,longitude,order_date,restaurant_id,status,subtotal,tax,total_amount,user_id,order_id) values (?,?,?,?,?,?,?,?,?,?,?,?,?,default)
DEBUG org.hibernate.SQL - insert into order_items (item_name,menu_item_id,quantity,total_price,unit_price,id) values (?,?,?,?,?,default)
DEBUG org.hibernate.SQL - update order_items set order_id=? where id=?
DEBUG org.hibernate.SQL - insert into orders (contact_phone,delivery_address,delivery_fee,last_updated,latitude,longitude,order_date,restaurant_id,status,subtotal,tax,total_amount,user_id,order_id) values (?,?,?,?,?,?,?,?,?,?,?,?,?,default)
DEBUG org.hibernate.SQL - insert into order_items (item_name,menu_item_id,quantity,total_price,unit_price,id) values (?,?,?,?,?,default)
DEBUG org.hibernate.SQL - update order_items set order_id=? where id=?
DEBUG org.hibernate.SQL - insert into orders (contact_phone,delivery_address,delivery_fee,last_updated,latitude,longitude,order_date,restaurant_id,status,subtotal,tax,total_amount,user_id,order_id) values (?,?,?,?,?,?,?,?,?,?,?,?,?,default)
DEBUG org.hibernate.SQL - insert into order_items (item_name,menu_item_id,quantity,total_price,unit_price,id) values (?,?,?,?,?,default)
DEBUG org.hibernate.SQL - update order_items set order_id=? where id=?
DEBUG org.hibernate.SQL - insert into orders (contact_phone,delivery_address,delivery_fee,last_updated,latitude,longitude,order_date,restaurant_id,status,subtotal,tax,total_amount,user_id,order_id) values (?,?,?,?,?,?,?,?,?,?,?,?,?,default)
DEBUG org.hibernate.SQL - insert into order_items (item_name,menu_item_id,quantity,total_price,unit_price,id) values (?,?,?,?,?,default)
DEBUG org.hibernate.SQL - update order_items set order_id=? where id=?
DEBUG org.hibernate.SQL - insert into orders (contact_phone,delivery_address,delivery_fee,last_updated,latitude,longitude,order_date,restaurant_id,status,subtotal,tax,total_amount,user_id,order_id) values (?,?,?,?,?,?,?,?,?,?,?,?,?,default)
DEBUG org.hibernate.SQL - insert into order_items (item_name,menu_item_id,quantity,total_price,unit_price,id) values (?,?,?,?,?,default)
DEBUG org.hibernate.SQL - update order_items set order_id=? where id=?
DEBUG org.hibernate.SQL - insert into orders (contact_phone,delivery_address,delivery_fee,last_updated,latitude,longitude,order_date,restaurant_id,status,subtotal,tax,total_amount,user_id,order_id) values (?,?,?,?,?,?,?,?,?,?,?,?,?,default)
DEBUG org.hibernate.SQL - insert into order_items (item_name,menu_item_id,quantity,total_price,unit_price,id) values (?,?,?,?,?,default)
DEBUG org.hibernate.SQL - update order_items set order_id=? where id=?
DEBUG org.hibernate.SQL - insert into orders (contact_phone,delivery_address,delivery_fee,last_updated,latitude,longitude,order_date,restaurant_id,status,subtotal,tax,total_amount,user_id,order_id) values (?,?,?,?,?,?,?,?,?,?,?,?,?,default)
DEBUG org.hibernate.SQL - insert into order_items (item_name,menu_item_id,quantity,total_price,unit_price,id) values (?,?,?,?,?,default)
DEBUG org.hibernate.SQL - update order_items set order_id=? where id=?
DEBUG org.hibernate.SQL - insert into orders (contact_phone,delivery_address,delivery_fee,last_updated,latitude,longitude,order_date,restaurant_id,status,subtotal,tax,total_amount,user_id,order_id) values (?,?,?,?,?,?,?,?,?,?,?,?,?,default)
DEBUG org.hibernate.SQL - insert into order_items (item_name,menu_item_id,quantity,total_price,unit_price,id) values (?,?,?,?,?,default)
DEBUG org.hibernate.SQL - update order_items set order_id=? where id=?
DEBUG org.hibernate.SQL - insert into orders (contact_phone,delivery_address,delivery_fee,last_updated,latitude,longitude,order_date,restaurant_id,status,subtotal,tax,total_amount,user_id,order_id) values (?,?,?,?,?,?,?,?,?,?,?,?,?,default)
DEBUG org.hibernate.SQL - insert into order_items (item_name,menu_item_id,quantity,total_price,unit_price,id) values (?,?,?,?,?,default)
DEBUG org.hibernate.SQL - update order_items set order_id=? where id=?
DEBUG org.hibernate.SQL - insert into orders (contact_phone,delivery_address,delivery_fee,last_updated,latitude,longitude,order_date,restaurant_id,status,subtotal,tax,total_amount,user_id,order_id) values (?,?,?,?,?,?,?,?,?,?,?,?,?,default)
DEBUG org.hibernate.SQL - insert into order_items (item_name,menu_item_id,quantity,total_price,unit_price,id) values (?,?,?,?,?,default)
DEBUG org.hibernate.SQL - update order_items set order_id=? where id=?
DEBUG org.hibernate.SQL - insert into orders (contact_phone,delivery_address,delivery_fee,last_updated,latitude,longitude,order_date,restaurant_id,status,subtotal,tax,total_amount,user_id,order_id) values (?,?,?,?,?,?,?,?,?,?,?,?,?,default)
DEBUG org.hibernate.SQL - insert into order_items (item_name,menu_item_id,quantity,total_price,unit_price,id) values (?,?,?,?,?,default)
DEBUG org.hibernate.SQL - update order_items set order_id=? where id=?
DEBUG org.hibernate.SQL - insert into orders (contact_phone,delivery_address,delivery_fee,last_updated,latitude,longitude,order_date,restaurant_id,status,subtotal,tax,total_amount,user_id,order_id) values (?,?,?,?,?,?,?,?,?,?,?,?,?,default)
DEBUG org.hibernate.SQL - insert into order_items (item_name,menu_item_id,quantity,total_price,unit_price,id) values (?,?,?,?,?,default)
DEBUG org.hibernate.SQL - update order_items set order_id=? where id=?
DEBUG org.hibernate.SQL - insert into orders (contact_phone,delivery_address,delivery_fee,last_updated,latitude,longitude,order_date,restaurant_id,status,subtotal,tax,total_amount,user_id,order_id) values (?,?,?,?,?,?,?,?,?,?,?,?,?,default)
DEBUG org.hibernate.SQL - insert into order_items (item_name,menu_item_id,quantity,total_price,unit_price,id) values (?,?,?,?,?,default)
DEBUG org.hibernate.SQL - update order_items set order_id=? where id=?
DEBUG org.hibernate.SQL - insert into orders (contact_phone,delivery_address,delivery_fee,last_updated,latitude,longitude,order_date,restaurant_id,status,subtotal,tax,total_amount,user_id,order_id) values (?,?,?,?,?,?,?,?,?,?,?,?,?,default)
DEBUG org.hibernate.SQL - insert into order_items (item_name,menu_item_id,quantity,total_price,unit_price,id) values (?,?,?,?,?,default)
DEBUG org.hibernate.SQL - update order_items set order_id=? where id=?
DEBUG org.hibernate.SQL - insert into orders (contact_phone,delivery_address,delivery_fee,last_updated,latitude,longitude,order_date,restaurant_id,status,subtotal,tax,total_amount,user_id,order_id) values (?,?,?,?,?,?,?,?,?,?,?,?,?,default)
DEBUG org.hibernate.SQL - insert into order_items (item_name,menu_item_id,quantity,total_price,unit_price,id) values (?,?,?,?,?,default)
DEBUG org.hibernate.SQL - update order_items set order_id=? where id=?
DEBUG org.hibernate.SQL - insert into orders (contact_phone,delivery_address,delivery_fee,last_updated,latitude,longitude,order_date,restaurant_id,status,subtotal,tax,total_amount,user_id,order_id) values (?,?,?,?,?,?,?,?,?,?,?,?,?,default)
DEBUG org.hibernate.SQL - insert into order_items (item_name,menu_item_id,quantity,total_price,unit_price,id) values (?,?,?,?,?,default)
DEBUG org.hibernate.SQL - update order_items set order_id=? where id=?
DEBUG org.hibernate.SQL - insert into orders (contact_phone,delivery_address,delivery_fee,last_updated,latitude,longitude,order_date,restaurant_id,status,subtotal,tax,total_amount,user_id,order_id) values (?,?,?,?,?,?,?,?,?,?,?,?,?,default)
DEBUG org.hibernate.SQL - insert into order_items (item_name,menu_item_id,quantity,total_price,unit_price,id) values (?,?,?,?,?,default)
DEBUG org.hibernate.SQL - update order_items set order_id=? where id=?
DEBUG org.hibernate.SQL - insert into orders (contact_phone,delivery_address,delivery_fee,last_updated,latitude,longitude,order_date,restaurant_id,status,subtotal,tax,total_amount,user_id,order_id) values (?,?,?,?,?,?,?,?,?,?,?,?,?,default)
DEBUG org.hibernate.SQL - insert into order_items (item_name,menu_item_id,quantity,total_price,unit_price,id) values (?,?,?,?,?,default)
DEBUG org.hibernate.SQL - update order_items set order_id=? where id=?
DEBUG org.hibernate.SQL - insert into orders (contact_phone,delivery_address,delivery_fee,last_updated,latitude,longitude,order_date,restaurant_id,status,subtotal,tax,total_amount,user_id,order_id) values (?,?,?,?,?,?,?,?,?,?,?,?,?,default)
DEBUG org.hibernate.SQL - insert into order_items (item_name,menu_item_id,quantity,total_price,unit_price,id) values (?,?,?,?,?,default)
DEBUG org.hibernate.SQL - update order_items set order_id=? where id=?
DEBUG org.hibernate.SQL - insert into orders (contact_phone,delivery_address,delivery_fee,last_updated,latitude,longitude,order_date,restaurant_id,status,subtotal,tax,total_amount,user_id,order_id) values (?,?,?,?,?,?,?,?,?,?,?,?,?,default)
DEBUG org.hibernate.SQL - insert into order_items (item_name,menu_item_id,quantity,total_price,unit_price,id) values (?,?,?,?,?,default)
DEBUG org.hibernate.SQL - update order_items set order_id=? where id=?
DEBUG org.hibernate.SQL - insert into orders (contact_phone,delivery_address,delivery_fee,last_updated,latitude,longitude,order_date,restaurant_id,status,subtotal,tax,total_amount,user_id,order_id) values (?,?,?,?,?,?,?,?,?,?,?,?,?,default)
DEBUG org.hibernate.SQL - insert into order_items (item_name,menu_item_id,quantity,total_price,unit_price,id) values (?,?,?,?,?,default)
DEBUG org.hibernate.SQL - update order_items set order_id=? where id=?
DEBUG org.hibernate.SQL - insert into orders (contact_phone,delivery_address,delivery_fee,last_updated,latitude,longitude,order_date,restaurant_id,status,subtotal,tax,total_amount,user_id,order_id) values (?,?,?,?,?,?,?,?,?,?,?,?,?,default)
DEBUG org.hibernate.SQL - insert into order_items (item_name,menu_item_id,quantity,total_price,unit_price,id) values (?,?,?,?,?,default)
DEBUG org.hibernate.SQL - update order_items set order_id=? where id=?
DEBUG org.hibernate.SQL - insert into orders (contact_phone,delivery_address,delivery_fee,last_updated,latitude,longitude,order_date,restaurant_id,status,subtotal,tax,total_amount,user_id,order_id) values (?,?,?,?,?,?,?,?,?,?,?,?,?,default)
DEBUG org.hibernate.SQL - insert into order_items (item_name,menu_item_id,quantity,total_price,unit_price,id) values (?,?,?,?,?,default)
DEBUG org.hibernate.SQL - update order_items set order_id=? where id=?
DEBUG org.hibernate.SQL - insert into orders (contact_phone,delivery_address,delivery_fee,last_updated,latitude,longitude,order_date,restaurant_id,status,subtotal,tax,total_amount,user_id,order_id) values (?,?,?,?,?,?,?,?,?,?,?,?,?,default)
DEBUG org.hibernate.SQL - insert into order_items (item_name,menu_item_id,quantity,total_price,unit_price,id) values (?,?,?,?,?,default)
DEBUG org.hibernate.SQL - update order_items set order_id=? where id=?
DEBUG org.hibernate.SQL - insert into orders (contact_phone,delivery_address,delivery_fee,last_updated,latitude,longitude,order_date,restaurant_id,status,subtotal,tax,total_amount,user_id,order_id) values (?,?,?,?,?,?,?,?,?,?,?,?,?,default)
DEBUG org.hibernate.SQL - insert into order_items (item_name,menu_item_id,quantity,total_price,unit_price,id) values (?,?,?,?,?,default)
DEBUG org.hibernate.SQL - update order_items set order_id=? where id=?
DEBUG org.hibernate.SQL - insert into orders (contact_phone,delivery_address,delivery_fee,last_updated,latitude,longitude,order_date,restaurant_id,status,subtotal,tax,total_amount,user_id,order_id) values (?,?,?,?,?,?,?,?,?,?,?,?,?,default)
DEBUG org.hibernate.SQL - insert into order_items (item_name,menu_item_id,quantity,total_price,unit_price,id) values (?,?,?,?,?,default)
DEBUG org.hibernate.SQL - update order_items set order_id=? where id=?
DEBUG org.hibernate.SQL - insert into orders (contact_phone,delivery_address,delivery_fee,last_updated,latitude,longitude,order_date,restaurant_id,status,subtotal,tax,total_amount,user_id,order_id) values (?,?,?,?,?,?,?,?,?,?,?,?,?,default)
DEBUG org.hibernate.SQL - insert into order_items (item_name,menu_item_id,quantity,total_price,unit_price,id) values (?,?,?,?,?,default)
DEBUG org.hibernate.SQL - update order_items set order_id=? where id=?
DEBUG org.hibernate.SQL - insert into orders (contact_phone,delivery_address,delivery_fee,last_updated,latitude,longitude,order_date,restaurant_id,status,subtotal,tax,total_amount,user_id,order_id) values (?,?,?,?,?,?,?,?,?,?,?,?,?,default)
DEBUG org.hibernate.SQL - insert into order_items (item_name,menu_item_id,quantity,total_price,unit_price,id) values (?,?,?,?,?,default)
DEBUG org.hibernate.SQL - update order_items set order_id=? where id=?
DEBUG org.hibernate.SQL - insert into orders (contact_phone,delivery_address,delivery_fee,last_updated,latitude,longitude,order_date,restaurant_id,status,subtotal,tax,total_amount,user_id,order_id) values (?,?,?,?,?,?,?,?,?,?,?,?,?,default)
DEBUG org.hibernate.SQL - insert into order_items (item_name,menu_item_id,quantity,total_price,unit_price,id) values (?,?,?,?,?,default)
DEBUG org.hibernate.SQL - update order_items set order_id=? where id=?
DEBUG org.hibernate.SQL - insert into orders (contact_phone,delivery_address,delivery_fee,last_updated,latitude,longitude,order_date,restaurant_id,status,subtotal,tax,total_amount,user_id,order_id) values (?,?,?,?,?,?,?,?,?,?,?,?,?,default)
DEBUG org.hibernate.SQL - insert into order_items (item_name,menu_item_id,quantity,total_price,unit_price,id) values (?,?,?,?,?,default)
DEBUG org.hibernate.SQL - update order_items set order_id=? where id=?
DEBUG org.hibernate.SQL - insert into orders (contact_phone,delivery_address,delivery_fee,last_updated,latitude,longitude,order_date,restaurant_id,status,subtotal,tax,total_amount,user_id,order_id) values (?,?,?,?,?,?,?,?,?,?,?,?,?,default)
DEBUG org.hibernate.SQL - insert into order_items (item_name,menu_item_id,quantity,total_price,unit_price,id) values (?,?,?,?,?,default)
DEBUG org.hibernate.SQL - update order_items set order_id=? where id=?
DEBUG org.hibernate.SQL - insert into orders (contact_phone,delivery_address,delivery_fee,last_updated,latitude,longitude,order_date,restaurant_id,status,subtotal,tax,total_amount,user_id,order_id) values (?,?,?,?,?,?,?,?,?,?,?,?,?,default)
DEBUG org.hibernate.SQL - insert into order_items (item_name,menu_item_id,quantity,total_price,unit_price,id) values (?,?,?,?,?,default)
DEBUG org.hibernate.SQL - update order_items set order_id=? where id=?
DEBUG org.hibernate.SQL - insert into orders (contact_phone,delivery_address,delivery_fee,last_updated,latitude,longitude,order_date,restaurant_id,status,subtotal,tax,total_amount,user_id,order_id) values (?,?,?,?,?,?,?,?,?,?,?,?,?,default)
DEBUG org.hibernate.SQL - insert into order_items (item_name,menu_item_id,quantity,total_price,unit_price,id) values (?,?,?,?,?,default)
DEBUG org.hibernate.SQL - update order_items set order_id=? where id=?
DEBUG org.hibernate.SQL - insert into orders (contact_phone,delivery_address,delivery_fee,last_updated,latitude,longitude,order_date,restaurant_id,status,subtotal,tax,total_amount,user_id,order_id) values (?,?,?,?,?,?,?,?,?,?,?,?,?,default)
DEBUG org.hibernate.SQL - insert into order_items (item_name,menu_item_id,quantity,total_price,unit_price,id) values (?,?,?,?,?,default)
DEBUG org.hibernate.SQL - update order_items set order_id=? where id=?
DEBUG org.hibernate.SQL - insert into orders (contact_phone,delivery_address,delivery_fee,last_updated,latitude,longitude,order_date,restaurant_id,status,subtotal,tax,total_amount,user_id,order_id) values (?,?,?,?,?,?,?,?,?,?,?,?,?,default)
DEBUG org.hibernate.SQL - insert into order_items (item_name,menu_item_id,quantity,total_price,unit_price,id) values (?,?,?,?,?,default)
DEBUG org.hibernate.SQL - update order_items set order_id=? where id=?
DEBUG org.hibernate.SQL - insert into orders (contact_phone,delivery_address,delivery_fee,last_updated,latitude,longitude,order_date,restaurant_id,status,subtotal,tax,total_amount,user_id,order_id) values (?,?,?,?,?,?,?,?,?,?,?,?,?,default)
DEBUG org.hibernate.SQL - insert into order_items (item_name,menu_item_id,quantity,total_price,unit_price,id) values (?,?,?,?,?,default)
DEBUG org.hibernate.SQL - update order_items set order_id=? where id=?
DEBUG org.hibernate.SQL - insert into orders (contact_phone,delivery_address,delivery_fee,last_updated,latitude,longitude,order_date,restaurant_id,status,subtotal,tax,total_amount,user_id,order_id) values (?,?,?,?,?,?,?,?,?,?,?,?,?,default)
DEBUG org.hibernate.SQL - insert into order_items (item_name,menu_item_id,quantity,total_price,unit_price,id) values (?,?,?,?,?,default)
DEBUG org.hibernate.SQL - update order_items set order_id=? where id=?
DEBUG org.hibernate.SQL - insert into orders (contact_phone,delivery_address,delivery_fee,last_updated,latitude,longitude,order_date,restaurant_id,status,subtotal,tax,total_amount,user_id,order_id) values (?,?,?,?,?,?,?,?,?,?,?,?,?,default)
DEBUG org.hibernate.SQL - insert into order_items (item_name,menu_item_id,quantity,total_price,unit_price,id) values (?,?,?,?,?,default)
DEBUG org.hibernate.SQL - update order_items set order_id=? where id=?
DEBUG org.hibernate.SQL - insert into orders (contact_phone,delivery_address,delivery_fee,last_updated,latitude,longitude,order_date,restaurant_id,status,subtotal,tax,total_amount,user_id,order_id) values (?,?,?,?,?,?,?,?,?,?,?,?,?,default)
DEBUG org.hibernate.SQL - insert into order_items (item_name,menu_item_id,quantity,total_price,unit_price,id) values (?,?,?,?,?,default)
DEBUG org.hibernate.SQL - update order_items set order_id=? where id=?
DEBUG org.hibernate.SQL - insert into orders (contact_phone,delivery_address,delivery_fee,last_updated,latitude,longitude,order_date,restaurant_id,status,subtotal,tax,total_amount,user_id,order_id) values (?,?,?,?,?,?,?,?,?,?,?,?,?,default)
DEBUG org.hibernate.SQL - insert into order_items (item_name,menu_item_id,quantity,total_price,unit_price,id) values (?,?,?,?,?,default)
DEBUG org.hibernate.SQL - update order_items set order_id=? where id=?
DEBUG org.hibernate.SQL - insert into orders (contact_phone,delivery_address,delivery_fee,last_updated,latitude,longitude,order_date,restaurant_id,status,subtotal,tax,total_amount,user_id,order_id) values (?,?,?,?,?,?,?,?,?,?,?,?,?,default)
DEBUG org.hibernate.SQL - insert into order_items (item_name,menu_item_id,quantity,total_price,unit_price,id) values (?,?,?,?,?,default)
DEBUG org.hibernate.SQL - update order_items set order_id=? where id=?
DEBUG org.hibernate.SQL - insert into orders (contact_phone,delivery_address,delivery_fee,last_updated,latitude,longitude,order_date,restaurant_id,status,subtotal,tax,total_amount,user_id,order_id) values (?,?,?,?,?,?,?,?,?,?,?,?,?,default)
DEBUG org.hibernate.SQL - insert into order_items (item_name,menu_item_id,quantity,total_price,unit_price,id) values (?,?,?,?,?,default)
DEBUG org.hibernate.SQL - update order_items set order_id=? where id=?
DEBUG org.hibernate.SQL - insert into orders (contact_phone,delivery_address,delivery_fee,last_updated,latitude,longitude,order_date,restaurant_id,status,subtotal,tax,total_amount,user_id,order_id) values (?,?,?,?,?,?,?,?,?,?,?,?,?,default)
DEBUG org.hibernate.SQL - insert into order_items (item_name,menu_item_id,quantity,total_price,unit_price,id) values (?,?,?,?,?,default)
DEBUG org.hibernate.SQL - update order_items set order_id=? where id=?
DEBUG org.hibernate.SQL - insert into orders (contact_phone,delivery_address,delivery_fee,last_updated,latitude,longitude,order_date,restaurant_id,status,subtotal,tax,total_amount,user_id,order_id) values (?,?,?,?,?,?,?,?,?,?,?,?,?,default)
DEBUG org.hibernate.SQL - insert into order_items (item_name,menu_item_id,quantity,total_price,unit_price,id) values (?,?,?,?,?,default)
DEBUG org.hibernate.SQL - update order_items set order_id=? where id=?
DEBUG org.hibernate.SQL - insert into orders (contact_phone,delivery_address,delivery_fee,last_updated,latitude,longitude,order_date,restaurant_id,status,subtotal,tax,total_amount,user_id,order_id) values (?,?,?,?,?,?,?,?,?,?,?,?,?,default)
DEBUG org.hibernate.SQL - insert into order_items (item_name,menu_item_id,quantity,total_price,unit_price,id) values (?,?,?,?,?,default)
DEBUG org.hibernate.SQL - update order_items set order_id=? where id=?
DEBUG org.hibernate.SQL - insert into orders (contact_phone,delivery_address,delivery_fee,last_updated,latitude,longitude,order_date,restaurant_id,status,subtotal,tax,total_amount,user_id,order_id) values (?,?,?,?,?,?,?,?,?,?,?,?,?,default)
DEBUG org.hibernate.SQL - insert into order_items (item_name,menu_item_id,quantity,total_price,unit_price,id) values (?,?,?,?,?,default)
DEBUG org.hibernate.SQL - update order_items set order_id=? where id=?
DEBUG org.hibernate.SQL - insert into orders (contact_phone,delivery_address,delivery_fee,last_updated,latitude,longitude,order_date,restaurant_id,status,subtotal,tax,total_amount,user_id,order_id) values (?,?,?,?,?,?,?,?,?,?,?,?,?,default)
DEBUG org.hibernate.SQL - insert into order_items (item_name,menu_item_id,quantity,total_price,unit_price,id) values (?,?,?,?,?,default)
DEBUG org.hibernate.SQL - update order_items set order_id=? where id=?
DEBUG org.hibernate.SQL - insert into orders (contact_phone,delivery_address,delivery_fee,last_updated,latitude,longitude,order_date,restaurant_id,status,subtotal,tax,total_amount,user_id,order_id) values (?,?,?,?,?,?,?,?,?,?,?,?,?,default)
DEBUG org.hibernate.SQL - insert into order_items (item_name,menu_item_id,quantity,total_price,unit_price,id) values (?,?,?,?,?,default)
DEBUG org.hibernate.SQL - update order_items set order_id=? where id=?
DEBUG org.hibernate.SQL - insert into orders (contact_phone,delivery_address,delivery_fee,last_updated,latitude,longitude,order_date,restaurant_id,status,subtotal,tax,total_amount,user_id,order_id) values (?,?,?,?,?,?,?,?,?,?,?,?,?,default)
DEBUG org.hibernate.SQL - insert into order_items (item_name,menu_item_id,quantity,total_price,unit_price,id) values (?,?,?,?,?,default)
DEBUG org.hibernate.SQL - update order_items set order_id=? where id=?
DEBUG org.hibernate.SQL - insert into orders (contact_phone,delivery_address,delivery_fee,last_updated,latitude,longitude,order_date,restaurant_id,status,subtotal,tax,total_amount,user_id,order_id) values (?,?,?,?,?,?,?,?,?,?,?,?,?,default)
DEBUG org.hibernate.SQL - insert into order_items (item_name,menu_item_id,quantity,total_price,unit_price,id) values (?,?,?,?,?,default)
DEBUG org.hibernate.SQL - update order_items set order_id=? where id=?
DEBUG org.hibernate.SQL - insert into orders (contact_phone,delivery_address,delivery_fee,last_updated,latitude,longitude,order_date,restaurant_id,status,subtotal,tax,total_amount,user_id,order_id) values (?,?,?,?,?,?,?,?,?,?,?,?,?,default)
DEBUG org.hibernate.SQL - insert into order_items (item_name,menu_item_id,quantity,total_price,unit_price,id) values (?,?,?,?,?,default)
DEBUG org.hibernate.SQL - update order_items set order_id=? where id=?
DEBUG org.hibernate.SQL - insert into orders (contact_phone,delivery_address,delivery_fee,last_updated,latitude,longitude,order_date,restaurant_id,status,subtotal,tax,total_amount,user_id,order_id) values (?,?,?,?,?,?,?,?,?,?,?,?,?,default)
DEBUG org.hibernate.SQL - insert into order_items (item_name,menu_item_id,quantity,total_price,unit_price,id) values (?,?,?,?,?,default)
DEBUG org.hibernate.SQL - update order_items set order_id=? where id=?
DEBUG org.hibernate.SQL - insert into orders (contact_phone,delivery_address,delivery_fee,last_updated,latitude,longitude,order_date,restaurant_id,status,subtotal,tax,total_amount,user_id,order_id) values (?,?,?,?,?,?,?,?,?,?,?,?,?,default)
DEBUG org.hibernate.SQL - insert into order_items (item_name,menu_item_id,quantity,total_price,unit_price,id) values (?,?,?,?,?,default)
DEBUG org.hibernate.SQL - update order_items set order_id=? where id=?
DEBUG org.hibernate.SQL - insert into orders (contact_phone,delivery_address,delivery_fee,last_updated,latitude,longitude,order_date,restaurant_id,status,subtotal,tax,total_amount,user_id,order_id) values (?,?,?,?,?,?,?,?,?,?,?,?,?,default)
DEBUG org.hibernate.SQL - insert into order_items (item_name,menu_item_id,quantity,total_price,unit_price,id) values (?,?,?,?,?,default)
DEBUG org.hibernate.SQL - update order_items set order_id=? where id=?
DEBUG org.hibernate.SQL - insert into orders (contact_phone,delivery_address,delivery_fee,last_updated,latitude,longitude,order_date,restaurant_id,status,subtotal,tax,total_amount,user_id,order_id) values (?,?,?,?,?,?,?,?,?,?,?,?,?,default)
DEBUG org.hibernate.SQL - insert into order_items (item_name,menu_item_id,quantity,total_price,unit_price,id) values (?,?,?,?,?,default)
DEBUG org.hibernate.SQL - update order_items set order_id=? where id=?
DEBUG org.hibernate.SQL - insert into orders (contact_phone,delivery_address,delivery_fee,last_updated,latitude,longitude,order_date,restaurant_id,status,subtotal,tax,total_amount,user_id,order_id) values (?,?,?,?,?,?,?,?,?,?,?,?,?,default)
DEBUG org.hibernate.SQL - insert into order_items (item_name,menu_item_id,quantity,total_price,unit_price,id) values (?,?,?,?,?,default)
DEBUG org.hibernate.SQL - update order_items set order_id=? where id=?
DEBUG org.hibernate.SQL - insert into orders (contact_phone,delivery_address,delivery_fee,last_updated,latitude,longitude,order_date,restaurant_id,status,subtotal,tax,total_amount,user_id,order_id) values (?,?,?,?,?,?,?,?,?,?,?,?,?,default)
DEBUG org.hibernate.SQL - insert into order_items (item_name,menu_item_id,quantity,total_price,unit_price,id) values (?,?,?,?,?,default)
DEBUG org.hibernate.SQL - update order_items set order_id=? where id=?
DEBUG org.hibernate.SQL - insert into orders (contact_phone,delivery_address,delivery_fee,last_updated,latitude,longitude,order_date,restaurant_id,status,subtotal,tax,total_amount,user_id,order_id) values (?,?,?,?,?,?,?,?,?,?,?,?,?,default)
DEBUG org.hibernate.SQL - insert into order_items (item_name,menu_item_id,quantity,total_price,unit_price,id) values (?,?,?,?,?,default)
DEBUG org.hibernate.SQL - update order_items set order_id=? where id=?
DEBUG org.hibernate.SQL - insert into orders (contact_phone,delivery_address,delivery_fee,last_updated,latitude,longitude,order_date,restaurant_id,status,subtotal,tax,total_amount,user_id,order_id) values (?,?,?,?,?,?,?,?,?,?,?,?,?,default)
DEBUG org.hibernate.SQL - insert into order_items (item_name,menu_item_id,quantity,total_price,unit_price,id) values (?,?,?,?,?,default)
DEBUG org.hibernate.SQL - update order_items set order_id=? where id=?
DEBUG org.hibernate.SQL - insert into orders (contact_phone,delivery_address,delivery_fee,last_updated,latitude,longitude,order_date,restaurant_id,status,subtotal,tax,total_amount,user_id,order_id) values (?,?,?,?,?,?,?,?,?,?,?,?,?,default)
DEBUG org.hibernate.SQL - insert into order_items (item_name,menu_item_id,quantity,total_price,unit_price,id) values (?,?,?,?,?,default)
DEBUG org.hibernate.SQL - update order_items set order_id=? where id=?
DEBUG org.hibernate.SQL - insert into orders (contact_phone,delivery_address,delivery_fee,last_updated,latitude,longitude,order_date,restaurant_id,status,subtotal,tax,total_amount,user_id,order_id) values (?,?,?,?,?,?,?,?,?,?,?,?,?,default)
DEBUG org.hibernate.SQL - insert into order_items (item_name,menu_item_id,quantity,total_price,unit_price,id) values (?,?,?,?,?,default)
DEBUG org.hibernate.SQL - update order_items set order_id=? where id=?
DEBUG org.hibernate.SQL - insert into orders (contact_phone,delivery_address,delivery_fee,last_updated,latitude,longitude,order_date,restaurant_id,status,subtotal,tax,total_amount,user_id,order_id) values (?,?,?,?,?,?,?,?,?,?,?,?,?,default)
DEBUG org.hibernate.SQL - insert into order_items (item_name,menu_item_id,quantity,total_price,unit_price,id) values (?,?,?,?,?,default)
DEBUG org.hibernate.SQL - update order_items set order_id=? where id=?
DEBUG org.hibernate.SQL - insert into orders (contact_phone,delivery_address,delivery_fee,last_updated,latitude,longitude,order_date,restaurant_id,status,subtotal,tax,total_amount,user_id,order_id) values (?,?,?,?,?,?,?,?,?,?,?,?,?,default)
DEBUG org.hibernate.SQL - insert into order_items (item_name,menu_item_id,quantity,total_price,unit_price,id) values (?,?,?,?,?,default)
DEBUG org.hibernate.SQL - update order_items set order_id=? where id=?
DEBUG org.hibernate.SQL - insert into orders (contact_phone,delivery_address,delivery_fee,last_updated,latitude,longitude,order_date,restaurant_id,status,subtotal,tax,total_amount,user_id,order_id) values (?,?,?,?,?,?,?,?,?,?,?,?,?,default)
DEBUG org.hibernate.SQL - insert into order_items (item_name,menu_item_id,quantity,total_price,unit_price,id) values (?,?,?,?,?,default)
DEBUG org.hibernate.SQL - update order_items set order_id=? where id=?
DEBUG org.hibernate.SQL - insert into orders (contact_phone,delivery_address,delivery_fee,last_updated,latitude,longitude,order_date,restaurant_id,status,subtotal,tax,total_amount,user_id,order_id) values (?,?,?,?,?,?,?,?,?,?,?,?,?,default)
DEBUG org.hibernate.SQL - insert into order_items (item_name,menu_item_id,quantity,total_price,unit_price,id) values (?,?,?,?,?,default)
DEBUG org.hibernate.SQL - update order_items set order_id=? where id=?
DEBUG org.hibernate.SQL - insert into orders (contact_phone,delivery_address,delivery_fee,last_updated,latitude,longitude,order_date,restaurant_id,status,subtotal,tax,total_amount,user_id,order_id) values (?,?,?,?,?,?,?,?,?,?,?,?,?,default)
DEBUG org.hibernate.SQL - insert into order_items (item_name,menu_item_id,quantity,total_price,unit_price,id) values (?,?,?,?,?,default)
DEBUG org.hibernate.SQL - update order_items set order_id=? where id=?
DEBUG org.hibernate.SQL - insert into orders (contact_phone,delivery_address,delivery_fee,last_updated,latitude,longitude,order_date,restaurant_id,status,subtotal,tax,total_amount,user_id,order_id) values (?,?,?,?,?,?,?,?,?,?,?,?,?,default)
DEBUG org.hibernate.SQL - insert into order_items (item_name,menu_item_id,quantity,total_price,unit_price,id) values (?,?,?,?,?,default)
DEBUG org.hibernate.SQL - update order_items set order_id=? where id=?
DEBUG org.hibernate.SQL - insert into orders (contact_phone,delivery_address,delivery_fee,last_updated,latitude,longitude,order_date,restaurant_id,status,subtotal,tax,total_amount,user_id,order_id) values (?,?,?,?,?,?,?,?,?,?,?,?,?,default)
DEBUG org.hibernate.SQL - insert into order_items (item_name,menu_item_id,quantity,total_price,unit_price,id) values (?,?,?,?,?,default)
DEBUG org.hibernate.SQL - update order_items set order_id=? where id=?
DEBUG org.hibernate.SQL - insert into orders (contact_phone,delivery_address,delivery_fee,last_updated,latitude,longitude,order_date,restaurant_id,status,subtotal,tax,total_amount,user_id,order_id) values (?,?,?,?,?,?,?,?,?,?,?,?,?,default)
DEBUG org.hibernate.SQL - insert into order_items (item_name,menu_item_id,quantity,total_price,unit_price,id) values (?,?,?,?,?,default)
DEBUG org.hibernate.SQL - update order_items set order_id=? where id=?
DEBUG org.hibernate.SQL - insert into orders (contact_phone,delivery_address,delivery_fee,last_updated,latitude,longitude,order_date,restaurant_id,status,subtotal,tax,total_amount,user_id,order_id) values (?,?,?,?,?,?,?,?,?,?,?,?,?,default)
DEBUG org.hibernate.SQL - insert into order_items (item_name,menu_item_id,quantity,total_price,unit_price,id) values (?,?,?,?,?,default)
DEBUG org.hibernate.SQL - update order_items set order_id=? where id=?
DEBUG org.hibernate.SQL - insert into orders (contact_phone,delivery_address,delivery_fee,last_updated,latitude,longitude,order_date,restaurant_id,status,subtotal,tax,total_amount,user_id,order_id) values (?,?,?,?,?,?,?,?,?,?,?,?,?,default)
DEBUG org.hibernate.SQL - insert into order_items (item_name,menu_item_id,quantity,total_price,unit_price,id) values (?,?,?,?,?,default)
DEBUG org.hibernate.SQL - update order_items set order_id=? where id=?
DEBUG org.hibernate.SQL - insert into orders (contact_phone,delivery_address,delivery_fee,last_updated,latitude,longitude,order_date,restaurant_id,status,subtotal,tax,total_amount,user_id,order_id) values (?,?,?,?,?,?,?,?,?,?,?,?,?,default)
DEBUG org.hibernate.SQL - insert into order_items (item_name,menu_item_id,quantity,total_price,unit_price,id) values (?,?,?,?,?,default)
DEBUG org.hibernate.SQL - update order_items set order_id=? where id=?
DEBUG org.hibernate.SQL - insert into orders (contact_phone,delivery_address,delivery_fee,last_updated,latitude,longitude,order_date,restaurant_id,status,subtotal,tax,total_amount,user_id,order_id) values (?,?,?,?,?,?,?,?,?,?,?,?,?,default)
DEBUG org.hibernate.SQL - insert into order_items (item_name,menu_item_id,quantity,total_price,unit_price,id) values (?,?,?,?,?,default)
DEBUG org.hibernate.SQL - update order_items set order_id=? where id=?
DEBUG org.hibernate.SQL - insert into orders (contact_phone,delivery_address,delivery_fee,last_updated,latitude,longitude,order_date,restaurant_id,status,subtotal,tax,total_amount,user_id,order_id) values (?,?,?,?,?,?,?,?,?,?,?,?,?,default)
DEBUG org.hibernate.SQL - insert into order_items (item_name,menu_item_id,quantity,total_price,unit_price,id) values (?,?,?,?,?,default)
DEBUG org.hibernate.SQL - update order_items set order_id=? where id=?
DEBUG org.hibernate.SQL - insert into orders (contact_phone,delivery_address,delivery_fee,last_updated,latitude,longitude,order_date,restaurant_id,status,subtotal,tax,total_amount,user_id,order_id) values (?,?,?,?,?,?,?,?,?,?,?,?,?,default)
DEBUG org.hibernate.SQL - insert into order_items (item_name,menu_item_id,quantity,total_price,unit_price,id) values (?,?,?,?,?,default)
DEBUG org.hibernate.SQL - update order_items set order_id=? where id=?
DEBUG org.hibernate.SQL - insert into orders (contact_phone,delivery_address,delivery_fee,last_updated,latitude,longitude,order_date,restaurant_id,status,subtotal,tax,total_amount,user_id,order_id) values (?,?,?,?,?,?,?,?,?,?,?,?,?,default)
DEBUG org.hibernate.SQL - insert into order_items (item_name,menu_item_id,quantity,total_price,unit_price,id) values (?,?,?,?,?,default)
DEBUG org.hibernate.SQL - update order_items set order_id=? where id=?
DEBUG org.hibernate.SQL - insert into orders (contact_phone,delivery_address,delivery_fee,last_updated,latitude,longitude,order_date,restaurant_id,status,subtotal,tax,total_amount,user_id,order_id) values (?,?,?,?,?,?,?,?,?,?,?,?,?,default)
DEBUG org.hibernate.SQL - insert into order_items (item_name,menu_item_id,quantity,total_price,unit_price,id) values (?,?,?,?,?,default)
DEBUG org.hibernate.SQL - update order_items set order_id=? where id=?
DEBUG org.hibernate.SQL - insert into orders (contact_phone,delivery_address,delivery_fee,last_updated,latitude,longitude,order_date,restaurant_id,status,subtotal,tax,total_amount,user_id,order_id) values (?,?,?,?,?,?,?,?,?,?,?,?,?,default)
DEBUG org.hibernate.SQL - insert into order_items (item_name,menu_item_id,quantity,total_price,unit_price,id) values (?,?,?,?,?,default)
DEBUG org.hibernate.SQL - update order_items set order_id=? where id=?
INFO o.s.w.s.DispatcherServlet - Initializing Servlet 'dispatcherServlet'
DEBUG o.s.w.s.DispatcherServlet - Detected StandardServletMultipartResolver
DEBUG o.s.w.s.DispatcherServlet - Detected AcceptHeaderLocaleResolver
DEBUG o.s.w.s.DispatcherServlet - Detected FixedThemeResolver
DEBUG o.s.w.s.DispatcherServlet - Detected org.springframework.web.servlet.view.DefaultRequestToViewNameTranslator@7a970f
DEBUG o.s.w.s.DispatcherServlet - Detected org.springframework.web.servlet.support.SessionFlashMapManager@1bf3af3d
DEBUG o.s.w.s.DispatcherServlet - enableLoggingRequestDetails='false': request parameters and headers will be masked to prevent unsafe logging of potentially sensitive data
INFO o.s.w.s.DispatcherServlet - Completed initialization in 1 ms
DEBUG o.s.w.s.DispatcherServlet - GET "/api/v1/orders?page=0&size=10", parameters={masked}
DEBUG o.s.w.s.m.m.a.RequestMappingHandlerMapping - Mapped to com.OrderManagement.OrderManagement.controller.OrderController#getAllOrders(int, int, String, String)
DEBUG org.hibernate.SQL - select om1_0.order_id,om1_0.contact_phone,om1_0.delivery_address,om1_0.delivery_fee,om1_0.last_updated,om1_0.latitude,om1_0.longitude,om1_0.order_date,om1_0.restaurant_id,om1_0.status,om1_0.subtotal,om1_0.tax,om1_0.total_amount,om1_0.user_id from orders om1_0 order by om1_0.order_date desc offset ? rows fetch first ? rows only
DEBUG org.hibernate.SQL - select count(om1_0.order_id) from orders om1_0
DEBUG o.s.w.s.m.m.a.HttpEntityMethodProcessor - Using 'application/json', given [*/*] and supported [application/json, application/*+json]
DEBUG o.s.w.s.m.m.a.HttpEntityMethodProcessor - Writing [{totalItems=250, totalPages=25, orders=[com.OrderManagement.OrderManagement.model.OrderModel@9a2321b (truncated)...]
DEBUG org.hibernate.SQL - select oi1_0.order_id,oi1_0.id,oi1_0.item_name,oi1_0.menu_item_id,oi1_0.quantity,oi1_0.total_price,oi1_0.unit_price from order_items oi1_0 where oi1_0.order_id=?
DEBUG org.hibernate.SQL - select oi1_0.order_id,oi1_0.id,oi1_0.item_name,oi1_0.menu_item_id,oi1_0.quantity,oi1_0.total_price,oi1_0.unit_price from order_items oi1_0 where oi1_0.order_id=?
DEBUG org.hibernate.SQL - select oi1_0.order_id,oi1_0.id,oi1_0.item_name,oi1_0.menu_item_id,oi1_0.quantity,oi1_0.total_price,oi1_0.unit_price from order_items oi1_0 where oi1_0.order_id=?
DEBUG org.hibernate.SQL - select oi1_0.order_id,oi1_0.id,oi1_0.item_name,oi1_0.menu_item_id,oi1_0.quantity,oi1_0.total_price,oi1_0.unit_price from order_items oi1_0 where oi1_0.order_id=?
DEBUG org.hibernate.SQL - select oi1_0.order_id,oi1_0.id,oi1_0.item_name,oi1_0.menu_item_id,oi1_0.quantity,oi1_0.total_price,oi1_0.unit_price from order_items oi1_0 where oi1_0.order_id=?
DEBUG org.hibernate.SQL - select oi1_0.order_id,oi1_0.id,oi1_0.item_name,oi1_0.menu_item_id,oi1_0.quantity,oi1_0.total_price,oi1_0.unit_price from order_items oi1_0 where oi1_0.order_id=?
DEBUG org.hibernate.SQL - select oi1_0.order_id,oi1_0.id,oi1_0.item_name,oi1_0.menu_item_id,oi1_0.quantity,oi1_0.total_price,oi1_0.unit_price from order_items oi1_0 where oi1_0.order_id=?
DEBUG org.hibernate.SQL - select oi1_0.order_id,oi1_0.id,oi1_0.item_name,oi1_0.menu_item_id,oi1_0.quantity,oi1_0.total_price,oi1_0.unit_price from order_items oi1_0 where oi1_0.order_id=?
DEBUG org.hibernate.SQL - select oi1_0.order_id,oi1_0.id,oi1_0.item_name,oi1_0.menu_item_id,oi1_0.quantity,oi1_0.total_price,oi1_0.unit_price from order_items oi1_0 where oi1_0.order_id=?
DEBUG org.hibernate.SQL - select oi1_0.order_id,oi1_0.id,oi1_0.item_name,oi1_0.menu_item_id,oi1_0.quantity,oi1_0.total_price,oi1_0.unit_price from order_items oi1_0 where oi1_0.order_id=?
DEBUG o.s.w.s.DispatcherServlet - Completed 200 OK
DEBUG o.s.w.s.DispatcherServlet - GET "/api/v1/orders?page=0&size=200", parameters={masked}
DEBUG o.s.w.s.m.m.a.RequestMappingHandlerMapping - Mapped to com.OrderManagement.OrderManagement.controller.OrderController#getAllOrders(int, int, String, String)
DEBUG o.s.w.s.m.a.ResponseStatusExceptionResolver - Resolved [org.springframework.web.method.annotation.HandlerMethodValidationException: 400 BAD_REQUEST "Validation failure"]
DEBUG o.s.w.s.DispatcherServlet - Completed 400 BAD_REQUEST
DEBUG o.s.w.s.DispatcherServlet - "ERROR" dispatch for GET "/error?page=0&size=200", parameters={masked}
DEBUG o.s.w.s.m.m.a.RequestMappingHandlerMapping - Mapped to org.springframework.boot.autoconfigure.web.servlet.error.BasicErrorController#error(HttpServletRequest)
DEBUG o.s.w.s.m.m.a.HttpEntityMethodProcessor - Using 'application/json', given [*/*] and supported [application/json, application/*+json]
DEBUG o.s.w.s.m.m.a.HttpEntityMethodProcessor - Writing [{timestamp=Sat Sep 26 17:18:13 IST 2026, status=400, error=Bad Request, path=/api/v1/orders}]
DEBUG o.s.w.s.DispatcherServlet - Exiting from "ERROR" dispatch, status 400
DEBUG o.s.w.s.DispatcherServlet - GET "/api/v1/orders?page=0&size=100", parameters={masked}
DEBUG o.s.w.s.m.m.a.RequestMappingHandlerMapping - Mapped to com.OrderManagement.OrderManagement.controller.OrderController#getAllOrders(int, int, String, String)
DEBUG org.hibernate.SQL - select om1_0.order_id,om1_0.contact_phone,om1_0.delivery_address,om1_0.delivery_fee,om1_0.last_updated,om1_0.latitude,om1_0.longitude,om1_0.order_date,om1_0.restaurant_id,om1_0.status,om1_0.subtotal,om1_0.tax,om1_0.total_amount,om1_0.user_id from orders om1_0 order by om1_0.order_date desc offset ? rows fetch first ? rows only
DEBUG org.hibernate.SQL - select count(om1_0.order_id) from orders om1_0
DEBUG o.s.w.s.m.m.a.HttpEntityMethodProcessor - Using 'application/json', given [*/*] and supported [application/json, application/*+json]
DEBUG o.s.w.s.m.m.a.HttpEntityMethodProcessor - Writing [{totalItems=250, totalPages=3, orders=[com.OrderManagement.OrderManagement.model.OrderModel@37ec3f9e (truncated)...]
DEBUG org.hibernate.SQL - select oi1_0.order_id,oi1_0.id,oi1_0.item_name,oi1_0.menu_item_id,oi1_0.quantity,oi1_0.total_price,oi1_0.unit_price from order_items oi1_0 where oi1_0.order_id=?
DEBUG org.hibernate.SQL - select oi1_0.order_id,oi1_0.id,oi1_0.item_name,oi1_0.menu_item_id,oi1_0.quantity,oi1_0.total_price,oi1_0.unit_price from order_items oi1_0 where oi1_0.order_id=?
DEBUG org.hibernate.SQL - select oi1_0.order_id,oi1_0.id,oi1_0.item_name,oi1_0.menu_item_id,oi1_0.quantity,oi1_0.total_price,oi1_0.unit_price from order_items oi1_0 where oi1_0.order_id=?
DEBUG org.hibernate.SQL - select oi1_0.order_id,oi1_0.id,oi1_0.item_name,oi1_0.menu_item_id,oi1_0.quantity,oi1_0.total_price,oi1_0.unit_price from order_items oi1_0 where oi1_0.order_id=?
DEBUG org.hibernate.SQL - select oi1_0.order_id,oi1_0.id,oi1_0.item_name,oi1_0.menu_item_id,oi1_0.quantity,oi1_0.total_price,oi1_0.unit_price from order_items oi1_0 where oi1_0.order_id=?
DEBUG org.hibernate.SQL - select oi1_0.order_id,oi1_0.id,oi1_0.item_name,oi1_0.menu_item_id,oi1_0.quantity,oi1_0.total_price,oi1_0.unit_price from order_items oi1_0 where oi1_0.order_id=?
DEBUG org.hibernate.SQL - select oi1_0.order_id,oi1_0.id,oi1_0.item_name,oi1_0.menu_item_id,oi1_0.quantity,oi1_0.total_price,oi1_0.unit_price from order_items oi1_0 where oi1_0.order_id=?
DEBUG org.hibernate.SQL - select oi1_0.order_id,oi1_0.id,oi1_0.item_name,oi1_0.menu_item_id,oi1_0.quantity,oi1_0.total_price,oi1_0.unit_price from order_items oi1_0 where oi1_0.order_id=?
DEBUG org.hibernate.SQL - select oi1_0.order_id,oi1_0.id,oi1_0.item_name,oi1_0.menu_item_id,oi1_0.quantity,oi1_0.total_price,oi1_0.unit_price from order_items oi1_0 where oi1_0.order_id=?
DEBUG org.hibernate.SQL - select oi1_0.order_id,oi1_0.id,oi1_0.item_name,oi1_0.menu_item_id,oi1_0.quantity,oi1_0.total_price,oi1_0.unit_price from order_items oi1_0 where oi1_0.order_id=?
DEBUG org.hibernate.SQL - select oi1_0.order_id,oi1_0.id,oi1_0.item_name,oi1_0.menu_item_id,oi1_0.quantity,oi1_0.total_price,oi1_0.unit_price from order_items oi1_0 where oi1_0.order_id=?
DEBUG org.hibernate.SQL - select oi1_0.order_id,oi1_0.id,oi1_0.item_name,oi1_0.menu_item_id,oi1_0.quantity,oi1_0.total_price,oi1_0.unit_price from order_items oi1_0 where oi1_0.order_id=?
DEBUG org.hibernate.SQL - select oi1_0.order_id,oi1_0.id,oi1_0.item_name,oi1_0.menu_item_id,oi1_0.quantity,oi1_0.total_price,oi1_0.unit_price from order_items oi1_0 where oi1_0.order_id=?
DEBUG org.hibernate.SQL - select oi1_0.order_id,oi1_0.id,oi1_0.item_name,oi1_0.menu_item_id,oi1_0.quantity,oi1_0.total_price,oi1_0.unit_price from order_items oi1_0 where oi1_0.order_id=?
DEBUG org.hibernate.SQL - select oi1_0.order_id,oi1_0.id,oi1_0.item_name,oi1_0.menu_item_id,oi1_0.quantity,oi1_0.total_price,oi1_0.unit_price from order_items oi1_0 where oi1_0.order_id=?
DEBUG org.hibernate.SQL - select oi1_0.order_id,oi1_0.id,oi1_0.item_name,oi1_0.menu_item_id,oi1_0.quantity,oi1_0.total_price,oi1_0.unit_price from order_items oi1_0 where oi1_0.order_id=?
DEBUG org.hibernate.SQL - select oi1_0.order_id,oi1_0.id,oi1_0.item_name,oi1_0.menu_item_id,oi1_0.quantity,oi1_0.total_price,oi1_0.unit_price from order_items oi1_0 where oi1_0.order_id=?
DEBUG org.hibernate.SQL - select oi1_0.order_id,oi1_0.id,oi1_0.item_name,oi1_0.menu_item_id,oi1_0.quantity,oi1_0.total_price,oi1_0.unit_price from order_items oi1_0 where oi1_0.order_id=?
DEBUG org.hibernate.SQL - select oi1_0.order_id,oi1_0.id,oi1_0.item_name,oi1_0.menu_item_id,oi1_0.quantity,oi1_0.total_price,oi1_0.unit_price from order_items oi1_0 where oi1_0.order_id=?
DEBUG org.hibernate.SQL - select oi1_0.order_id,oi1_0.id,oi1_0.item_name,oi1_0.menu_item_id,oi1_0.quantity,oi1_0.total_price,oi1_0.unit_price from order_items oi1_0 where oi1_0.order_id=?
DEBUG org.hibernate.SQL - select oi1_0.order_id,oi1_0.id,oi1_0.item_name,oi1_0.menu_item_id,oi1_0.quantity,oi1_0.total_price,oi1_0.unit_price from order_items oi1_0 where oi1_0.order_id=?
DEBUG org.hibernate.SQL - select oi1_0.order_id,oi1_0.id,oi1_0.item_name,oi1_0.menu_item_id,oi1_0.quantity,oi1_0.total_price,oi1_0.unit_price from order_items oi1_0 where oi1_0.order_id=?
DEBUG org.hibernate.SQL - select oi1_0.order_id,oi1_0.id,oi1_0.item_name,oi1_0.menu_item_id,oi1_0.quantity,oi1_0.total_price,oi1_0.unit_price from order_items oi1_0 where oi1_0.order_id=?
DEBUG org.hibernate.SQL - select oi1_0.order_id,oi1_0.id,oi1_0.item_name,oi1_0.menu_item_id,oi1_0.quantity,oi1_0.total_price,oi1_0.unit_price from order_items oi1_0 where oi1_0.order_id=?
DEBUG org.hibernate.SQL - select oi1_0.order_id,oi1_0.id,oi1_0.item_name,oi1_0.menu_item_id,oi1_0.quantity,oi1_0.total_price,oi1_0.unit_price from order_items oi1_0 where oi1_0.order_id=?
DEBUG org.hibernate.SQL - select oi1_0.order_id,oi1_0.id,oi1_0.item_name,oi1_0.menu_item_id,oi1_0.quantity,oi1_0.total_price,oi1_0.unit_price from order_items oi1_0 where oi1_0.order_id=?
DEBUG org.hibernate.SQL - select oi1_0.order_id,oi1_0.id,oi1_0.item_name,oi1_0.menu_item_id,oi1_0.quantity,oi1_0.total_price,oi1_0.unit_price from order_items oi1_0 where oi1_0.order_id=?
DEBUG org.hibernate.SQL - select oi1_0.order_id,oi1_0.id,oi1_0.item_name,oi1_0.menu_item_id,oi1_0.quantity,oi1_0.total_price,oi1_0.unit_price from order_items oi1_0 where oi1_0.order_id=?
DEBUG org.hibernate.SQL - select oi1_0.order_id,oi1_0.id,oi1_0.item_name,oi1_0.menu_item_id,oi1_0.quantity,oi1_0.total_price,oi1_0.unit_price from order_items oi1_0 where oi1_0.order_id=?
DEBUG org.hibernate.SQL - select oi1_0.order_id,oi1_0.id,oi1_0.item_name,oi1_0.menu_item_id,oi1_0.quantity,oi1_0.total_price,oi1_0.unit_price from order_items oi1_0 where oi1_0.order_id=?
DEBUG org.hibernate.SQL - select oi1_0.order_id,oi1_0.id,oi1_0.item_name,oi1_0.menu_item_id,oi1_0.quantity,oi1_0.total_price,oi1_0.unit_price from order_items oi1_0 where oi1_0.order_id=?
DEBUG org.hibernate.SQL - select oi1_0.order_id,oi1_0.id,oi1_0.item_name,oi1_0.menu_item_id,oi1_0.quantity,oi1_0.total_price,oi1_0.unit_price from order_items oi1_0 where oi1_0.order_id=?
DEBUG org.hibernate.SQL - select oi1_0.order_id,oi1_0.id,oi1_0.item_name,oi1_0.menu_item_id,oi1_0.quantity,oi1_0.total_price,oi1_0.unit_price from order_items oi1_0 where oi1_0.order_id=?
DEBUG org.hibernate.SQL - select oi1_0.order_id,oi1_0.id,oi1_0.item_name,oi1_0.menu_item_id,oi1_0.quantity,oi1_0.total_price,oi1_0.unit_price from order_items oi1_0 where oi1_0.order_id=?
DEBUG org.hibernate.SQL - select oi1_0.order_id,oi1_0.id,oi1_0.item_name,oi1_0.menu_item_id,oi1_0.quantity,oi1_0.total_price,oi1_0.unit_price from order_items oi1_0 where oi1_0.order_id=?
DEBUG org.hibernate.SQL - select oi1_0.order_id,oi1_0.id,oi1_0.item_name,oi1_0.menu_item_id,oi1_0.quantity,oi1_0.total_price,oi1_0.unit_price from order_items oi1_0 where oi1_0.order_id=?
DEBUG org.hibernate.SQL - select oi1_0.order_id,oi1_0.id,oi1_0.item_name,oi1_0.menu_item_id,oi1_0.quantity,oi1_0.total_price,oi1_0.unit_price from order_items oi1_0 where oi1_0.order_id=?
DEBUG org.hibernate.SQL - select oi1_0.order_id,oi1_0.id,oi1_0.item_name,oi1_0.menu_item_id,oi1_0.quantity,oi1_0.total_price,oi1_0.unit_price from order_items oi1_0 where oi1_0.order_id=?
DEBUG org.hibernate.SQL - select oi1_0.order_id,oi1_0.id,oi1_0.item_name,oi1_0.menu_item_id,oi1_0.quantity,oi1_0.total_price,oi1_0.unit_price from order_items oi1_0 where oi1_0.order_id=?
DEBUG org.hibernate.SQL - select oi1_0.order_id,oi1_0.id,oi1_0.item_name,oi1_0.menu_item_id,oi1_0.quantity,oi1_0.total_price,oi1_0.unit_price from order_items oi1_0 where oi1_0.order_id=?
DEBUG org.hibernate.SQL - select oi1_0.order_id,oi1_0.id,oi1_0.item_name,oi1_0.menu_item_id,oi1_0.quantity,oi1_0.total_price,oi1_0.unit_price from order_items oi1_0 where oi1_0.order_id=?
DEBUG org.hibernate.SQL - select oi1_0.order_id,oi1_0.id,oi1_0.item_name,oi1_0.menu_item_id,oi1_0.quantity,oi1_0.total_price,oi1_0.unit_price from order_items oi1_0 where oi1_0.order_id=?
DEBUG org.hibernate.SQL - select oi1_0.order_id,oi1_0.id,oi1_0.item_name,oi1_0.menu_item_id,oi1_0.quantity,oi1_0.total_price,oi1_0.unit_price from order_items oi1_0 where oi1_0.order_id=?
DEBUG org.hibernate.SQL - select oi1_0.order_id,oi1_0.id,oi1_0.item_name,oi1_0.menu_item_id,oi1_0.quantity,oi1_0.total_price,oi1_0.unit_price from order_items oi1_0 where oi1_0.order_id=?
DEBUG org.hibernate.SQL - select oi1_0.order_id,oi1_0.id,oi1_0.item_name,oi1_0.menu_item_id,oi1_0.quantity,oi1_0.total_price,oi1_0.unit_price from order_items oi1_0 where oi1_0.order_id=?
DEBUG org.hibernate.SQL - select oi1_0.order_id,oi1_0.id,oi1_0.item_name,oi1_0.menu_item_id,oi1_0.quantity,oi1_0.total_price,oi1_0.unit_price from order_items oi1_0 where oi1_0.order_id=?
DEBUG org.hibernate.SQL - select oi1_0.order_id,oi1_0.id,oi1_0.item_name,oi1_0.menu_item_id,oi1_0.quantity,oi1_0.total_price,oi1_0.unit_price from order_items oi1_0 where oi1_0.order_id=?
DEBUG org.hibernate.SQL - select oi1_0.order_id,oi1_0.id,oi1_0.item_name,oi1_0.menu_item_id,oi1_0.quantity,oi1_0.total_price,oi1_0.unit_price from order_items oi1_0 where oi1_0.order_id=?
DEBUG org.hibernate.SQL - select oi1_0.order_id,oi1_0.id,oi1_0.item_name,oi1_0.menu_item_id,oi1_0.quantity,oi1_0.total_price,oi1_0.unit_price from order_items oi1_0 where oi1_0.order_id=?
DEBUG org.hibernate.SQL - select oi1_0.order_id,oi1_0.id,oi1_0.item_name,oi1_0.menu_item_id,oi1_0.quantity,oi1_0.total_price,oi1_0.unit_price from order_items oi1_0 where oi1_0.order_id=?
DEBUG org.hibernate.SQL - select oi1_0.order_id,oi1_0.id,oi1_0.item_name,oi1_0.menu_item_id,oi1_0.quantity,oi1_0.total_price,oi1_0.unit_price from order_items oi1_0 where oi1_0.order_id=?
DEBUG org.hibernate.SQL - select oi1_0.order_id,oi1_0.id,oi1_0.item_name,oi1_0.menu_item_id,oi1_0.quantity,oi1_0.total_price,oi1_0.unit_price from order_items oi1_0 where oi1_0.order_id=?
DEBUG org.hibernate.SQL - select oi1_0.order_id,oi1_0.id,oi1_0.item_name,oi1_0.menu_item_id,oi1_0.quantity,oi1_0.total_price,oi1_0.unit_price from order_items oi1_0 where oi1_0.order_id=?
DEBUG org.hibernate.SQL - select oi1_0.order_id,oi1_0.id,oi1_0.item_name,oi1_0.menu_item_id,oi1_0.quantity,oi1_0.total_price,oi1_0.unit_price from order_items oi1_0 where oi1_0.order_id=?
DEBUG org.hibernate.SQL - select oi1_0.order_id,oi1_0.id,oi1_0.item_name,oi1_0.menu_item_id,oi1_0.quantity,oi1_0.total_price,oi1_0.unit_price from order_items oi1_0 where oi1_0.order_id=?
DEBUG org.hibernate.SQL - select oi1_0.order_id,oi1_0.id,oi1_0.item_name,oi1_0.menu_item_id,oi1_0.quantity,oi1_0.total_price,oi1_0.unit_price from order_items oi1_0 where oi1_0.order_id=?
DEBUG org.hibernate.SQL - select oi1_0.order_id,oi1_0.id,oi1_0.item_name,oi1_0.menu_item_id,oi1_0.quantity,oi1_0.total_price,oi1_0.unit_price from order_items oi1_0 where oi1_0.order_id=?
DEBUG org.hibernate.SQL - select oi1_0.order_id,oi1_0.id,oi1_0.item_name,oi1_0.menu_item_id,oi1_0.quantity,oi1_0.total_price,oi1_0.unit_price from order_items oi1_0 where oi1_0.order_id=?
DEBUG org.hibernate.SQL - select oi1_0.order_id,oi1_0.id,oi1_0.item_name,oi1_0.menu_item_id,oi1_0.quantity,oi1_0.total_price,oi1_0.unit_price from order_items oi1_0 where oi1_0.order_id=?
DEBUG org.hibernate.SQL - select oi1_0.order_id,oi1_0.id,oi1_0.item_name,oi1_0.menu_item_id,oi1_0.quantity,oi1_0.total_price,oi1_0.unit_price from order_items oi1_0 where oi1_0.order_id=?
DEBUG org.hibernate.SQL - select oi1_0.order_id,oi1_0.id,oi1_0.item_name,oi1_0.menu_item_id,oi1_0.quantity,oi1_0.total_price,oi1_0.unit_price from order_items oi1_0 where oi1_0.order_id=?
DEBUG org.hibernate.SQL - select oi1_0.order_id,oi1_0.id,oi1_0.item_name,oi1_0.menu_item_id,oi1_0.quantity,oi1_0.total_price,oi1_0.unit_price from order_items oi1_0 where oi1_0.order_id=?
DEBUG org.hibernate.SQL - select oi1_0.order_id,oi1_0.id,oi1_0.item_name,oi1_0.menu_item_id,oi1_0.quantity,oi1_0.total_price,oi1_0.unit_price from order_items oi1_0 where oi1_0.order_id=?
DEBUG org.hibernate.SQL - select oi1_0.order_id,oi1_0.id,oi1_0.item_name,oi1_0.menu_item_id,oi1_0.quantity,oi1_0.total_price,oi1_0.unit_price from order_items oi1_0 where oi1_0.order_id=?
DEBUG org.hibernate.SQL - select oi1_0.order_id,oi1_0.id,oi1_0.item_name,oi1_0.menu_item_id,oi1_0.quantity,oi1_0.total_price,oi1_0.unit_price from order_items oi1_0 where oi1_0.order_id=?
DEBUG org.hibernate.SQL - select oi1_0.order_id,oi1_0.id,oi1_0.item_name,oi1_0.menu_item_id,oi1_0.quantity,oi1_0.total_price,oi1_0.unit_price from order_items oi1_0 where oi1_0.order_id=?
DEBUG org.hibernate.SQL - select oi1_0.order_id,oi1_0.id,oi1_0.item_name,oi1_0.menu_item_id,oi1_0.quantity,oi1_0.total_price,oi1_0.unit_price from order_items oi1_0 where oi1_0.order_id=?
DEBUG org.hibernate.SQL - select oi1_0.order_id,oi1_0.id,oi1_0.item_name,oi1_0.menu_item_id,oi1_0.quantity,oi1_0.total_price,oi1_0.unit_price from order_items oi1_0 where oi1_0.order_id=?
DEBUG org.hibernate.SQL - select oi1_0.order_id,oi1_0.id,oi1_0.item_name,oi1_0.menu_item_id,oi1_0.quantity,oi1_0.total_price,oi1_0.unit_price from order_items oi1_0 where oi1_0.order_id=?
DEBUG org.hibernate.SQL - select oi1_0.order_id,oi1_0.id,oi1_0.item_name,oi1_0.menu_item_id,oi1_0.quantity,oi1_0.total_price,oi1_0.unit_price from order_items oi1_0 where oi1_0.order_id=?
DEBUG org.hibernate.SQL - select oi1_0.order_id,oi1_0.id,oi1_0.item_name,oi1_0.menu_item_id,oi1_0.quantity,oi1_0.total_price,oi1_0.unit_price from order_items oi1_0 where oi1_0.order_id=?
DEBUG org.hibernate.SQL - select oi1_0.order_id,oi1_0.id,oi1_0.item_name,oi1_0.menu_item_id,oi1_0.quantity,oi1_0.total_price,oi1_0.unit_price from order_items oi1_0 where oi1_0.order_id=?
DEBUG org.hibernate.SQL - select oi1_0.order_id,oi1_0.id,oi1_0.item_name,oi1_0.menu_item_id,oi1_0.quantity,oi1_0.total_price,oi1_0.unit_price from order_items oi1_0 where oi1_0.order_id=?
DEBUG org.hibernate.SQL - select oi1_0.order_id,oi1_0.id,oi1_0.item_name,oi1_0.menu_item_id,oi1_0.quantity,oi1_0.total_price,oi1_0.unit_price from order_items oi1_0 where oi1_0.order_id=?
DEBUG org.hibernate.SQL - select oi1_0.order_id,oi1_0.id,oi1_0.item_name,oi1_0.menu_item_id,oi1_0.quantity,oi1_0.total_price,oi1_0.unit_price from order_items oi1_0 where oi1_0.order_id=?
DEBUG org.hibernate.SQL - select oi1_0.order_id,oi1_0.id,oi1_0.item_name,oi1_0.menu_item_id,oi1_0.quantity,oi1_0.total_price,oi1_0.unit_price from order_items oi1_0 where oi1_0.order_id=?
DEBUG org.hibernate.SQL - select oi1_0.order_id,oi1_0.id,oi1_0.item_name,oi1_0.menu_item_id,oi1_0.quantity,oi1_0.total_price,oi1_0.unit_price from order_items oi1_0 where oi1_0.order_id=?
DEBUG org.hibernate.SQL - select oi1_0.order_id,oi1_0.id,oi1_0.item_name,oi1_0.menu_item_id,oi1_0.quantity,oi1_0.total_price,oi1_0.unit_price from order_items oi1_0 where oi1_0.order_id=?
DEBUG org.hibernate.SQL - select oi1_0.order_id,oi1_0.id,oi1_0.item_name,oi1_0.menu_item_id,oi1_0.quantity,oi1_0.total_price,oi1_0.unit_price from order_items oi1_0 where oi1_0.order_id=?
DEBUG org.hibernate.SQL - select oi1_0.order_id,oi1_0.id,oi1_0.item_name,oi1_0.menu_item_id,oi1_0.quantity,oi1_0.total_price,oi1_0.unit_price from order_items oi1_0 where oi1_0.order_id=?
DEBUG org.hibernate.SQL - select oi1_0.order_id,oi1_0.id,oi1_0.item_name,oi1_0.menu_item_id,oi1_0.quantity,oi1_0.total_price,oi1_0.unit_price from order_items oi1_0 where oi1_0.order_id=?
DEBUG org.hibernate.SQL - select oi1_0.order_id,oi1_0.id,oi1_0.item_name,oi1_0.menu_item_id,oi1_0.quantity,oi1_0.total_price,oi1_0.unit_price from order_items oi1_0 where oi1_0.order_id=?
DEBUG org.hibernate.SQL - select oi1_0.order_id,oi1_0.id,oi1_0.item_name,oi1_0.menu_item_id,oi1_0.quantity,oi1_0.total_price,oi1_0.unit_price from order_items oi1_0 where oi1_0.order_id=?
DEBUG org.hibernate.SQL - select oi1_0.order_id,oi1_0.id,oi1_0.item_name,oi1_0.menu_item_id,oi1_0.quantity,oi1_0.total_price,oi1_0.unit_price from order_items oi1_0 where oi1_0.order_id=?
DEBUG org.hibernate.SQL - select oi1_0.order_id,oi1_0.id,oi1_0.item_name,oi1_0.menu_item_id,oi1_0.quantity,oi1_0.total_price,oi1_0.unit_price from order_items oi1_0 where oi1_0.order_id=?
DEBUG org.hibernate.SQL - select oi1_0.order_id,oi1_0.id,oi1_0.item_name,oi1_0.menu_item_id,oi1_0.quantity,oi1_0.total_price,oi1_0.unit_price from order_items oi1_0 where oi1_0.order_id=?
DEBUG org.hibernate.SQL - select oi1_0.order_id,oi1_0.id,oi1_0.item_name,oi1_0.menu_item_id,oi1_0.quantity,oi1_0.total_price,oi1_0.unit_price from order_items oi1_0 where oi1_0.order_id=?
DEBUG org.hibernate.SQL - select oi1_0.order_id,oi1_0.id,oi1_0.item_name,oi1_0.menu_item_id,oi1_0.quantity,oi1_0.total_price,oi1_0.unit_price from order_items oi1_0 where oi1_0.order_id=?
DEBUG org.hibernate.SQL - select oi1_0.order_id,oi1_0.id,oi1_0.item_name,oi1_0.menu_item_id,oi1_0.quantity,oi1_0.total_price,oi1_0.unit_price from order_items oi1_0 where oi1_0.order_id=?
DEBUG org.hibernate.SQL - select oi1_0.order_id,oi1_0.id,oi1_0.item_name,oi1_0.menu_item_id,oi1_0.quantity,oi1_0.total_price,oi1_0.unit_price from order_items oi1_0 where oi1_0.order_id=?
DEBUG org.hibernate.SQL - select oi1_0.order_id,oi1_0.id,oi1_0.item_name,oi1_0.menu_item_id,oi1_0.quantity,oi1_0.total_price,oi1_0.unit_price from order_items oi1_0 where oi1_0.order_id=?
DEBUG org.hibernate.SQL - select oi1_0.order_id,oi1_0.id,oi1_0.item_name,oi1_0.menu_item_id,oi1_0.quantity,oi1_0.total_price,oi1_0.unit_price from order_items oi1_0 where oi1_0.order_id=?
DEBUG org.hibernate.SQL - select oi1_0.order_id,oi1_0.id,oi1_0.item_name,oi1_0.menu_item_id,oi1_0.quantity,oi1_0.total_price,oi1_0.unit_price from order_items oi1_0 where oi1_0.order_id=?
DEBUG org.hibernate.SQL - select oi1_0.order_id,oi1_0.id,oi1_0.item_name,oi1_0.menu_item_id,oi1_0.quantity,oi1_0.total_price,oi1_0.unit_price from order_items oi1_0 where oi1_0.order_id=?
DEBUG org.hibernate.SQL - select oi1_0.order_id,oi1_0.id,oi1_0.item_name,oi1_0.menu_item_id,oi1_0.quantity,oi1_0.total_price,oi1_0.unit_price from order_items oi1_0 where oi1_0.order_id=?
DEBUG org.hibernate.SQL - select oi1_0.order_id,oi1_0.id,oi1_0.item_name,oi1_0.menu_item_id,oi1_0.quantity,oi1_0.total_price,oi1_0.unit_price from order_items oi1_0 where oi1_0.order_id=?
DEBUG org.hibernate.SQL - select oi1_0.order_id,oi1_0.id,oi1_0.item_name,oi1_0.menu_item_id,oi1_0.quantity,oi1_0.total_price,oi1_0.unit_price from order_items oi1_0 where oi1_0.order_id=?
DEBUG org.hibernate.SQL - select oi1_0.order_id,oi1_0.id,oi1_0.item_name,oi1_0.menu_item_id,oi1_0.quantity,oi1_0.total_price,oi1_0.unit_price from order_items oi1_0 where oi1_0.order_id=?
DEBUG org.hibernate.SQL - select oi1_0.order_id,oi1_0.id,oi1_0.item_name,oi1_0.menu_item_id,oi1_0.quantity,oi1_0.total_price,oi1_0.unit_price from order_items oi1_0 where oi1_0.order_id=?
DEBUG org.hibernate.SQL - select oi1_0.order_id,oi1_0.id,oi1_0.item_name,oi1_0.menu_item_id,oi1_0.quantity,oi1_0.total_price,oi1_0.unit_price from order_items oi1_0 where oi1_0.order_id=?
DEBUG o.s.w.s.DispatcherServlet - Completed 200 OK
DEBUG o.s.w.s.DispatcherServlet - GET "/api/v1/orders?page=0&size=-1", parameters={masked}
DEBUG o.s.w.s.m.m.a.RequestMappingHandlerMapping - Mapped to com.OrderManagement.OrderManagement.controller.OrderController#getAllOrders(int, int, String, String)
DEBUG o.s.w.s.m.a.ResponseStatusExceptionResolver - Resolved [org.springframework.web.method.annotation.HandlerMethodValidationException: 400 BAD_REQUEST "Validation failure"]
DEBUG o.s.w.s.DispatcherServlet - Completed 400 BAD_REQUEST
DEBUG o.s.w.s.DispatcherServlet - "ERROR" dispatch for GET "/error?page=0&size=-1", parameters={masked}
DEBUG o.s.w.s.m.m.a.RequestMappingHandlerMapping - Mapped to org.springframework.boot.autoconfigure.web.servlet.error.BasicErrorController#error(HttpServletRequest)
DEBUG o.s.w.s.m.m.a.HttpEntityMethodProcessor - Using 'application/json', given [*/*] and supported [application/json, application/*+json]
DEBUG o.s.w.s.m.m.a.HttpEntityMethodProcessor - Writing [{timestamp=Sat Sep 26 17:18:13 IST 2026, status=400, error=Bad Request, path=/api/v1/orders}]
DEBUG o.s.w.s.DispatcherServlet - Exiting from "ERROR" dispatch, status 400
DEBUG o.s.w.s.DispatcherServlet - GET "/api/v1/orders?page=0&size=0", parameters={masked}
DEBUG o.s.w.s.m.m.a.RequestMappingHandlerMapping - Mapped to com.OrderManagement.OrderManagement.controller.OrderController#getAllOrders(int, int, String, String)
DEBUG o.s.w.s.m.a.ResponseStatusExceptionResolver - Resolved [org.springframework.web.method.annotation.HandlerMethodValidationException: 400 BAD_REQUEST "Validation failure"]
DEBUG o.s.w.s.DispatcherServlet - Completed 400 BAD_REQUEST
DEBUG o.s.w.s.DispatcherServlet - "ERROR" dispatch for GET "/error?page=0&size=0", parameters={masked}
DEBUG o.s.w.s.m.m.a.RequestMappingHandlerMapping - Mapped to org.springframework.boot.autoconfigure.web.servlet.error.BasicErrorController#error(HttpServletRequest)
DEBUG o.s.w.s.m.m.a.HttpEntityMethodProcessor - Using 'application/json', given [*/*] and supported [application/json, application/*+json]
DEBUG o.s.w.s.m.m.a.HttpEntityMethodProcessor - Writing [{timestamp=Sat Sep 26 17:18:13 IST 2026, status=400, error=Bad Request, path=/api/v1/orders}]
DEBUG o.s.w.s.DispatcherServlet - Exiting from "ERROR" dispatch, status 400
DEBUG o.s.w.s.DispatcherServlet - GET "/api/v1/orders?page=0&size=101", parameters={masked}
DEBUG o.s.w.s.m.m.a.RequestMappingHandlerMapping - Mapped to com.OrderManagement.OrderManagement.controller.OrderController#getAllOrders(int, int, String, String)
DEBUG o.s.w.s.m.a.ResponseStatusExceptionResolver - Resolved [org.springframework.web.method.annotation.HandlerMethodValidationException: 400 BAD_REQUEST "Validation failure"]
DEBUG o.s.w.s.DispatcherServlet - Completed 400 BAD_REQUEST
DEBUG o.s.w.s.DispatcherServlet - "ERROR" dispatch for GET "/error?page=0&size=101", parameters={masked}
DEBUG o.s.w.s.m.m.a.RequestMappingHandlerMapping - Mapped to org.springframework.boot.autoconfigure.web.servlet.error.BasicErrorController#error(HttpServletRequest)
DEBUG o.s.w.s.m.m.a.HttpEntityMethodProcessor - Using 'application/json', given [*/*] and supported [application/json, application/*+json]
DEBUG o.s.w.s.m.m.a.HttpEntityMethodProcessor - Writing [{timestamp=Sat Sep 26 17:18:13 IST 2026, status=400, error=Bad Request, path=/api/v1/orders}]
DEBUG o.s.w.s.DispatcherServlet - Exiting from "ERROR" dispatch, status 400
DEBUG o.s.w.s.DispatcherServlet - GET "/api/v1/orders?page=0&size=2147483647", parameters={masked}
DEBUG o.s.w.s.m.m.a.RequestMappingHandlerMapping - Mapped to com.OrderManagement.OrderManagement.controller.OrderController#getAllOrders(int, int, String, String)
DEBUG o.s.w.s.m.a.ResponseStatusExceptionResolver - Resolved [org.springframework.web.method.annotation.HandlerMethodValidationException: 400 BAD_REQUEST "Validation failure"]
DEBUG o.s.w.s.DispatcherServlet - Completed 400 BAD_REQUEST
DEBUG o.s.w.s.DispatcherServlet - "ERROR" dispatch for GET "/error?page=0&size=2147483647", parameters={masked}
DEBUG o.s.w.s.m.m.a.RequestMappingHandlerMapping - Mapped to org.springframework.boot.autoconfigure.web.servlet.error.BasicErrorController#error(HttpServletRequest)
DEBUG o.s.w.s.m.m.a.HttpEntityMethodProcessor - Using 'application/json', given [*/*] and supported [application/json, application/*+json]
DEBUG o.s.w.s.m.m.a.HttpEntityMethodProcessor - Writing [{timestamp=Sat Sep 26 17:18:13 IST 2026, status=400, error=Bad Request, path=/api/v1/orders}]
DEBUG o.s.w.s.DispatcherServlet - Exiting from "ERROR" dispatch, status 400
DEBUG o.s.w.s.DispatcherServlet - GET "/api/v1/orders?page=-1&size=10", parameters={masked}
DEBUG o.s.w.s.m.m.a.RequestMappingHandlerMapping - Mapped to com.OrderManagement.OrderManagement.controller.OrderController#getAllOrders(int, int, String, String)
DEBUG o.s.w.s.m.a.ResponseStatusExceptionResolver - Resolved [org.springframework.web.method.annotation.HandlerMethodValidationException: 400 BAD_REQUEST "Validation failure"]
DEBUG o.s.w.s.DispatcherServlet - Completed 400 BAD_REQUEST
DEBUG o.s.w.s.DispatcherServlet - "ERROR" dispatch for GET "/error?page=-1&size=10", parameters={masked}
DEBUG o.s.w.s.m.m.a.RequestMappingHandlerMapping - Mapped to org.springframework.boot.autoconfigure.web.servlet.error.BasicErrorController#error(HttpServletRequest)
DEBUG o.s.w.s.m.m.a.HttpEntityMethodProcessor - Using 'application/json', given [*/*] and supported [application/json, application/*+json]
DEBUG o.s.w.s.m.m.a.HttpEntityMethodProcessor - Writing [{timestamp=Sat Sep 26 17:18:13 IST 2026, status=400, error=Bad Request, path=/api/v1/orders}]
DEBUG o.s.w.s.DispatcherServlet - Exiting from "ERROR" dispatch, status 400
POC PAGINATION: size=10 -> 10 orders (4789 bytes); size=200 -> 0 orders (104 bytes).
DEBUG o.s.b.a.ApplicationAvailabilityBean - Application availability state ReadinessState changed from ACCEPTING_TRAFFIC to REFUSING_TRAFFIC
DEBUG o.s.b.w.s.c.AnnotationConfigServletWebServerApplicationContext - Closing org.springframework.boot.web.servlet.context.AnnotationConfigServletWebServerApplicationContext@7f9083b4, started on Sat Sep 26 17:18:13 IST 2026
INFO o.s.b.w.e.t.GracefulShutdown - Commencing graceful shutdown. Waiting for active requests to complete
INFO o.s.b.w.e.t.GracefulShutdown - Graceful shutdown complete
DEBUG org.hibernate.SQL - drop table if exists order_items cascade 
DEBUG org.hibernate.SQL - drop table if exists orders cascade 
[INFO] Tests run: 1, Failures: 0, Errors: 0, Skipped: 0, Time elapsed: 0.592 s -- in local.security.ResourceConsumptionFixTest
[INFO] 
[INFO] Results:
[INFO] 
[INFO] Tests run: 3, Failures: 0, Errors: 0, Skipped: 0
[INFO] 
[INFO] ------------------------------------------------------------------------
[INFO] BUILD SUCCESS
[INFO] ------------------------------------------------------------------------
[INFO] Total time:  7.416 s
[INFO] Finished at: 2026-09-26T17:18:14+05:30
[INFO] ------------------------------------------------------------------------
