[INFO] Scanning for projects...
[INFO] 
[INFO] --------------< local.security:resource-consumption-poc >---------------
[INFO] Building resource-consumption-poc 1.0-SNAPSHOT
[INFO]   from pom.xml
[INFO] --------------------------------[ jar ]---------------------------------
[INFO] 
[INFO] --- resources:3.4.0:resources (default-resources) @ resource-consumption-poc ---
[INFO] skip non existing resourceDirectory /Users/vidurahewaduwa/Documents/GitHub/Food-Ordering-Delivery-System/security/resource-consumption-poc/src/main/resources
[INFO] 
[INFO] --- compiler:3.13.0:compile (default-compile) @ resource-consumption-poc ---
[INFO] Recompiling the module because of changed source code.
[INFO] Compiling 17 source files with javac [debug parameters release 17] to target/classes
[INFO] 
[INFO] --- resources:3.4.0:testResources (default-testResources) @ resource-consumption-poc ---
[INFO] skip non existing resourceDirectory /Users/vidurahewaduwa/Documents/GitHub/Food-Ordering-Delivery-System/security/resource-consumption-poc/src/test/resources
[INFO] 
[INFO] --- compiler:3.13.0:testCompile (default-testCompile) @ resource-consumption-poc ---
[INFO] Recompiling the module because of changed dependency.
[INFO] Compiling 1 source file with javac [debug parameters release 17] to target/test-classes
[INFO] 
[INFO] --- surefire:3.5.2:test (default-test) @ resource-consumption-poc ---
[INFO] Using auto detected provider org.apache.maven.surefire.junitplatform.JUnitPlatformProvider
[INFO] 
[INFO] -------------------------------------------------------
[INFO]  T E S T S
[INFO] -------------------------------------------------------
[INFO] Running local.security.ResourceConsumptionPocTest
2026-09-26T14:50:09.740+05:30 DEBUG 63072 --- [           main] o.s.boot.SpringApplication               : Loading source class com.OrderManagement.OrderManagement.OrderManagementApplication
2026-09-26T14:50:09.757+05:30 DEBUG 63072 --- [           main] ConfigServletWebServerApplicationContext : Refreshing org.springframework.boot.web.servlet.context.AnnotationConfigServletWebServerApplicationContext@648ee871
2026-09-26T14:50:10.013+05:30 DEBUG 63072 --- [           main] o.s.b.a.AutoConfigurationPackages        : @EnableAutoConfiguration was declared on a class in the package 'com.OrderManagement.OrderManagement'. Automatic @Repository and @Entity scanning is enabled.
2026-09-26T14:50:10.224+05:30 DEBUG 63072 --- [           main] .s.b.w.e.t.TomcatServletWebServerFactory : Code archive: /Users/vidurahewaduwa/.m2/repository/org/springframework/boot/spring-boot/3.4.3/spring-boot-3.4.3.jar
2026-09-26T14:50:10.224+05:30 DEBUG 63072 --- [           main] .s.b.w.e.t.TomcatServletWebServerFactory : Code archive: /Users/vidurahewaduwa/.m2/repository/org/springframework/boot/spring-boot/3.4.3/spring-boot-3.4.3.jar
2026-09-26T14:50:10.224+05:30 DEBUG 63072 --- [           main] .s.b.w.e.t.TomcatServletWebServerFactory : None of the document roots [src/main/webapp, public, static] point to a directory and will be ignored.
2026-09-26T14:50:10.235+05:30  INFO 63072 --- [           main] o.s.b.w.embedded.tomcat.TomcatWebServer  : Tomcat initialized with port 0 (http)
2026-09-26T14:50:10.259+05:30 DEBUG 63072 --- [           main] w.s.c.ServletWebServerApplicationContext : Published root WebApplicationContext as ServletContext attribute with name [org.springframework.web.context.WebApplicationContext.ROOT]
2026-09-26T14:50:10.259+05:30  INFO 63072 --- [           main] w.s.c.ServletWebServerApplicationContext : Root WebApplicationContext: initialization completed in 502 ms
2026-09-26T14:50:10.266+05:30 DEBUG 63072 --- [           main] o.s.b.w.s.ServletContextInitializerBeans : Mapping filters: characterEncodingFilter urls=[/*] order=-2147483648, formContentFilter urls=[/*] order=-9900, requestContextFilter urls=[/*] order=-105
2026-09-26T14:50:10.266+05:30 DEBUG 63072 --- [           main] o.s.b.w.s.ServletContextInitializerBeans : Mapping servlets: dispatcherServlet urls=[/]
2026-09-26T14:50:10.276+05:30 DEBUG 63072 --- [           main] o.s.b.w.s.f.OrderedRequestContextFilter  : Filter 'requestContextFilter' configured for use
2026-09-26T14:50:10.276+05:30 DEBUG 63072 --- [           main] s.b.w.s.f.OrderedCharacterEncodingFilter : Filter 'characterEncodingFilter' configured for use
2026-09-26T14:50:10.276+05:30 DEBUG 63072 --- [           main] o.s.b.w.s.f.OrderedFormContentFilter     : Filter 'formContentFilter' configured for use
2026-09-26T14:50:10.578+05:30  WARN 63072 --- [           main] org.hibernate.orm.deprecation            : HHH90000025: H2Dialect does not need to be specified explicitly using 'hibernate.dialect' (remove the property setting and it will be selected by default)
2026-09-26T14:50:10.982+05:30 DEBUG 63072 --- [           main] org.hibernate.SQL                        : drop table if exists order_items cascade 
2026-09-26T14:50:10.984+05:30 DEBUG 63072 --- [           main] org.hibernate.SQL                        : drop table if exists orders cascade 
2026-09-26T14:50:10.986+05:30 DEBUG 63072 --- [           main] org.hibernate.SQL                        : create table order_items (quantity integer not null, total_price numeric(38,2) not null, unit_price numeric(38,2) not null, id bigint generated by default as identity, order_id bigint, item_name varchar(255) not null, menu_item_id varchar(255) not null, primary key (id))
2026-09-26T14:50:10.990+05:30 DEBUG 63072 --- [           main] org.hibernate.SQL                        : create table orders (delivery_fee numeric(38,2), latitude float(53), longitude float(53), subtotal numeric(38,2), tax numeric(38,2), total_amount numeric(38,2), last_updated timestamp(6), order_date timestamp(6), order_id bigint generated by default as identity, contact_phone varchar(255) not null, delivery_address varchar(255) not null, restaurant_id varchar(255) not null, user_id varchar(255) not null, status enum ('CANCELLED','CONFIRMED','DELIVERED','OUT_FOR_DELIVERY','PLACED','PREPARING'), primary key (order_id))
2026-09-26T14:50:10.991+05:30 DEBUG 63072 --- [           main] org.hibernate.SQL                        : alter table if exists order_items add constraint FKbioxgbv59vetrxe0ejfubep1w foreign key (order_id) references orders
2026-09-26T14:50:11.141+05:30  WARN 63072 --- [           main] JpaBaseConfiguration$JpaWebConfiguration : spring.jpa.open-in-view is enabled by default. Therefore, database queries may be performed during view rendering. Explicitly configure spring.jpa.open-in-view to disable this warning
2026-09-26T14:50:11.179+05:30 DEBUG 63072 --- [           main] s.w.s.m.m.a.RequestMappingHandlerMapping : 11 mappings in 'requestMappingHandlerMapping'
2026-09-26T14:50:11.229+05:30 DEBUG 63072 --- [           main] o.s.w.s.handler.SimpleUrlHandlerMapping  : Patterns [/webjars/**, /**] in 'resourceHandlerMapping'
2026-09-26T14:50:11.243+05:30 DEBUG 63072 --- [           main] s.w.s.m.m.a.RequestMappingHandlerAdapter : ControllerAdvice beans: 0 @ModelAttribute, 0 @InitBinder, 1 RequestBodyAdvice, 1 ResponseBodyAdvice
2026-09-26T14:50:11.262+05:30 DEBUG 63072 --- [           main] .m.m.a.ExceptionHandlerExceptionResolver : ControllerAdvice beans: 1 @ExceptionHandler, 1 ResponseBodyAdvice
2026-09-26T14:50:11.302+05:30  INFO 63072 --- [           main] o.s.b.w.embedded.tomcat.TomcatWebServer  : Tomcat started on port 63845 (http) with context path '/'
2026-09-26T14:50:11.308+05:30 DEBUG 63072 --- [           main] .s.b.a.l.ConditionEvaluationReportLogger : 


============================
CONDITIONS EVALUATION REPORT
============================


Positive matches:
-----------------

   AopAutoConfiguration matched:
      - @ConditionalOnProperty (spring.aop.auto=true) matched (OnPropertyCondition)

   AopAutoConfiguration.AspectJAutoProxyingConfiguration matched:
      - @ConditionalOnClass found required class 'org.aspectj.weaver.Advice' (OnClassCondition)

   AopAutoConfiguration.AspectJAutoProxyingConfiguration.CglibAutoProxyConfiguration matched:
      - @ConditionalOnProperty (spring.aop.proxy-target-class=true) matched (OnPropertyCondition)

   ApplicationAvailabilityAutoConfiguration#applicationAvailability matched:
      - @ConditionalOnMissingBean (types: org.springframework.boot.availability.ApplicationAvailability; SearchStrategy: all) did not find any beans (OnBeanCondition)

   DataSourceAutoConfiguration matched:
      - @ConditionalOnClass found required classes 'javax.sql.DataSource', 'org.springframework.jdbc.datasource.embedded.EmbeddedDatabaseType' (OnClassCondition)
      - @ConditionalOnMissingBean (types: io.r2dbc.spi.ConnectionFactory; SearchStrategy: all) did not find any beans (OnBeanCondition)

   DataSourceAutoConfiguration.PooledDataSourceConfiguration matched:
      - AnyNestedCondition 1 matched 1 did not; NestedCondition on DataSourceAutoConfiguration.PooledDataSourceCondition.PooledDataSourceAvailable PooledDataSource found supported DataSource; NestedCondition on DataSourceAutoConfiguration.PooledDataSourceCondition.ExplicitType @ConditionalOnProperty (spring.datasource.type) did not find property 'type' (DataSourceAutoConfiguration.PooledDataSourceCondition)
      - @ConditionalOnMissingBean (types: javax.sql.DataSource,javax.sql.XADataSource; SearchStrategy: all) did not find any beans (OnBeanCondition)

   DataSourceAutoConfiguration.PooledDataSourceConfiguration#jdbcConnectionDetails matched:
      - @ConditionalOnMissingBean (types: org.springframework.boot.autoconfigure.jdbc.JdbcConnectionDetails; SearchStrategy: all) did not find any beans (OnBeanCondition)

   DataSourceConfiguration.Hikari matched:
      - @ConditionalOnClass found required class 'com.zaxxer.hikari.HikariDataSource' (OnClassCondition)
      - @ConditionalOnProperty (spring.datasource.type=com.zaxxer.hikari.HikariDataSource) matched (OnPropertyCondition)
      - @ConditionalOnMissingBean (types: javax.sql.DataSource; SearchStrategy: all) did not find any beans (OnBeanCondition)

   DataSourcePoolMetadataProvidersConfiguration.HikariPoolDataSourceMetadataProviderConfiguration matched:
      - @ConditionalOnClass found required class 'com.zaxxer.hikari.HikariDataSource' (OnClassCondition)

   DataSourceTransactionManagerAutoConfiguration matched:
      - @ConditionalOnClass found required classes 'javax.sql.DataSource', 'org.springframework.jdbc.core.JdbcTemplate', 'org.springframework.transaction.TransactionManager' (OnClassCondition)

   DataSourceTransactionManagerAutoConfiguration.JdbcTransactionManagerConfiguration matched:
      - @ConditionalOnSingleCandidate (types: javax.sql.DataSource; SearchStrategy: all) found a single bean 'dataSource' (OnBeanCondition)

   DispatcherServletAutoConfiguration matched:
      - @ConditionalOnClass found required class 'org.springframework.web.servlet.DispatcherServlet' (OnClassCondition)
      - found 'session' scope (OnWebApplicationCondition)

   DispatcherServletAutoConfiguration.DispatcherServletConfiguration matched:
      - @ConditionalOnClass found required class 'jakarta.servlet.ServletRegistration' (OnClassCondition)
      - Default DispatcherServlet did not find dispatcher servlet beans (DispatcherServletAutoConfiguration.DefaultDispatcherServletCondition)

   DispatcherServletAutoConfiguration.DispatcherServletRegistrationConfiguration matched:
      - @ConditionalOnClass found required class 'jakarta.servlet.ServletRegistration' (OnClassCondition)
      - DispatcherServlet Registration did not find servlet registration bean (DispatcherServletAutoConfiguration.DispatcherServletRegistrationCondition)

   DispatcherServletAutoConfiguration.DispatcherServletRegistrationConfiguration#dispatcherServletRegistration matched:
      - @ConditionalOnBean (names: dispatcherServlet types: org.springframework.web.servlet.DispatcherServlet; SearchStrategy: all) found bean 'dispatcherServlet' (OnBeanCondition)

   EmbeddedWebServerFactoryCustomizerAutoConfiguration matched:
      - @ConditionalOnWebApplication (required) found 'session' scope (OnWebApplicationCondition)
      - @ConditionalOnWarDeployment the application is not deployed as a WAR file. (OnWarDeploymentCondition)

   EmbeddedWebServerFactoryCustomizerAutoConfiguration.TomcatWebServerFactoryCustomizerConfiguration matched:
      - @ConditionalOnClass found required classes 'org.apache.catalina.startup.Tomcat', 'org.apache.coyote.UpgradeProtocol' (OnClassCondition)

   ErrorMvcAutoConfiguration matched:
      - @ConditionalOnClass found required classes 'jakarta.servlet.Servlet', 'org.springframework.web.servlet.DispatcherServlet' (OnClassCondition)
      - found 'session' scope (OnWebApplicationCondition)

   ErrorMvcAutoConfiguration#basicErrorController matched:
      - @ConditionalOnMissingBean (types: org.springframework.boot.web.servlet.error.ErrorController; SearchStrategy: current) did not find any beans (OnBeanCondition)

   ErrorMvcAutoConfiguration#errorAttributes matched:
      - @ConditionalOnMissingBean (types: org.springframework.boot.web.servlet.error.ErrorAttributes; SearchStrategy: current) did not find any beans (OnBeanCondition)

   ErrorMvcAutoConfiguration.DefaultErrorViewResolverConfiguration#conventionErrorViewResolver matched:
      - @ConditionalOnBean (types: org.springframework.web.servlet.DispatcherServlet; SearchStrategy: all) found bean 'dispatcherServlet'; @ConditionalOnMissingBean (types: org.springframework.boot.autoconfigure.web.servlet.error.ErrorViewResolver; SearchStrategy: all) did not find any beans (OnBeanCondition)

   ErrorMvcAutoConfiguration.WhitelabelErrorViewConfiguration matched:
      - @ConditionalOnProperty (server.error.whitelabel.enabled) matched (OnPropertyCondition)
      - ErrorTemplate Missing did not find error template view (ErrorMvcAutoConfiguration.ErrorTemplateMissingCondition)

   ErrorMvcAutoConfiguration.WhitelabelErrorViewConfiguration#beanNameViewResolver matched:
      - @ConditionalOnMissingBean (types: org.springframework.web.servlet.view.BeanNameViewResolver; SearchStrategy: all) did not find any beans (OnBeanCondition)

   ErrorMvcAutoConfiguration.WhitelabelErrorViewConfiguration#defaultErrorView matched:
      - @ConditionalOnMissingBean (names: error; SearchStrategy: all) did not find any beans (OnBeanCondition)

   GenericCacheConfiguration matched:
      - Cache org.springframework.boot.autoconfigure.cache.GenericCacheConfiguration automatic cache type (CacheCondition)

   HibernateJpaAutoConfiguration matched:
      - @ConditionalOnClass found required classes 'org.springframework.orm.jpa.LocalContainerEntityManagerFactoryBean', 'jakarta.persistence.EntityManager', 'org.hibernate.engine.spi.SessionImplementor' (OnClassCondition)

   HibernateJpaConfiguration matched:
      - @ConditionalOnSingleCandidate (types: javax.sql.DataSource; SearchStrategy: all) found a single bean 'dataSource' (OnBeanCondition)

   HttpClientAutoConfiguration matched:
      - @ConditionalOnClass found required class 'org.springframework.http.client.ClientHttpRequestFactory' (OnClassCondition)
      - NoneNestedConditions 0 matched 1 did not; NestedCondition on NotReactiveWebApplicationCondition.ReactiveWebApplication did not find reactive web application classes (NotReactiveWebApplicationCondition)

   HttpClientAutoConfiguration#clientHttpRequestFactoryBuilder matched:
      - @ConditionalOnMissingBean (types: org.springframework.boot.http.client.ClientHttpRequestFactoryBuilder; SearchStrategy: all) did not find any beans (OnBeanCondition)

   HttpClientAutoConfiguration#clientHttpRequestFactorySettings matched:
      - @ConditionalOnMissingBean (types: org.springframework.boot.http.client.ClientHttpRequestFactorySettings; SearchStrategy: all) did not find any beans (OnBeanCondition)

   HttpEncodingAutoConfiguration matched:
      - @ConditionalOnClass found required class 'org.springframework.web.filter.CharacterEncodingFilter' (OnClassCondition)
      - found 'session' scope (OnWebApplicationCondition)
      - @ConditionalOnProperty (server.servlet.encoding.enabled) matched (OnPropertyCondition)

   HttpEncodingAutoConfiguration#characterEncodingFilter matched:
      - @ConditionalOnMissingBean (types: org.springframework.web.filter.CharacterEncodingFilter; SearchStrategy: all) did not find any beans (OnBeanCondition)

   HttpMessageConvertersAutoConfiguration matched:
      - @ConditionalOnClass found required class 'org.springframework.http.converter.HttpMessageConverter' (OnClassCondition)
      - NoneNestedConditions 0 matched 1 did not; NestedCondition on HttpMessageConvertersAutoConfiguration.NotReactiveWebApplicationCondition.ReactiveWebApplication did not find reactive web application classes (HttpMessageConvertersAutoConfiguration.NotReactiveWebApplicationCondition)

   HttpMessageConvertersAutoConfiguration#messageConverters matched:
      - @ConditionalOnMissingBean (types: org.springframework.boot.autoconfigure.http.HttpMessageConverters; SearchStrategy: all) did not find any beans (OnBeanCondition)

   HttpMessageConvertersAutoConfiguration.StringHttpMessageConverterConfiguration matched:
      - @ConditionalOnClass found required class 'org.springframework.http.converter.StringHttpMessageConverter' (OnClassCondition)

   HttpMessageConvertersAutoConfiguration.StringHttpMessageConverterConfiguration#stringHttpMessageConverter matched:
      - @ConditionalOnMissingBean (types: org.springframework.http.converter.StringHttpMessageConverter; SearchStrategy: all) did not find any beans (OnBeanCondition)

   JacksonAutoConfiguration matched:
      - @ConditionalOnClass found required class 'com.fasterxml.jackson.databind.ObjectMapper' (OnClassCondition)

   JacksonAutoConfiguration.Jackson2ObjectMapperBuilderCustomizerConfiguration matched:
      - @ConditionalOnClass found required class 'org.springframework.http.converter.json.Jackson2ObjectMapperBuilder' (OnClassCondition)

   JacksonAutoConfiguration.JacksonObjectMapperBuilderConfiguration matched:
      - @ConditionalOnClass found required class 'org.springframework.http.converter.json.Jackson2ObjectMapperBuilder' (OnClassCondition)

   JacksonAutoConfiguration.JacksonObjectMapperBuilderConfiguration#jacksonObjectMapperBuilder matched:
      - @ConditionalOnMissingBean (types: org.springframework.http.converter.json.Jackson2ObjectMapperBuilder; SearchStrategy: all) did not find any beans (OnBeanCondition)

   JacksonAutoConfiguration.JacksonObjectMapperConfiguration matched:
      - @ConditionalOnClass found required class 'org.springframework.http.converter.json.Jackson2ObjectMapperBuilder' (OnClassCondition)

   JacksonAutoConfiguration.JacksonObjectMapperConfiguration#jacksonObjectMapper matched:
      - @ConditionalOnMissingBean (types: com.fasterxml.jackson.databind.ObjectMapper; SearchStrategy: all) did not find any beans (OnBeanCondition)

   JacksonAutoConfiguration.ParameterNamesModuleConfiguration matched:
      - @ConditionalOnClass found required class 'com.fasterxml.jackson.module.paramnames.ParameterNamesModule' (OnClassCondition)

   JacksonAutoConfiguration.ParameterNamesModuleConfiguration#parameterNamesModule matched:
      - @ConditionalOnMissingBean (types: com.fasterxml.jackson.module.paramnames.ParameterNamesModule; SearchStrategy: all) did not find any beans (OnBeanCondition)

   JacksonHttpMessageConvertersConfiguration.MappingJackson2HttpMessageConverterConfiguration matched:
      - @ConditionalOnClass found required class 'com.fasterxml.jackson.databind.ObjectMapper' (OnClassCondition)
      - @ConditionalOnProperty (spring.mvc.converters.preferred-json-mapper=jackson) matched (OnPropertyCondition)
      - @ConditionalOnBean (types: com.fasterxml.jackson.databind.ObjectMapper; SearchStrategy: all) found bean 'jacksonObjectMapper' (OnBeanCondition)

   JacksonHttpMessageConvertersConfiguration.MappingJackson2HttpMessageConverterConfiguration#mappingJackson2HttpMessageConverter matched:
      - @ConditionalOnMissingBean (types: org.springframework.http.converter.json.MappingJackson2HttpMessageConverter ignored: org.springframework.hateoas.server.mvc.TypeConstrainedMappingJackson2HttpMessageConverter,org.springframework.data.rest.webmvc.alps.AlpsJsonHttpMessageConverter; SearchStrategy: all) did not find any beans (OnBeanCondition)

   JdbcClientAutoConfiguration matched:
      - @ConditionalOnSingleCandidate (types: org.springframework.jdbc.core.namedparam.NamedParameterJdbcTemplate; SearchStrategy: all) found a single bean 'namedParameterJdbcTemplate'; @ConditionalOnMissingBean (types: org.springframework.jdbc.core.simple.JdbcClient; SearchStrategy: all) did not find any beans (OnBeanCondition)

   JdbcTemplateAutoConfiguration matched:
      - @ConditionalOnClass found required classes 'javax.sql.DataSource', 'org.springframework.jdbc.core.JdbcTemplate' (OnClassCondition)
      - @ConditionalOnSingleCandidate (types: javax.sql.DataSource; SearchStrategy: all) found a single bean 'dataSource' (OnBeanCondition)

   JdbcTemplateConfiguration matched:
      - @ConditionalOnMissingBean (types: org.springframework.jdbc.core.JdbcOperations; SearchStrategy: all) did not find any beans (OnBeanCondition)

   JpaBaseConfiguration#entityManagerFactory matched:
      - @ConditionalOnMissingBean (types: org.springframework.orm.jpa.LocalContainerEntityManagerFactoryBean,jakarta.persistence.EntityManagerFactory; SearchStrategy: all) did not find any beans (OnBeanCondition)

   JpaBaseConfiguration#entityManagerFactoryBuilder matched:
      - @ConditionalOnMissingBean (types: org.springframework.boot.orm.jpa.EntityManagerFactoryBuilder; SearchStrategy: all) did not find any beans (OnBeanCondition)

   JpaBaseConfiguration#jpaVendorAdapter matched:
      - @ConditionalOnMissingBean (types: org.springframework.orm.jpa.JpaVendorAdapter; SearchStrategy: all) did not find any beans (OnBeanCondition)

   JpaBaseConfiguration#transactionManager matched:
      - @ConditionalOnMissingBean (types: org.springframework.transaction.TransactionManager; SearchStrategy: all) did not find any beans (OnBeanCondition)

   JpaBaseConfiguration.JpaWebConfiguration matched:
      - @ConditionalOnClass found required class 'org.springframework.web.servlet.config.annotation.WebMvcConfigurer' (OnClassCondition)
      - found 'session' scope (OnWebApplicationCondition)
      - @ConditionalOnProperty (spring.jpa.open-in-view=true) matched (OnPropertyCondition)
      - @ConditionalOnMissingBean (types: org.springframework.orm.jpa.support.OpenEntityManagerInViewInterceptor,org.springframework.orm.jpa.support.OpenEntityManagerInViewFilter; SearchStrategy: all) did not find any beans (OnBeanCondition)

   JpaBaseConfiguration.PersistenceManagedTypesConfiguration matched:
      - @ConditionalOnMissingBean (types: org.springframework.orm.jpa.LocalContainerEntityManagerFactoryBean,jakarta.persistence.EntityManagerFactory; SearchStrategy: all) did not find any beans (OnBeanCondition)

   JpaBaseConfiguration.PersistenceManagedTypesConfiguration#persistenceManagedTypes matched:
      - @ConditionalOnMissingBean (types: org.springframework.orm.jpa.persistenceunit.PersistenceManagedTypes; SearchStrategy: all) did not find any beans (OnBeanCondition)

   JpaRepositoriesAutoConfiguration matched:
      - @ConditionalOnClass found required class 'org.springframework.data.jpa.repository.JpaRepository' (OnClassCondition)
      - @ConditionalOnProperty (spring.data.jpa.repositories.enabled=true) matched (OnPropertyCondition)
      - @ConditionalOnBean (types: javax.sql.DataSource; SearchStrategy: all) found bean 'dataSource'; @ConditionalOnMissingBean (types: org.springframework.data.jpa.repository.support.JpaRepositoryFactoryBean,org.springframework.data.jpa.repository.config.JpaRepositoryConfigExtension; SearchStrategy: all) did not find any beans (OnBeanCondition)

   JtaAutoConfiguration matched:
      - @ConditionalOnClass found required class 'jakarta.transaction.Transaction' (OnClassCondition)
      - @ConditionalOnProperty (spring.jta.enabled) matched (OnPropertyCondition)

   LifecycleAutoConfiguration#defaultLifecycleProcessor matched:
      - @ConditionalOnMissingBean (names: lifecycleProcessor; SearchStrategy: current) did not find any beans (OnBeanCondition)

   MultipartAutoConfiguration matched:
      - @ConditionalOnClass found required classes 'jakarta.servlet.Servlet', 'org.springframework.web.multipart.support.StandardServletMultipartResolver', 'jakarta.servlet.MultipartConfigElement' (OnClassCondition)
      - found 'session' scope (OnWebApplicationCondition)
      - @ConditionalOnProperty (spring.servlet.multipart.enabled) matched (OnPropertyCondition)

   MultipartAutoConfiguration#multipartConfigElement matched:
      - @ConditionalOnMissingBean (types: jakarta.servlet.MultipartConfigElement; SearchStrategy: all) did not find any beans (OnBeanCondition)

   MultipartAutoConfiguration#multipartResolver matched:
      - @ConditionalOnMissingBean (types: org.springframework.web.multipart.MultipartResolver; SearchStrategy: all) did not find any beans (OnBeanCondition)

   NamedParameterJdbcTemplateConfiguration matched:
      - @ConditionalOnSingleCandidate (types: org.springframework.jdbc.core.JdbcTemplate; SearchStrategy: all) found a single bean 'jdbcTemplate'; @ConditionalOnMissingBean (types: org.springframework.jdbc.core.namedparam.NamedParameterJdbcOperations; SearchStrategy: all) did not find any beans (OnBeanCondition)

   NoOpCacheConfiguration matched:
      - Cache org.springframework.boot.autoconfigure.cache.NoOpCacheConfiguration automatic cache type (CacheCondition)

   PersistenceExceptionTranslationAutoConfiguration matched:
      - @ConditionalOnClass found required class 'org.springframework.dao.annotation.PersistenceExceptionTranslationPostProcessor' (OnClassCondition)

   PersistenceExceptionTranslationAutoConfiguration#persistenceExceptionTranslationPostProcessor matched:
      - @ConditionalOnProperty (spring.dao.exceptiontranslation.enabled) matched (OnPropertyCondition)
      - @ConditionalOnMissingBean (types: org.springframework.dao.annotation.PersistenceExceptionTranslationPostProcessor; SearchStrategy: all) did not find any beans (OnBeanCondition)

   PropertyPlaceholderAutoConfiguration#propertySourcesPlaceholderConfigurer matched:
      - @ConditionalOnMissingBean (types: org.springframework.context.support.PropertySourcesPlaceholderConfigurer; SearchStrategy: current) did not find any beans (OnBeanCondition)

   RestClientAutoConfiguration matched:
      - @ConditionalOnClass found required class 'org.springframework.web.client.RestClient' (OnClassCondition)
      - NoneNestedConditions 0 matched 1 did not; NestedCondition on NotReactiveWebApplicationCondition.ReactiveWebApplication did not find reactive web application classes (NotReactiveWebApplicationCondition)

   RestClientAutoConfiguration#httpMessageConvertersRestClientCustomizer matched:
      - @ConditionalOnMissingBean (types: org.springframework.boot.autoconfigure.web.client.HttpMessageConvertersRestClientCustomizer; SearchStrategy: all) did not find any beans (OnBeanCondition)

   RestClientAutoConfiguration#restClientBuilder matched:
      - @ConditionalOnMissingBean (types: org.springframework.web.client.RestClient$Builder; SearchStrategy: all) did not find any beans (OnBeanCondition)

   RestClientAutoConfiguration#restClientBuilderConfigurer matched:
      - @ConditionalOnMissingBean (types: org.springframework.boot.autoconfigure.web.client.RestClientBuilderConfigurer; SearchStrategy: all) did not find any beans (OnBeanCondition)

   RestClientAutoConfiguration#restClientSsl matched:
      - @ConditionalOnBean (types: org.springframework.boot.ssl.SslBundles; SearchStrategy: all) found bean 'sslBundleRegistry'; @ConditionalOnMissingBean (types: org.springframework.boot.autoconfigure.web.client.RestClientSsl; SearchStrategy: all) did not find any beans (OnBeanCondition)

   RestTemplateAutoConfiguration matched:
      - @ConditionalOnClass found required class 'org.springframework.web.client.RestTemplate' (OnClassCondition)
      - NoneNestedConditions 0 matched 1 did not; NestedCondition on NotReactiveWebApplicationCondition.ReactiveWebApplication did not find reactive web application classes (NotReactiveWebApplicationCondition)

   RestTemplateAutoConfiguration#restTemplateBuilder matched:
      - @ConditionalOnMissingBean (types: org.springframework.boot.web.client.RestTemplateBuilder; SearchStrategy: all) did not find any beans (OnBeanCondition)

   ServletWebServerFactoryAutoConfiguration matched:
      - @ConditionalOnClass found required class 'jakarta.servlet.ServletRequest' (OnClassCondition)
      - found 'session' scope (OnWebApplicationCondition)

   ServletWebServerFactoryAutoConfiguration#tomcatServletWebServerFactoryCustomizer matched:
      - @ConditionalOnClass found required class 'org.apache.catalina.startup.Tomcat' (OnClassCondition)

   ServletWebServerFactoryConfiguration.EmbeddedTomcat matched:
      - @ConditionalOnClass found required classes 'jakarta.servlet.Servlet', 'org.apache.catalina.startup.Tomcat', 'org.apache.coyote.UpgradeProtocol' (OnClassCondition)
      - @ConditionalOnMissingBean (types: org.springframework.boot.web.servlet.server.ServletWebServerFactory; SearchStrategy: current) did not find any beans (OnBeanCondition)

   SimpleCacheConfiguration matched:
      - Cache org.springframework.boot.autoconfigure.cache.SimpleCacheConfiguration automatic cache type (CacheCondition)

   SpringDataWebAutoConfiguration matched:
      - @ConditionalOnClass found required classes 'org.springframework.data.web.PageableHandlerMethodArgumentResolver', 'org.springframework.web.servlet.config.annotation.WebMvcConfigurer' (OnClassCondition)
      - found 'session' scope (OnWebApplicationCondition)
      - @ConditionalOnMissingBean (types: org.springframework.data.web.PageableHandlerMethodArgumentResolver; SearchStrategy: all) did not find any beans (OnBeanCondition)

   SpringDataWebAutoConfiguration#pageableCustomizer matched:
      - @ConditionalOnMissingBean (types: org.springframework.data.web.config.PageableHandlerMethodArgumentResolverCustomizer; SearchStrategy: all) did not find any beans (OnBeanCondition)

   SpringDataWebAutoConfiguration#sortCustomizer matched:
      - @ConditionalOnMissingBean (types: org.springframework.data.web.config.SortHandlerMethodArgumentResolverCustomizer; SearchStrategy: all) did not find any beans (OnBeanCondition)

   SpringDataWebAutoConfiguration#springDataWebSettings matched:
      - @ConditionalOnMissingBean (types: org.springframework.data.web.config.SpringDataWebSettings; SearchStrategy: all) did not find any beans (OnBeanCondition)

   SslAutoConfiguration#sslBundleRegistry matched:
      - @ConditionalOnMissingBean (types: org.springframework.boot.ssl.SslBundleRegistry,org.springframework.boot.ssl.SslBundles; SearchStrategy: all) did not find any beans (OnBeanCondition)

   TaskExecutionAutoConfiguration matched:
      - @ConditionalOnClass found required class 'org.springframework.scheduling.concurrent.ThreadPoolTaskExecutor' (OnClassCondition)

   TaskExecutorConfigurations.SimpleAsyncTaskExecutorBuilderConfiguration#simpleAsyncTaskExecutorBuilder matched:
      - @ConditionalOnMissingBean (types: org.springframework.boot.task.SimpleAsyncTaskExecutorBuilder; SearchStrategy: all) did not find any beans (OnBeanCondition)
      - @ConditionalOnThreading found PLATFORM (OnThreadingCondition)

   TaskExecutorConfigurations.TaskExecutorConfiguration matched:
      - @ConditionalOnMissingBean (types: java.util.concurrent.Executor; SearchStrategy: all) did not find any beans (OnBeanCondition)

   TaskExecutorConfigurations.TaskExecutorConfiguration#applicationTaskExecutor matched:
      - @ConditionalOnThreading found PLATFORM (OnThreadingCondition)

   TaskExecutorConfigurations.ThreadPoolTaskExecutorBuilderConfiguration#threadPoolTaskExecutorBuilder matched:
      - @ConditionalOnMissingBean (types: org.springframework.boot.task.ThreadPoolTaskExecutorBuilder; SearchStrategy: all) did not find any beans (OnBeanCondition)

   TaskSchedulingAutoConfiguration matched:
      - @ConditionalOnClass found required class 'org.springframework.scheduling.concurrent.ThreadPoolTaskScheduler' (OnClassCondition)

   TaskSchedulingConfigurations.SimpleAsyncTaskSchedulerBuilderConfiguration#simpleAsyncTaskSchedulerBuilder matched:
      - @ConditionalOnMissingBean (types: org.springframework.boot.task.SimpleAsyncTaskSchedulerBuilder; SearchStrategy: all) did not find any beans (OnBeanCondition)
      - @ConditionalOnThreading found PLATFORM (OnThreadingCondition)

   TaskSchedulingConfigurations.ThreadPoolTaskSchedulerBuilderConfiguration#threadPoolTaskSchedulerBuilder matched:
      - @ConditionalOnMissingBean (types: org.springframework.boot.task.ThreadPoolTaskSchedulerBuilder; SearchStrategy: all) did not find any beans (OnBeanCondition)

   TransactionAutoConfiguration matched:
      - @ConditionalOnClass found required class 'org.springframework.transaction.PlatformTransactionManager' (OnClassCondition)

   TransactionAutoConfiguration.EnableTransactionManagementConfiguration matched:
      - @ConditionalOnBean (types: org.springframework.transaction.TransactionManager; SearchStrategy: all) found bean 'transactionManager'; @ConditionalOnMissingBean (types: org.springframework.transaction.annotation.AbstractTransactionManagementConfiguration; SearchStrategy: all) did not find any beans (OnBeanCondition)

   TransactionAutoConfiguration.EnableTransactionManagementConfiguration.CglibAutoProxyConfiguration matched:
      - @ConditionalOnProperty (spring.aop.proxy-target-class=true) matched (OnPropertyCondition)

   TransactionAutoConfiguration.TransactionTemplateConfiguration matched:
      - @ConditionalOnSingleCandidate (types: org.springframework.transaction.PlatformTransactionManager; SearchStrategy: all) found a single bean 'transactionManager' (OnBeanCondition)

   TransactionAutoConfiguration.TransactionTemplateConfiguration#transactionTemplate matched:
      - @ConditionalOnMissingBean (types: org.springframework.transaction.support.TransactionOperations; SearchStrategy: all) did not find any beans (OnBeanCondition)

   TransactionManagerCustomizationAutoConfiguration matched:
      - @ConditionalOnClass found required class 'org.springframework.transaction.PlatformTransactionManager' (OnClassCondition)

   TransactionManagerCustomizationAutoConfiguration#platformTransactionManagerCustomizers matched:
      - @ConditionalOnMissingBean (types: org.springframework.boot.autoconfigure.transaction.TransactionManagerCustomizers; SearchStrategy: all) did not find any beans (OnBeanCondition)

   ValidationAutoConfiguration matched:
      - @ConditionalOnClass found required class 'jakarta.validation.executable.ExecutableValidator' (OnClassCondition)
      - @ConditionalOnResource found location classpath:META-INF/services/jakarta.validation.spi.ValidationProvider (OnResourceCondition)

   ValidationAutoConfiguration#defaultValidator matched:
      - @ConditionalOnMissingBean (types: jakarta.validation.Validator; SearchStrategy: all) did not find any beans (OnBeanCondition)

   ValidationAutoConfiguration#methodValidationPostProcessor matched:
      - @ConditionalOnMissingBean (types: org.springframework.validation.beanvalidation.MethodValidationPostProcessor; SearchStrategy: current) did not find any beans (OnBeanCondition)

   WebMvcAutoConfiguration matched:
      - @ConditionalOnClass found required classes 'jakarta.servlet.Servlet', 'org.springframework.web.servlet.DispatcherServlet', 'org.springframework.web.servlet.config.annotation.WebMvcConfigurer' (OnClassCondition)
      - found 'session' scope (OnWebApplicationCondition)
      - @ConditionalOnMissingBean (types: org.springframework.web.servlet.config.annotation.WebMvcConfigurationSupport; SearchStrategy: all) did not find any beans (OnBeanCondition)

   WebMvcAutoConfiguration#formContentFilter matched:
      - @ConditionalOnProperty (spring.mvc.formcontent.filter.enabled) matched (OnPropertyCondition)
      - @ConditionalOnMissingBean (types: org.springframework.web.filter.FormContentFilter; SearchStrategy: all) did not find any beans (OnBeanCondition)

   WebMvcAutoConfiguration.EnableWebMvcConfiguration#flashMapManager matched:
      - @ConditionalOnMissingBean (names: flashMapManager; SearchStrategy: all) did not find any beans (OnBeanCondition)

   WebMvcAutoConfiguration.EnableWebMvcConfiguration#localeResolver matched:
      - @ConditionalOnMissingBean (names: localeResolver; SearchStrategy: all) did not find any beans (OnBeanCondition)

   WebMvcAutoConfiguration.EnableWebMvcConfiguration#themeResolver matched:
      - @ConditionalOnMissingBean (names: themeResolver; SearchStrategy: all) did not find any beans (OnBeanCondition)

   WebMvcAutoConfiguration.EnableWebMvcConfiguration#viewNameTranslator matched:
      - @ConditionalOnMissingBean (names: viewNameTranslator; SearchStrategy: all) did not find any beans (OnBeanCondition)

   WebMvcAutoConfiguration.WebMvcAutoConfigurationAdapter#defaultViewResolver matched:
      - @ConditionalOnMissingBean (types: org.springframework.web.servlet.view.InternalResourceViewResolver; SearchStrategy: all) did not find any beans (OnBeanCondition)

   WebMvcAutoConfiguration.WebMvcAutoConfigurationAdapter#requestContextFilter matched:
      - @ConditionalOnMissingBean (types: org.springframework.web.context.request.RequestContextListener,org.springframework.web.filter.RequestContextFilter; SearchStrategy: all) did not find any beans (OnBeanCondition)

   WebMvcAutoConfiguration.WebMvcAutoConfigurationAdapter#viewResolver matched:
      - @ConditionalOnBean (types: org.springframework.web.servlet.ViewResolver; SearchStrategy: all) found beans 'defaultViewResolver', 'beanNameViewResolver', 'mvcViewResolver'; @ConditionalOnMissingBean (names: viewResolver types: org.springframework.web.servlet.view.ContentNegotiatingViewResolver; SearchStrategy: all) did not find any beans (OnBeanCondition)

   WebSocketServletAutoConfiguration matched:
      - @ConditionalOnClass found required classes 'jakarta.servlet.Servlet', 'jakarta.websocket.server.ServerContainer' (OnClassCondition)
      - found 'session' scope (OnWebApplicationCondition)

   WebSocketServletAutoConfiguration.TomcatWebSocketConfiguration matched:
      - @ConditionalOnClass found required classes 'org.apache.catalina.startup.Tomcat', 'org.apache.tomcat.websocket.server.WsSci' (OnClassCondition)

   WebSocketServletAutoConfiguration.TomcatWebSocketConfiguration#websocketServletWebServerCustomizer matched:
      - @ConditionalOnMissingBean (names: websocketServletWebServerCustomizer; SearchStrategy: all) did not find any beans (OnBeanCondition)


Negative matches:
-----------------

   ActiveMQAutoConfiguration:
      Did not match:
         - @ConditionalOnClass did not find required class 'jakarta.jms.ConnectionFactory' (OnClassCondition)

   AopAutoConfiguration.AspectJAutoProxyingConfiguration.JdkDynamicAutoProxyConfiguration:
      Did not match:
         - @ConditionalOnProperty (spring.aop.proxy-target-class=false) did not find property 'proxy-target-class' (OnPropertyCondition)

   AopAutoConfiguration.ClassProxyingConfiguration:
      Did not match:
         - @ConditionalOnMissingClass found unwanted class 'org.aspectj.weaver.Advice' (OnClassCondition)

   ArtemisAutoConfiguration:
      Did not match:
         - @ConditionalOnClass did not find required class 'jakarta.jms.ConnectionFactory' (OnClassCondition)

   BatchAutoConfiguration:
      Did not match:
         - @ConditionalOnClass did not find required class 'org.springframework.batch.core.launch.JobLauncher' (OnClassCondition)

   Cache2kCacheConfiguration:
      Did not match:
         - @ConditionalOnClass did not find required class 'org.cache2k.Cache2kBuilder' (OnClassCondition)

   CacheAutoConfiguration:
      Did not match:
         - @ConditionalOnBean (types: org.springframework.cache.interceptor.CacheAspectSupport; SearchStrategy: all) did not find any beans of type org.springframework.cache.interceptor.CacheAspectSupport (OnBeanCondition)
      Matched:
         - @ConditionalOnClass found required class 'org.springframework.cache.CacheManager' (OnClassCondition)

   CacheAutoConfiguration.CacheManagerEntityManagerFactoryDependsOnPostProcessor:
      Did not match:
         - Ancestor org.springframework.boot.autoconfigure.cache.CacheAutoConfiguration did not match (ConditionEvaluationReport.AncestorsMatchedCondition)
      Matched:
         - @ConditionalOnClass found required class 'org.springframework.orm.jpa.LocalContainerEntityManagerFactoryBean' (OnClassCondition)

   CaffeineCacheConfiguration:
      Did not match:
         - @ConditionalOnClass did not find required class 'com.github.benmanes.caffeine.cache.Caffeine' (OnClassCondition)

   CassandraAutoConfiguration:
      Did not match:
         - @ConditionalOnClass did not find required class 'com.datastax.oss.driver.api.core.CqlSession' (OnClassCondition)

   CassandraDataAutoConfiguration:
      Did not match:
         - @ConditionalOnClass did not find required class 'com.datastax.oss.driver.api.core.CqlSession' (OnClassCondition)

   CassandraReactiveDataAutoConfiguration:
      Did not match:
         - @ConditionalOnClass did not find required class 'com.datastax.oss.driver.api.core.CqlSession' (OnClassCondition)

   CassandraReactiveRepositoriesAutoConfiguration:
      Did not match:
         - @ConditionalOnClass did not find required class 'org.springframework.data.cassandra.ReactiveSession' (OnClassCondition)

   CassandraRepositoriesAutoConfiguration:
      Did not match:
         - @ConditionalOnClass did not find required class 'com.datastax.oss.driver.api.core.CqlSession' (OnClassCondition)

   ClientHttpConnectorAutoConfiguration:
      Did not match:
         - @ConditionalOnClass did not find required class 'org.springframework.web.reactive.function.client.WebClient' (OnClassCondition)

   CodecsAutoConfiguration:
      Did not match:
         - @ConditionalOnClass did not find required class 'org.springframework.web.reactive.function.client.WebClient' (OnClassCondition)

   CouchbaseAutoConfiguration:
      Did not match:
         - @ConditionalOnClass did not find required class 'com.couchbase.client.java.Cluster' (OnClassCondition)

   CouchbaseCacheConfiguration:
      Did not match:
         - @ConditionalOnClass did not find required class 'com.couchbase.client.java.Cluster' (OnClassCondition)

   CouchbaseDataAutoConfiguration:
      Did not match:
         - @ConditionalOnClass did not find required class 'com.couchbase.client.java.Bucket' (OnClassCondition)

   CouchbaseReactiveDataAutoConfiguration:
      Did not match:
         - @ConditionalOnClass did not find required class 'com.couchbase.client.java.Cluster' (OnClassCondition)

   CouchbaseReactiveRepositoriesAutoConfiguration:
      Did not match:
         - @ConditionalOnClass did not find required class 'com.couchbase.client.java.Cluster' (OnClassCondition)

   CouchbaseRepositoriesAutoConfiguration:
      Did not match:
         - @ConditionalOnClass did not find required class 'com.couchbase.client.java.Bucket' (OnClassCondition)

   DataSourceAutoConfiguration.EmbeddedDatabaseConfiguration:
      Did not match:
         - EmbeddedDataSource spring.datasource.url is set (DataSourceAutoConfiguration.EmbeddedDatabaseCondition)

   DataSourceCheckpointRestoreConfiguration:
      Did not match:
         - @ConditionalOnClass did not find required class 'org.crac.Resource' (OnClassCondition)

   DataSourceConfiguration.Dbcp2:
      Did not match:
         - @ConditionalOnClass did not find required class 'org.apache.commons.dbcp2.BasicDataSource' (OnClassCondition)

   DataSourceConfiguration.Generic:
      Did not match:
         - @ConditionalOnProperty (spring.datasource.type) did not find property 'spring.datasource.type' (OnPropertyCondition)

   DataSourceConfiguration.OracleUcp:
      Did not match:
         - @ConditionalOnClass did not find required classes 'oracle.ucp.jdbc.PoolDataSourceImpl', 'oracle.jdbc.OracleConnection' (OnClassCondition)

   DataSourceConfiguration.Tomcat:
      Did not match:
         - @ConditionalOnClass did not find required class 'org.apache.tomcat.jdbc.pool.DataSource' (OnClassCondition)

   DataSourceJmxConfiguration:
      Did not match:
         - @ConditionalOnProperty (spring.jmx.enabled=true) found different value in property 'enabled' (OnPropertyCondition)

   DataSourcePoolMetadataProvidersConfiguration.CommonsDbcp2PoolDataSourceMetadataProviderConfiguration:
      Did not match:
         - @ConditionalOnClass did not find required class 'org.apache.commons.dbcp2.BasicDataSource' (OnClassCondition)

   DataSourcePoolMetadataProvidersConfiguration.OracleUcpPoolDataSourceMetadataProviderConfiguration:
      Did not match:
         - @ConditionalOnClass did not find required classes 'oracle.ucp.jdbc.PoolDataSource', 'oracle.jdbc.OracleConnection' (OnClassCondition)

   DataSourcePoolMetadataProvidersConfiguration.TomcatDataSourcePoolMetadataProviderConfiguration:
      Did not match:
         - @ConditionalOnClass did not find required class 'org.apache.tomcat.jdbc.pool.DataSource' (OnClassCondition)

   DataSourceTransactionManagerAutoConfiguration.JdbcTransactionManagerConfiguration#transactionManager:
      Did not match:
         - @ConditionalOnMissingBean (types: org.springframework.transaction.TransactionManager; SearchStrategy: all) found beans of type 'org.springframework.transaction.TransactionManager' transactionManager (OnBeanCondition)

   DispatcherServletAutoConfiguration.DispatcherServletConfiguration#multipartResolver:
      Did not match:
         - @ConditionalOnBean (types: org.springframework.web.multipart.MultipartResolver; SearchStrategy: all) did not find any beans of type org.springframework.web.multipart.MultipartResolver (OnBeanCondition)

   ElasticsearchClientAutoConfiguration:
      Did not match:
         - @ConditionalOnClass did not find required class 'co.elastic.clients.elasticsearch.ElasticsearchClient' (OnClassCondition)

   ElasticsearchDataAutoConfiguration:
      Did not match:
         - @ConditionalOnClass did not find required class 'org.springframework.data.elasticsearch.client.elc.ElasticsearchTemplate' (OnClassCondition)

   ElasticsearchRepositoriesAutoConfiguration:
      Did not match:
         - @ConditionalOnClass did not find required class 'org.springframework.data.elasticsearch.repository.ElasticsearchRepository' (OnClassCondition)

   ElasticsearchRestClientAutoConfiguration:
      Did not match:
         - @ConditionalOnClass did not find required class 'org.elasticsearch.client.RestClientBuilder' (OnClassCondition)

   EmbeddedLdapAutoConfiguration:
      Did not match:
         - @ConditionalOnClass did not find required class 'com.unboundid.ldap.listener.InMemoryDirectoryServer' (OnClassCondition)

   EmbeddedWebServerFactoryCustomizerAutoConfiguration.JettyWebServerFactoryCustomizerConfiguration:
      Did not match:
         - @ConditionalOnClass did not find required classes 'org.eclipse.jetty.server.Server', 'org.eclipse.jetty.util.Loader', 'org.eclipse.jetty.ee10.webapp.WebAppContext' (OnClassCondition)

   EmbeddedWebServerFactoryCustomizerAutoConfiguration.NettyWebServerFactoryCustomizerConfiguration:
      Did not match:
         - @ConditionalOnClass did not find required class 'reactor.netty.http.server.HttpServer' (OnClassCondition)

   EmbeddedWebServerFactoryCustomizerAutoConfiguration.TomcatWebServerFactoryCustomizerConfiguration#tomcatVirtualThreadsProtocolHandlerCustomizer:
      Did not match:
         - @ConditionalOnThreading did not find VIRTUAL (OnThreadingCondition)

   EmbeddedWebServerFactoryCustomizerAutoConfiguration.UndertowWebServerFactoryCustomizerConfiguration:
      Did not match:
         - @ConditionalOnClass did not find required classes 'io.undertow.Undertow', 'org.xnio.SslClientAuthMode' (OnClassCondition)

   ErrorWebFluxAutoConfiguration:
      Did not match:
         - @ConditionalOnClass did not find required class 'org.springframework.web.reactive.config.WebFluxConfigurer' (OnClassCondition)

   FlywayAutoConfiguration:
      Did not match:
         - @ConditionalOnClass did not find required class 'org.flywaydb.core.Flyway' (OnClassCondition)

   FreeMarkerAutoConfiguration:
      Did not match:
         - @ConditionalOnClass did not find required class 'freemarker.template.Configuration' (OnClassCondition)

   GraphQlAutoConfiguration:
      Did not match:
         - @ConditionalOnClass did not find required class 'graphql.GraphQL' (OnClassCondition)

   GraphQlQueryByExampleAutoConfiguration:
      Did not match:
         - @ConditionalOnClass did not find required class 'graphql.GraphQL' (OnClassCondition)

   GraphQlQuerydslAutoConfiguration:
      Did not match:
         - @ConditionalOnClass did not find required class 'com.querydsl.core.Query' (OnClassCondition)

   GraphQlRSocketAutoConfiguration:
      Did not match:
         - @ConditionalOnClass did not find required class 'graphql.GraphQL' (OnClassCondition)

   GraphQlReactiveQueryByExampleAutoConfiguration:
      Did not match:
         - @ConditionalOnClass did not find required class 'graphql.GraphQL' (OnClassCondition)

   GraphQlReactiveQuerydslAutoConfiguration:
      Did not match:
         - @ConditionalOnClass did not find required class 'com.querydsl.core.Query' (OnClassCondition)

   GraphQlWebFluxAutoConfiguration:
      Did not match:
         - @ConditionalOnClass did not find required class 'graphql.GraphQL' (OnClassCondition)

   GraphQlWebFluxSecurityAutoConfiguration:
      Did not match:
         - @ConditionalOnClass did not find required class 'graphql.GraphQL' (OnClassCondition)

   GraphQlWebMvcAutoConfiguration:
      Did not match:
         - @ConditionalOnClass did not find required class 'graphql.GraphQL' (OnClassCondition)

   GraphQlWebMvcSecurityAutoConfiguration:
      Did not match:
         - @ConditionalOnClass did not find required class 'graphql.GraphQL' (OnClassCondition)

   GroovyTemplateAutoConfiguration:
      Did not match:
         - @ConditionalOnClass did not find required class 'groovy.text.markup.MarkupTemplateEngine' (OnClassCondition)

   GsonAutoConfiguration:
      Did not match:
         - @ConditionalOnClass did not find required class 'com.google.gson.Gson' (OnClassCondition)

   GsonHttpMessageConvertersConfiguration:
      Did not match:
         - @ConditionalOnClass did not find required class 'com.google.gson.Gson' (OnClassCondition)

   H2ConsoleAutoConfiguration:
      Did not match:
         - @ConditionalOnProperty (spring.h2.console.enabled=true) did not find property 'enabled' (OnPropertyCondition)
      Matched:
         - @ConditionalOnClass found required class 'org.h2.server.web.JakartaWebServlet' (OnClassCondition)
         - found 'session' scope (OnWebApplicationCondition)

   HazelcastAutoConfiguration:
      Did not match:
         - @ConditionalOnClass did not find required class 'com.hazelcast.core.HazelcastInstance' (OnClassCondition)

   HazelcastCacheConfiguration:
      Did not match:
         - @ConditionalOnClass did not find required class 'com.hazelcast.core.HazelcastInstance' (OnClassCondition)

   HazelcastJpaDependencyAutoConfiguration:
      Did not match:
         - @ConditionalOnClass did not find required class 'com.hazelcast.core.HazelcastInstance' (OnClassCondition)

   HttpHandlerAutoConfiguration:
      Did not match:
         - @ConditionalOnClass did not find required class 'org.springframework.web.reactive.DispatcherHandler' (OnClassCondition)

   HypermediaAutoConfiguration:
      Did not match:
         - @ConditionalOnClass did not find required class 'org.springframework.hateoas.EntityModel' (OnClassCondition)

   InfinispanCacheConfiguration:
      Did not match:
         - @ConditionalOnClass did not find required class 'org.infinispan.spring.embedded.provider.SpringEmbeddedCacheManager' (OnClassCondition)

   IntegrationAutoConfiguration:
      Did not match:
         - @ConditionalOnClass did not find required class 'org.springframework.integration.config.EnableIntegration' (OnClassCondition)

   JCacheCacheConfiguration:
      Did not match:
         - @ConditionalOnClass did not find required class 'javax.cache.Caching' (OnClassCondition)

   JacksonHttpMessageConvertersConfiguration.MappingJackson2XmlHttpMessageConverterConfiguration:
      Did not match:
         - @ConditionalOnClass did not find required class 'com.fasterxml.jackson.dataformat.xml.XmlMapper' (OnClassCondition)

   JdbcRepositoriesAutoConfiguration:
      Did not match:
         - @ConditionalOnClass did not find required class 'org.springframework.data.jdbc.repository.config.AbstractJdbcConfiguration' (OnClassCondition)

   JerseyAutoConfiguration:
      Did not match:
         - @ConditionalOnClass did not find required class 'org.glassfish.jersey.server.spring.SpringComponentProvider' (OnClassCondition)

   JmsAutoConfiguration:
      Did not match:
         - @ConditionalOnClass did not find required class 'jakarta.jms.Message' (OnClassCondition)

   JmxAutoConfiguration:
      Did not match:
         - @ConditionalOnProperty (spring.jmx.enabled=true) found different value in property 'enabled' (OnPropertyCondition)
      Matched:
         - @ConditionalOnClass found required class 'org.springframework.jmx.export.MBeanExporter' (OnClassCondition)

   JndiConnectionFactoryAutoConfiguration:
      Did not match:
         - @ConditionalOnClass did not find required class 'org.springframework.jms.core.JmsTemplate' (OnClassCondition)

   JndiDataSourceAutoConfiguration:
      Did not match:
         - @ConditionalOnProperty (spring.datasource.jndi-name) did not find property 'jndi-name' (OnPropertyCondition)
      Matched:
         - @ConditionalOnClass found required classes 'javax.sql.DataSource', 'org.springframework.jdbc.datasource.embedded.EmbeddedDatabaseType' (OnClassCondition)

   JndiJtaConfiguration:
      Did not match:
         - @ConditionalOnJndi JNDI environment is not available (OnJndiCondition)
      Matched:
         - @ConditionalOnClass found required class 'org.springframework.transaction.jta.JtaTransactionManager' (OnClassCondition)

   JooqAutoConfiguration:
      Did not match:
         - @ConditionalOnClass did not find required class 'org.jooq.DSLContext' (OnClassCondition)

   JpaRepositoriesAutoConfiguration#entityManagerFactoryBootstrapExecutorCustomizer:
      Did not match:
         - AnyNestedCondition 0 matched 2 did not; NestedCondition on JpaRepositoriesAutoConfiguration.BootstrapExecutorCondition.LazyBootstrapMode @ConditionalOnProperty (spring.data.jpa.repositories.bootstrap-mode=lazy) did not find property 'bootstrap-mode'; NestedCondition on JpaRepositoriesAutoConfiguration.BootstrapExecutorCondition.DeferredBootstrapMode @ConditionalOnProperty (spring.data.jpa.repositories.bootstrap-mode=deferred) did not find property 'bootstrap-mode' (JpaRepositoriesAutoConfiguration.BootstrapExecutorCondition)

   JsonbAutoConfiguration:
      Did not match:
         - @ConditionalOnClass did not find required class 'jakarta.json.bind.Jsonb' (OnClassCondition)

   JsonbHttpMessageConvertersConfiguration:
      Did not match:
         - @ConditionalOnClass did not find required class 'jakarta.json.bind.Jsonb' (OnClassCondition)

   KafkaAutoConfiguration:
      Did not match:
         - @ConditionalOnClass did not find required class 'org.springframework.kafka.core.KafkaTemplate' (OnClassCondition)

   LdapAutoConfiguration:
      Did not match:
         - @ConditionalOnClass did not find required class 'org.springframework.ldap.core.ContextSource' (OnClassCondition)

   LdapRepositoriesAutoConfiguration:
      Did not match:
         - @ConditionalOnClass did not find required class 'org.springframework.data.ldap.repository.LdapRepository' (OnClassCondition)

   LiquibaseAutoConfiguration:
      Did not match:
         - @ConditionalOnClass did not find required class 'liquibase.change.DatabaseChange' (OnClassCondition)

   MailSenderAutoConfiguration:
      Did not match:
         - AnyNestedCondition 0 matched 2 did not; NestedCondition on MailSenderAutoConfiguration.MailSenderCondition.JndiNameProperty @ConditionalOnProperty (spring.mail.jndi-name) did not find property 'jndi-name'; NestedCondition on MailSenderAutoConfiguration.MailSenderCondition.HostProperty @ConditionalOnProperty (spring.mail.host) did not find property 'host' (MailSenderAutoConfiguration.MailSenderCondition)
      Matched:
         - @ConditionalOnClass found required classes 'jakarta.mail.internet.MimeMessage', 'jakarta.activation.MimeType', 'org.springframework.mail.MailSender' (OnClassCondition)

   MailSenderValidatorAutoConfiguration:
      Did not match:
         - @ConditionalOnProperty (spring.mail.test-connection) did not find property 'test-connection' (OnPropertyCondition)

   MessageSourceAutoConfiguration:
      Did not match:
         - ResourceBundle did not find bundle with basename messages (MessageSourceAutoConfiguration.ResourceBundleCondition)

   MongoAutoConfiguration:
      Did not match:
         - @ConditionalOnClass did not find required class 'com.mongodb.client.MongoClient' (OnClassCondition)

   MongoDataAutoConfiguration:
      Did not match:
         - @ConditionalOnClass did not find required class 'com.mongodb.client.MongoClient' (OnClassCondition)

   MongoReactiveAutoConfiguration:
      Did not match:
         - @ConditionalOnClass did not find required class 'com.mongodb.reactivestreams.client.MongoClient' (OnClassCondition)

   MongoReactiveDataAutoConfiguration:
      Did not match:
         - @ConditionalOnClass did not find required class 'com.mongodb.reactivestreams.client.MongoClient' (OnClassCondition)

   MongoReactiveRepositoriesAutoConfiguration:
      Did not match:
         - @ConditionalOnClass did not find required class 'com.mongodb.reactivestreams.client.MongoClient' (OnClassCondition)

   MongoRepositoriesAutoConfiguration:
      Did not match:
         - @ConditionalOnClass did not find required class 'com.mongodb.client.MongoClient' (OnClassCondition)

   MustacheAutoConfiguration:
      Did not match:
         - @ConditionalOnClass did not find required class 'com.samskivert.mustache.Mustache' (OnClassCondition)

   Neo4jAutoConfiguration:
      Did not match:
         - @ConditionalOnClass did not find required class 'org.neo4j.driver.Driver' (OnClassCondition)

   Neo4jDataAutoConfiguration:
      Did not match:
         - @ConditionalOnClass did not find required class 'org.neo4j.driver.Driver' (OnClassCondition)

   Neo4jReactiveDataAutoConfiguration:
      Did not match:
         - @ConditionalOnClass did not find required class 'org.neo4j.driver.Driver' (OnClassCondition)

   Neo4jReactiveRepositoriesAutoConfiguration:
      Did not match:
         - @ConditionalOnClass did not find required class 'org.neo4j.driver.Driver' (OnClassCondition)

   Neo4jRepositoriesAutoConfiguration:
      Did not match:
         - @ConditionalOnClass did not find required class 'org.neo4j.driver.Driver' (OnClassCondition)

   NettyAutoConfiguration:
      Did not match:
         - @ConditionalOnClass did not find required class 'io.netty.util.NettyRuntime' (OnClassCondition)

   OAuth2AuthorizationServerAutoConfiguration:
      Did not match:
         - @ConditionalOnClass did not find required class 'org.springframework.security.oauth2.server.authorization.OAuth2Authorization' (OnClassCondition)

   OAuth2AuthorizationServerJwtAutoConfiguration:
      Did not match:
         - @ConditionalOnClass did not find required class 'org.springframework.security.oauth2.server.authorization.OAuth2Authorization' (OnClassCondition)

   OAuth2ClientAutoConfiguration:
      Did not match:
         - @ConditionalOnClass did not find required class 'org.springframework.security.config.annotation.web.configuration.EnableWebSecurity' (OnClassCondition)

   OAuth2ResourceServerAutoConfiguration:
      Did not match:
         - @ConditionalOnClass did not find required class 'org.springframework.security.oauth2.server.resource.authentication.BearerTokenAuthenticationToken' (OnClassCondition)

   ProjectInfoAutoConfiguration#buildProperties:
      Did not match:
         - @ConditionalOnResource did not find resource '${spring.info.build.location:classpath:META-INF/build-info.properties}' (OnResourceCondition)

   ProjectInfoAutoConfiguration#gitProperties:
      Did not match:
         - GitResource did not find git info at classpath:git.properties (ProjectInfoAutoConfiguration.GitResourceAvailableCondition)

   PulsarAutoConfiguration:
      Did not match:
         - @ConditionalOnClass did not find required class 'org.apache.pulsar.client.api.PulsarClient' (OnClassCondition)

   PulsarReactiveAutoConfiguration:
      Did not match:
         - @ConditionalOnClass did not find required class 'org.apache.pulsar.client.api.PulsarClient' (OnClassCondition)

   QuartzAutoConfiguration:
      Did not match:
         - @ConditionalOnClass did not find required class 'org.quartz.Scheduler' (OnClassCondition)

   R2dbcAutoConfiguration:
      Did not match:
         - @ConditionalOnClass did not find required class 'io.r2dbc.spi.ConnectionFactory' (OnClassCondition)

   R2dbcDataAutoConfiguration:
      Did not match:
         - @ConditionalOnClass did not find required class 'org.springframework.data.r2dbc.core.R2dbcEntityTemplate' (OnClassCondition)

   R2dbcProxyAutoConfiguration:
      Did not match:
         - @ConditionalOnClass did not find required class 'io.r2dbc.proxy.ProxyConnectionFactory' (OnClassCondition)

   R2dbcRepositoriesAutoConfiguration:
      Did not match:
         - @ConditionalOnClass did not find required class 'io.r2dbc.spi.ConnectionFactory' (OnClassCondition)

   R2dbcTransactionManagerAutoConfiguration:
      Did not match:
         - @ConditionalOnClass did not find required class 'org.springframework.r2dbc.connection.R2dbcTransactionManager' (OnClassCondition)

   RSocketGraphQlClientAutoConfiguration:
      Did not match:
         - @ConditionalOnClass did not find required class 'graphql.GraphQL' (OnClassCondition)

   RSocketMessagingAutoConfiguration:
      Did not match:
         - @ConditionalOnClass did not find required class 'io.rsocket.RSocket' (OnClassCondition)

   RSocketRequesterAutoConfiguration:
      Did not match:
         - @ConditionalOnClass did not find required class 'io.rsocket.RSocket' (OnClassCondition)

   RSocketSecurityAutoConfiguration:
      Did not match:
         - @ConditionalOnClass did not find required class 'org.springframework.security.rsocket.core.SecuritySocketAcceptorInterceptor' (OnClassCondition)

   RSocketServerAutoConfiguration:
      Did not match:
         - @ConditionalOnClass did not find required class 'io.rsocket.core.RSocketServer' (OnClassCondition)

   RSocketStrategiesAutoConfiguration:
      Did not match:
         - @ConditionalOnClass did not find required class 'io.netty.buffer.PooledByteBufAllocator' (OnClassCondition)

   RabbitAutoConfiguration:
      Did not match:
         - @ConditionalOnClass did not find required class 'com.rabbitmq.client.Channel' (OnClassCondition)

   ReactiveElasticsearchClientAutoConfiguration:
      Did not match:
         - @ConditionalOnClass did not find required class 'co.elastic.clients.transport.ElasticsearchTransport' (OnClassCondition)

   ReactiveElasticsearchRepositoriesAutoConfiguration:
      Did not match:
         - @ConditionalOnClass did not find required class 'reactor.core.publisher.Mono' (OnClassCondition)

   ReactiveMultipartAutoConfiguration:
      Did not match:
         - @ConditionalOnClass did not find required class 'org.springframework.web.reactive.config.WebFluxConfigurer' (OnClassCondition)

   ReactiveOAuth2ClientAutoConfiguration:
      Did not match:
         - @ConditionalOnClass did not find required class 'reactor.core.publisher.Flux' (OnClassCondition)

   ReactiveOAuth2ResourceServerAutoConfiguration:
      Did not match:
         - @ConditionalOnClass did not find required class 'org.springframework.security.config.annotation.web.reactive.EnableWebFluxSecurity' (OnClassCondition)

   ReactiveSecurityAutoConfiguration:
      Did not match:
         - @ConditionalOnClass did not find required class 'reactor.core.publisher.Flux' (OnClassCondition)

   ReactiveUserDetailsServiceAutoConfiguration:
      Did not match:
         - @ConditionalOnClass did not find required class 'org.springframework.security.authentication.ReactiveAuthenticationManager' (OnClassCondition)

   ReactiveWebServerFactoryAutoConfiguration:
      Did not match:
         - @ConditionalOnWebApplication did not find reactive web application classes (OnWebApplicationCondition)

   ReactorAutoConfiguration:
      Did not match:
         - @ConditionalOnClass did not find required class 'reactor.core.publisher.Hooks' (OnClassCondition)

   RedisAutoConfiguration:
      Did not match:
         - @ConditionalOnClass did not find required class 'org.springframework.data.redis.core.RedisOperations' (OnClassCondition)

   RedisCacheConfiguration:
      Did not match:
         - @ConditionalOnClass did not find required class 'org.springframework.data.redis.connection.RedisConnectionFactory' (OnClassCondition)

   RedisReactiveAutoConfiguration:
      Did not match:
         - @ConditionalOnClass did not find required class 'reactor.core.publisher.Flux' (OnClassCondition)

   RedisRepositoriesAutoConfiguration:
      Did not match:
         - @ConditionalOnClass did not find required class 'org.springframework.data.redis.repository.configuration.EnableRedisRepositories' (OnClassCondition)

   RepositoryRestMvcAutoConfiguration:
      Did not match:
         - @ConditionalOnClass did not find required class 'org.springframework.data.rest.webmvc.config.RepositoryRestMvcConfiguration' (OnClassCondition)

   Saml2RelyingPartyAutoConfiguration:
      Did not match:
         - @ConditionalOnClass did not find required class 'org.springframework.security.saml2.provider.service.registration.RelyingPartyRegistrationRepository' (OnClassCondition)

   SecurityAutoConfiguration:
      Did not match:
         - @ConditionalOnClass did not find required class 'org.springframework.security.authentication.DefaultAuthenticationEventPublisher' (OnClassCondition)

   SecurityFilterAutoConfiguration:
      Did not match:
         - @ConditionalOnClass did not find required class 'org.springframework.security.config.http.SessionCreationPolicy' (OnClassCondition)

   SendGridAutoConfiguration:
      Did not match:
         - @ConditionalOnClass did not find required class 'com.sendgrid.SendGrid' (OnClassCondition)

   ServletWebServerFactoryAutoConfiguration.ForwardedHeaderFilterConfiguration:
      Did not match:
         - @ConditionalOnProperty (server.forward-headers-strategy=framework) did not find property 'server.forward-headers-strategy' (OnPropertyCondition)

   ServletWebServerFactoryConfiguration.EmbeddedJetty:
      Did not match:
         - @ConditionalOnClass did not find required classes 'org.eclipse.jetty.server.Server', 'org.eclipse.jetty.util.Loader', 'org.eclipse.jetty.ee10.webapp.WebAppContext' (OnClassCondition)

   ServletWebServerFactoryConfiguration.EmbeddedUndertow:
      Did not match:
         - @ConditionalOnClass did not find required classes 'io.undertow.Undertow', 'org.xnio.SslClientAuthMode' (OnClassCondition)

   SessionAutoConfiguration:
      Did not match:
         - @ConditionalOnClass did not find required class 'org.springframework.session.Session' (OnClassCondition)

   SpringApplicationAdminJmxAutoConfiguration:
      Did not match:
         - @ConditionalOnProperty (spring.application.admin.enabled=true) did not find property 'enabled' (OnPropertyCondition)

   SqlInitializationAutoConfiguration:
      Did not match:
         - NoneNestedConditions 1 matched 0 did not; NestedCondition on SqlInitializationAutoConfiguration.SqlInitializationModeCondition.ModeIsNever @ConditionalOnProperty (spring.sql.init.mode=never) matched (SqlInitializationAutoConfiguration.SqlInitializationModeCondition)
      Matched:
         - @ConditionalOnProperty (spring.sql.init.enabled) matched (OnPropertyCondition)

   TaskExecutorConfigurations.SimpleAsyncTaskExecutorBuilderConfiguration#simpleAsyncTaskExecutorBuilderVirtualThreads:
      Did not match:
         - @ConditionalOnMissingBean (types: org.springframework.boot.task.SimpleAsyncTaskExecutorBuilder; SearchStrategy: all) found beans of type 'org.springframework.boot.task.SimpleAsyncTaskExecutorBuilder' simpleAsyncTaskExecutorBuilder (OnBeanCondition)

   TaskExecutorConfigurations.TaskExecutorConfiguration#applicationTaskExecutorVirtualThreads:
      Did not match:
         - @ConditionalOnThreading did not find VIRTUAL (OnThreadingCondition)

   TaskSchedulingAutoConfiguration#scheduledBeanLazyInitializationExcludeFilter:
      Did not match:
         - @ConditionalOnBean (names: org.springframework.context.annotation.internalScheduledAnnotationProcessor; SearchStrategy: all) did not find any beans named org.springframework.context.annotation.internalScheduledAnnotationProcessor (OnBeanCondition)

   TaskSchedulingConfigurations.SimpleAsyncTaskSchedulerBuilderConfiguration#simpleAsyncTaskSchedulerBuilderVirtualThreads:
      Did not match:
         - @ConditionalOnMissingBean (types: org.springframework.boot.task.SimpleAsyncTaskSchedulerBuilder; SearchStrategy: all) found beans of type 'org.springframework.boot.task.SimpleAsyncTaskSchedulerBuilder' simpleAsyncTaskSchedulerBuilder (OnBeanCondition)

   TaskSchedulingConfigurations.TaskSchedulerConfiguration:
      Did not match:
         - @ConditionalOnBean (names: org.springframework.context.annotation.internalScheduledAnnotationProcessor; SearchStrategy: all) did not find any beans named org.springframework.context.annotation.internalScheduledAnnotationProcessor (OnBeanCondition)

   ThymeleafAutoConfiguration:
      Did not match:
         - @ConditionalOnClass did not find required class 'org.thymeleaf.spring6.SpringTemplateEngine' (OnClassCondition)

   TransactionAutoConfiguration#transactionalOperator:
      Did not match:
         - @ConditionalOnSingleCandidate (types: org.springframework.transaction.ReactiveTransactionManager; SearchStrategy: all) did not find any beans (OnBeanCondition)

   TransactionAutoConfiguration.AspectJTransactionManagementConfiguration:
      Did not match:
         - @ConditionalOnBean (types: org.springframework.transaction.aspectj.AbstractTransactionAspect; SearchStrategy: all) did not find any beans of type org.springframework.transaction.aspectj.AbstractTransactionAspect (OnBeanCondition)

   TransactionAutoConfiguration.EnableTransactionManagementConfiguration.JdkDynamicAutoProxyConfiguration:
      Did not match:
         - @ConditionalOnProperty (spring.aop.proxy-target-class=false) did not find property 'proxy-target-class' (OnPropertyCondition)

   UserDetailsServiceAutoConfiguration:
      Did not match:
         - @ConditionalOnClass did not find required class 'org.springframework.security.authentication.AuthenticationManager' (OnClassCondition)

   WebClientAutoConfiguration:
      Did not match:
         - @ConditionalOnClass did not find required class 'org.springframework.web.reactive.function.client.WebClient' (OnClassCondition)

   WebFluxAutoConfiguration:
      Did not match:
         - @ConditionalOnClass did not find required class 'org.springframework.web.reactive.config.WebFluxConfigurer' (OnClassCondition)

   WebMvcAutoConfiguration#hiddenHttpMethodFilter:
      Did not match:
         - @ConditionalOnProperty (spring.mvc.hiddenmethod.filter.enabled) did not find property 'enabled' (OnPropertyCondition)

   WebMvcAutoConfiguration.ProblemDetailsErrorHandlingConfiguration:
      Did not match:
         - @ConditionalOnProperty (spring.mvc.problemdetails.enabled=true) did not find property 'enabled' (OnPropertyCondition)

   WebMvcAutoConfiguration.ResourceChainCustomizerConfiguration:
      Did not match:
         - @ConditionalOnEnabledResourceChain did not find class org.webjars.WebJarVersionLocator (OnEnabledResourceChainCondition)

   WebMvcAutoConfiguration.WebMvcAutoConfigurationAdapter#beanNameViewResolver:
      Did not match:
         - @ConditionalOnMissingBean (types: org.springframework.web.servlet.view.BeanNameViewResolver; SearchStrategy: all) found beans of type 'org.springframework.web.servlet.view.BeanNameViewResolver' beanNameViewResolver (OnBeanCondition)

   WebServiceTemplateAutoConfiguration:
      Did not match:
         - @ConditionalOnClass did not find required class 'org.springframework.oxm.Marshaller' (OnClassCondition)

   WebServicesAutoConfiguration:
      Did not match:
         - @ConditionalOnClass did not find required class 'org.springframework.ws.transport.http.MessageDispatcherServlet' (OnClassCondition)

   WebSessionIdResolverAutoConfiguration:
      Did not match:
         - @ConditionalOnClass did not find required class 'reactor.core.publisher.Mono' (OnClassCondition)

   WebSocketMessagingAutoConfiguration:
      Did not match:
         - @ConditionalOnClass did not find required class 'org.springframework.web.socket.config.annotation.WebSocketMessageBrokerConfigurer' (OnClassCondition)

   WebSocketReactiveAutoConfiguration:
      Did not match:
         - @ConditionalOnWebApplication did not find reactive web application classes (OnWebApplicationCondition)

   WebSocketServletAutoConfiguration.JettyWebSocketConfiguration:
      Did not match:
         - @ConditionalOnClass did not find required class 'org.eclipse.jetty.ee10.websocket.jakarta.server.config.JakartaWebSocketServletContainerInitializer' (OnClassCondition)

   WebSocketServletAutoConfiguration.UndertowWebSocketConfiguration:
      Did not match:
         - @ConditionalOnClass did not find required class 'io.undertow.websockets.jsr.Bootstrap' (OnClassCondition)

   XADataSourceAutoConfiguration:
      Did not match:
         - @ConditionalOnBean (types: org.springframework.boot.jdbc.XADataSourceWrapper; SearchStrategy: all) did not find any beans of type org.springframework.boot.jdbc.XADataSourceWrapper (OnBeanCondition)
      Matched:
         - @ConditionalOnClass found required classes 'javax.sql.DataSource', 'jakarta.transaction.TransactionManager', 'org.springframework.jdbc.datasource.embedded.EmbeddedDatabaseType' (OnClassCondition)


Exclusions:
-----------

    None


Unconditional classes:
----------------------

    org.springframework.boot.autoconfigure.context.ConfigurationPropertiesAutoConfiguration

    org.springframework.boot.autoconfigure.ssl.SslAutoConfiguration

    org.springframework.boot.autoconfigure.context.LifecycleAutoConfiguration

    org.springframework.boot.autoconfigure.context.PropertyPlaceholderAutoConfiguration

    org.springframework.boot.autoconfigure.availability.ApplicationAvailabilityAutoConfiguration

    org.springframework.boot.autoconfigure.info.ProjectInfoAutoConfiguration



2026-09-26T14:50:11.314+05:30 DEBUG 63072 --- [           main] o.s.b.a.ApplicationAvailabilityBean      : Application availability state LivenessState changed to CORRECT
2026-09-26T14:50:11.316+05:30 DEBUG 63072 --- [           main] o.s.b.a.ApplicationAvailabilityBean      : Application availability state ReadinessState changed to ACCEPTING_TRAFFIC
2026-09-26T14:50:11.335+05:30 DEBUG 63072 --- [           main] org.hibernate.SQL                        : insert into orders (contact_phone,delivery_address,delivery_fee,last_updated,latitude,longitude,order_date,restaurant_id,status,subtotal,tax,total_amount,user_id,order_id) values (?,?,?,?,?,?,?,?,?,?,?,?,?,default)
2026-09-26T14:50:11.354+05:30 DEBUG 63072 --- [           main] org.hibernate.SQL                        : insert into order_items (item_name,menu_item_id,quantity,total_price,unit_price,id) values (?,?,?,?,?,default)
2026-09-26T14:50:11.358+05:30 DEBUG 63072 --- [           main] org.hibernate.SQL                        : update order_items set order_id=? where id=?
2026-09-26T14:50:11.361+05:30 DEBUG 63072 --- [           main] org.hibernate.SQL                        : insert into orders (contact_phone,delivery_address,delivery_fee,last_updated,latitude,longitude,order_date,restaurant_id,status,subtotal,tax,total_amount,user_id,order_id) values (?,?,?,?,?,?,?,?,?,?,?,?,?,default)
2026-09-26T14:50:11.361+05:30 DEBUG 63072 --- [           main] org.hibernate.SQL                        : insert into order_items (item_name,menu_item_id,quantity,total_price,unit_price,id) values (?,?,?,?,?,default)
2026-09-26T14:50:11.362+05:30 DEBUG 63072 --- [           main] org.hibernate.SQL                        : update order_items set order_id=? where id=?
2026-09-26T14:50:11.362+05:30 DEBUG 63072 --- [           main] org.hibernate.SQL                        : insert into orders (contact_phone,delivery_address,delivery_fee,last_updated,latitude,longitude,order_date,restaurant_id,status,subtotal,tax,total_amount,user_id,order_id) values (?,?,?,?,?,?,?,?,?,?,?,?,?,default)
2026-09-26T14:50:11.363+05:30 DEBUG 63072 --- [           main] org.hibernate.SQL                        : insert into order_items (item_name,menu_item_id,quantity,total_price,unit_price,id) values (?,?,?,?,?,default)
2026-09-26T14:50:11.363+05:30 DEBUG 63072 --- [           main] org.hibernate.SQL                        : update order_items set order_id=? where id=?
2026-09-26T14:50:11.364+05:30 DEBUG 63072 --- [           main] org.hibernate.SQL                        : insert into orders (contact_phone,delivery_address,delivery_fee,last_updated,latitude,longitude,order_date,restaurant_id,status,subtotal,tax,total_amount,user_id,order_id) values (?,?,?,?,?,?,?,?,?,?,?,?,?,default)
2026-09-26T14:50:11.364+05:30 DEBUG 63072 --- [           main] org.hibernate.SQL                        : insert into order_items (item_name,menu_item_id,quantity,total_price,unit_price,id) values (?,?,?,?,?,default)
2026-09-26T14:50:11.365+05:30 DEBUG 63072 --- [           main] org.hibernate.SQL                        : update order_items set order_id=? where id=?
2026-09-26T14:50:11.365+05:30 DEBUG 63072 --- [           main] org.hibernate.SQL                        : insert into orders (contact_phone,delivery_address,delivery_fee,last_updated,latitude,longitude,order_date,restaurant_id,status,subtotal,tax,total_amount,user_id,order_id) values (?,?,?,?,?,?,?,?,?,?,?,?,?,default)
2026-09-26T14:50:11.366+05:30 DEBUG 63072 --- [           main] org.hibernate.SQL                        : insert into order_items (item_name,menu_item_id,quantity,total_price,unit_price,id) values (?,?,?,?,?,default)
2026-09-26T14:50:11.366+05:30 DEBUG 63072 --- [           main] org.hibernate.SQL                        : update order_items set order_id=? where id=?
2026-09-26T14:50:11.367+05:30 DEBUG 63072 --- [           main] org.hibernate.SQL                        : insert into orders (contact_phone,delivery_address,delivery_fee,last_updated,latitude,longitude,order_date,restaurant_id,status,subtotal,tax,total_amount,user_id,order_id) values (?,?,?,?,?,?,?,?,?,?,?,?,?,default)
2026-09-26T14:50:11.367+05:30 DEBUG 63072 --- [           main] org.hibernate.SQL                        : insert into order_items (item_name,menu_item_id,quantity,total_price,unit_price,id) values (?,?,?,?,?,default)
2026-09-26T14:50:11.367+05:30 DEBUG 63072 --- [           main] org.hibernate.SQL                        : update order_items set order_id=? where id=?
2026-09-26T14:50:11.368+05:30 DEBUG 63072 --- [           main] org.hibernate.SQL                        : insert into orders (contact_phone,delivery_address,delivery_fee,last_updated,latitude,longitude,order_date,restaurant_id,status,subtotal,tax,total_amount,user_id,order_id) values (?,?,?,?,?,?,?,?,?,?,?,?,?,default)
2026-09-26T14:50:11.368+05:30 DEBUG 63072 --- [           main] org.hibernate.SQL                        : insert into order_items (item_name,menu_item_id,quantity,total_price,unit_price,id) values (?,?,?,?,?,default)
2026-09-26T14:50:11.369+05:30 DEBUG 63072 --- [           main] org.hibernate.SQL                        : update order_items set order_id=? where id=?
2026-09-26T14:50:11.369+05:30 DEBUG 63072 --- [           main] org.hibernate.SQL                        : insert into orders (contact_phone,delivery_address,delivery_fee,last_updated,latitude,longitude,order_date,restaurant_id,status,subtotal,tax,total_amount,user_id,order_id) values (?,?,?,?,?,?,?,?,?,?,?,?,?,default)
2026-09-26T14:50:11.370+05:30 DEBUG 63072 --- [           main] org.hibernate.SQL                        : insert into order_items (item_name,menu_item_id,quantity,total_price,unit_price,id) values (?,?,?,?,?,default)
2026-09-26T14:50:11.370+05:30 DEBUG 63072 --- [           main] org.hibernate.SQL                        : update order_items set order_id=? where id=?
2026-09-26T14:50:11.371+05:30 DEBUG 63072 --- [           main] org.hibernate.SQL                        : insert into orders (contact_phone,delivery_address,delivery_fee,last_updated,latitude,longitude,order_date,restaurant_id,status,subtotal,tax,total_amount,user_id,order_id) values (?,?,?,?,?,?,?,?,?,?,?,?,?,default)
2026-09-26T14:50:11.371+05:30 DEBUG 63072 --- [           main] org.hibernate.SQL                        : insert into order_items (item_name,menu_item_id,quantity,total_price,unit_price,id) values (?,?,?,?,?,default)
2026-09-26T14:50:11.371+05:30 DEBUG 63072 --- [           main] org.hibernate.SQL                        : update order_items set order_id=? where id=?
2026-09-26T14:50:11.372+05:30 DEBUG 63072 --- [           main] org.hibernate.SQL                        : insert into orders (contact_phone,delivery_address,delivery_fee,last_updated,latitude,longitude,order_date,restaurant_id,status,subtotal,tax,total_amount,user_id,order_id) values (?,?,?,?,?,?,?,?,?,?,?,?,?,default)
2026-09-26T14:50:11.372+05:30 DEBUG 63072 --- [           main] org.hibernate.SQL                        : insert into order_items (item_name,menu_item_id,quantity,total_price,unit_price,id) values (?,?,?,?,?,default)
2026-09-26T14:50:11.372+05:30 DEBUG 63072 --- [           main] org.hibernate.SQL                        : update order_items set order_id=? where id=?
2026-09-26T14:50:11.373+05:30 DEBUG 63072 --- [           main] org.hibernate.SQL                        : insert into orders (contact_phone,delivery_address,delivery_fee,last_updated,latitude,longitude,order_date,restaurant_id,status,subtotal,tax,total_amount,user_id,order_id) values (?,?,?,?,?,?,?,?,?,?,?,?,?,default)
2026-09-26T14:50:11.373+05:30 DEBUG 63072 --- [           main] org.hibernate.SQL                        : insert into order_items (item_name,menu_item_id,quantity,total_price,unit_price,id) values (?,?,?,?,?,default)
2026-09-26T14:50:11.374+05:30 DEBUG 63072 --- [           main] org.hibernate.SQL                        : update order_items set order_id=? where id=?
2026-09-26T14:50:11.374+05:30 DEBUG 63072 --- [           main] org.hibernate.SQL                        : insert into orders (contact_phone,delivery_address,delivery_fee,last_updated,latitude,longitude,order_date,restaurant_id,status,subtotal,tax,total_amount,user_id,order_id) values (?,?,?,?,?,?,?,?,?,?,?,?,?,default)
2026-09-26T14:50:11.375+05:30 DEBUG 63072 --- [           main] org.hibernate.SQL                        : insert into order_items (item_name,menu_item_id,quantity,total_price,unit_price,id) values (?,?,?,?,?,default)
2026-09-26T14:50:11.375+05:30 DEBUG 63072 --- [           main] org.hibernate.SQL                        : update order_items set order_id=? where id=?
2026-09-26T14:50:11.375+05:30 DEBUG 63072 --- [           main] org.hibernate.SQL                        : insert into orders (contact_phone,delivery_address,delivery_fee,last_updated,latitude,longitude,order_date,restaurant_id,status,subtotal,tax,total_amount,user_id,order_id) values (?,?,?,?,?,?,?,?,?,?,?,?,?,default)
2026-09-26T14:50:11.376+05:30 DEBUG 63072 --- [           main] org.hibernate.SQL                        : insert into order_items (item_name,menu_item_id,quantity,total_price,unit_price,id) values (?,?,?,?,?,default)
2026-09-26T14:50:11.376+05:30 DEBUG 63072 --- [           main] org.hibernate.SQL                        : update order_items set order_id=? where id=?
2026-09-26T14:50:11.377+05:30 DEBUG 63072 --- [           main] org.hibernate.SQL                        : insert into orders (contact_phone,delivery_address,delivery_fee,last_updated,latitude,longitude,order_date,restaurant_id,status,subtotal,tax,total_amount,user_id,order_id) values (?,?,?,?,?,?,?,?,?,?,?,?,?,default)
2026-09-26T14:50:11.377+05:30 DEBUG 63072 --- [           main] org.hibernate.SQL                        : insert into order_items (item_name,menu_item_id,quantity,total_price,unit_price,id) values (?,?,?,?,?,default)
2026-09-26T14:50:11.377+05:30 DEBUG 63072 --- [           main] org.hibernate.SQL                        : update order_items set order_id=? where id=?
2026-09-26T14:50:11.378+05:30 DEBUG 63072 --- [           main] org.hibernate.SQL                        : insert into orders (contact_phone,delivery_address,delivery_fee,last_updated,latitude,longitude,order_date,restaurant_id,status,subtotal,tax,total_amount,user_id,order_id) values (?,?,?,?,?,?,?,?,?,?,?,?,?,default)
2026-09-26T14:50:11.378+05:30 DEBUG 63072 --- [           main] org.hibernate.SQL                        : insert into order_items (item_name,menu_item_id,quantity,total_price,unit_price,id) values (?,?,?,?,?,default)
2026-09-26T14:50:11.378+05:30 DEBUG 63072 --- [           main] org.hibernate.SQL                        : update order_items set order_id=? where id=?
2026-09-26T14:50:11.379+05:30 DEBUG 63072 --- [           main] org.hibernate.SQL                        : insert into orders (contact_phone,delivery_address,delivery_fee,last_updated,latitude,longitude,order_date,restaurant_id,status,subtotal,tax,total_amount,user_id,order_id) values (?,?,?,?,?,?,?,?,?,?,?,?,?,default)
2026-09-26T14:50:11.379+05:30 DEBUG 63072 --- [           main] org.hibernate.SQL                        : insert into order_items (item_name,menu_item_id,quantity,total_price,unit_price,id) values (?,?,?,?,?,default)
2026-09-26T14:50:11.380+05:30 DEBUG 63072 --- [           main] org.hibernate.SQL                        : update order_items set order_id=? where id=?
2026-09-26T14:50:11.380+05:30 DEBUG 63072 --- [           main] org.hibernate.SQL                        : insert into orders (contact_phone,delivery_address,delivery_fee,last_updated,latitude,longitude,order_date,restaurant_id,status,subtotal,tax,total_amount,user_id,order_id) values (?,?,?,?,?,?,?,?,?,?,?,?,?,default)
2026-09-26T14:50:11.381+05:30 DEBUG 63072 --- [           main] org.hibernate.SQL                        : insert into order_items (item_name,menu_item_id,quantity,total_price,unit_price,id) values (?,?,?,?,?,default)
2026-09-26T14:50:11.381+05:30 DEBUG 63072 --- [           main] org.hibernate.SQL                        : update order_items set order_id=? where id=?
2026-09-26T14:50:11.382+05:30 DEBUG 63072 --- [           main] org.hibernate.SQL                        : insert into orders (contact_phone,delivery_address,delivery_fee,last_updated,latitude,longitude,order_date,restaurant_id,status,subtotal,tax,total_amount,user_id,order_id) values (?,?,?,?,?,?,?,?,?,?,?,?,?,default)
2026-09-26T14:50:11.382+05:30 DEBUG 63072 --- [           main] org.hibernate.SQL                        : insert into order_items (item_name,menu_item_id,quantity,total_price,unit_price,id) values (?,?,?,?,?,default)
2026-09-26T14:50:11.382+05:30 DEBUG 63072 --- [           main] org.hibernate.SQL                        : update order_items set order_id=? where id=?
2026-09-26T14:50:11.383+05:30 DEBUG 63072 --- [           main] org.hibernate.SQL                        : insert into orders (contact_phone,delivery_address,delivery_fee,last_updated,latitude,longitude,order_date,restaurant_id,status,subtotal,tax,total_amount,user_id,order_id) values (?,?,?,?,?,?,?,?,?,?,?,?,?,default)
2026-09-26T14:50:11.383+05:30 DEBUG 63072 --- [           main] org.hibernate.SQL                        : insert into order_items (item_name,menu_item_id,quantity,total_price,unit_price,id) values (?,?,?,?,?,default)
2026-09-26T14:50:11.383+05:30 DEBUG 63072 --- [           main] org.hibernate.SQL                        : update order_items set order_id=? where id=?
2026-09-26T14:50:11.384+05:30 DEBUG 63072 --- [           main] org.hibernate.SQL                        : insert into orders (contact_phone,delivery_address,delivery_fee,last_updated,latitude,longitude,order_date,restaurant_id,status,subtotal,tax,total_amount,user_id,order_id) values (?,?,?,?,?,?,?,?,?,?,?,?,?,default)
2026-09-26T14:50:11.384+05:30 DEBUG 63072 --- [           main] org.hibernate.SQL                        : insert into order_items (item_name,menu_item_id,quantity,total_price,unit_price,id) values (?,?,?,?,?,default)
2026-09-26T14:50:11.385+05:30 DEBUG 63072 --- [           main] org.hibernate.SQL                        : update order_items set order_id=? where id=?
2026-09-26T14:50:11.385+05:30 DEBUG 63072 --- [           main] org.hibernate.SQL                        : insert into orders (contact_phone,delivery_address,delivery_fee,last_updated,latitude,longitude,order_date,restaurant_id,status,subtotal,tax,total_amount,user_id,order_id) values (?,?,?,?,?,?,?,?,?,?,?,?,?,default)
2026-09-26T14:50:11.385+05:30 DEBUG 63072 --- [           main] org.hibernate.SQL                        : insert into order_items (item_name,menu_item_id,quantity,total_price,unit_price,id) values (?,?,?,?,?,default)
2026-09-26T14:50:11.386+05:30 DEBUG 63072 --- [           main] org.hibernate.SQL                        : update order_items set order_id=? where id=?
2026-09-26T14:50:11.386+05:30 DEBUG 63072 --- [           main] org.hibernate.SQL                        : insert into orders (contact_phone,delivery_address,delivery_fee,last_updated,latitude,longitude,order_date,restaurant_id,status,subtotal,tax,total_amount,user_id,order_id) values (?,?,?,?,?,?,?,?,?,?,?,?,?,default)
2026-09-26T14:50:11.387+05:30 DEBUG 63072 --- [           main] org.hibernate.SQL                        : insert into order_items (item_name,menu_item_id,quantity,total_price,unit_price,id) values (?,?,?,?,?,default)
2026-09-26T14:50:11.387+05:30 DEBUG 63072 --- [           main] org.hibernate.SQL                        : update order_items set order_id=? where id=?
2026-09-26T14:50:11.387+05:30 DEBUG 63072 --- [           main] org.hibernate.SQL                        : insert into orders (contact_phone,delivery_address,delivery_fee,last_updated,latitude,longitude,order_date,restaurant_id,status,subtotal,tax,total_amount,user_id,order_id) values (?,?,?,?,?,?,?,?,?,?,?,?,?,default)
2026-09-26T14:50:11.388+05:30 DEBUG 63072 --- [           main] org.hibernate.SQL                        : insert into order_items (item_name,menu_item_id,quantity,total_price,unit_price,id) values (?,?,?,?,?,default)
2026-09-26T14:50:11.388+05:30 DEBUG 63072 --- [           main] org.hibernate.SQL                        : update order_items set order_id=? where id=?
2026-09-26T14:50:11.388+05:30 DEBUG 63072 --- [           main] org.hibernate.SQL                        : insert into orders (contact_phone,delivery_address,delivery_fee,last_updated,latitude,longitude,order_date,restaurant_id,status,subtotal,tax,total_amount,user_id,order_id) values (?,?,?,?,?,?,?,?,?,?,?,?,?,default)
2026-09-26T14:50:11.389+05:30 DEBUG 63072 --- [           main] org.hibernate.SQL                        : insert into order_items (item_name,menu_item_id,quantity,total_price,unit_price,id) values (?,?,?,?,?,default)
2026-09-26T14:50:11.389+05:30 DEBUG 63072 --- [           main] org.hibernate.SQL                        : update order_items set order_id=? where id=?
2026-09-26T14:50:11.389+05:30 DEBUG 63072 --- [           main] org.hibernate.SQL                        : insert into orders (contact_phone,delivery_address,delivery_fee,last_updated,latitude,longitude,order_date,restaurant_id,status,subtotal,tax,total_amount,user_id,order_id) values (?,?,?,?,?,?,?,?,?,?,?,?,?,default)
2026-09-26T14:50:11.390+05:30 DEBUG 63072 --- [           main] org.hibernate.SQL                        : insert into order_items (item_name,menu_item_id,quantity,total_price,unit_price,id) values (?,?,?,?,?,default)
2026-09-26T14:50:11.390+05:30 DEBUG 63072 --- [           main] org.hibernate.SQL                        : update order_items set order_id=? where id=?
2026-09-26T14:50:11.391+05:30 DEBUG 63072 --- [           main] org.hibernate.SQL                        : insert into orders (contact_phone,delivery_address,delivery_fee,last_updated,latitude,longitude,order_date,restaurant_id,status,subtotal,tax,total_amount,user_id,order_id) values (?,?,?,?,?,?,?,?,?,?,?,?,?,default)
2026-09-26T14:50:11.391+05:30 DEBUG 63072 --- [           main] org.hibernate.SQL                        : insert into order_items (item_name,menu_item_id,quantity,total_price,unit_price,id) values (?,?,?,?,?,default)
2026-09-26T14:50:11.391+05:30 DEBUG 63072 --- [           main] org.hibernate.SQL                        : update order_items set order_id=? where id=?
2026-09-26T14:50:11.392+05:30 DEBUG 63072 --- [           main] org.hibernate.SQL                        : insert into orders (contact_phone,delivery_address,delivery_fee,last_updated,latitude,longitude,order_date,restaurant_id,status,subtotal,tax,total_amount,user_id,order_id) values (?,?,?,?,?,?,?,?,?,?,?,?,?,default)
2026-09-26T14:50:11.392+05:30 DEBUG 63072 --- [           main] org.hibernate.SQL                        : insert into order_items (item_name,menu_item_id,quantity,total_price,unit_price,id) values (?,?,?,?,?,default)
2026-09-26T14:50:11.393+05:30 DEBUG 63072 --- [           main] org.hibernate.SQL                        : update order_items set order_id=? where id=?
2026-09-26T14:50:11.393+05:30 DEBUG 63072 --- [           main] org.hibernate.SQL                        : insert into orders (contact_phone,delivery_address,delivery_fee,last_updated,latitude,longitude,order_date,restaurant_id,status,subtotal,tax,total_amount,user_id,order_id) values (?,?,?,?,?,?,?,?,?,?,?,?,?,default)
2026-09-26T14:50:11.393+05:30 DEBUG 63072 --- [           main] org.hibernate.SQL                        : insert into order_items (item_name,menu_item_id,quantity,total_price,unit_price,id) values (?,?,?,?,?,default)
2026-09-26T14:50:11.394+05:30 DEBUG 63072 --- [           main] org.hibernate.SQL                        : update order_items set order_id=? where id=?
2026-09-26T14:50:11.394+05:30 DEBUG 63072 --- [           main] org.hibernate.SQL                        : insert into orders (contact_phone,delivery_address,delivery_fee,last_updated,latitude,longitude,order_date,restaurant_id,status,subtotal,tax,total_amount,user_id,order_id) values (?,?,?,?,?,?,?,?,?,?,?,?,?,default)
2026-09-26T14:50:11.394+05:30 DEBUG 63072 --- [           main] org.hibernate.SQL                        : insert into order_items (item_name,menu_item_id,quantity,total_price,unit_price,id) values (?,?,?,?,?,default)
2026-09-26T14:50:11.395+05:30 DEBUG 63072 --- [           main] org.hibernate.SQL                        : update order_items set order_id=? where id=?
2026-09-26T14:50:11.395+05:30 DEBUG 63072 --- [           main] org.hibernate.SQL                        : insert into orders (contact_phone,delivery_address,delivery_fee,last_updated,latitude,longitude,order_date,restaurant_id,status,subtotal,tax,total_amount,user_id,order_id) values (?,?,?,?,?,?,?,?,?,?,?,?,?,default)
2026-09-26T14:50:11.395+05:30 DEBUG 63072 --- [           main] org.hibernate.SQL                        : insert into order_items (item_name,menu_item_id,quantity,total_price,unit_price,id) values (?,?,?,?,?,default)
2026-09-26T14:50:11.396+05:30 DEBUG 63072 --- [           main] org.hibernate.SQL                        : update order_items set order_id=? where id=?
2026-09-26T14:50:11.396+05:30 DEBUG 63072 --- [           main] org.hibernate.SQL                        : insert into orders (contact_phone,delivery_address,delivery_fee,last_updated,latitude,longitude,order_date,restaurant_id,status,subtotal,tax,total_amount,user_id,order_id) values (?,?,?,?,?,?,?,?,?,?,?,?,?,default)
2026-09-26T14:50:11.397+05:30 DEBUG 63072 --- [           main] org.hibernate.SQL                        : insert into order_items (item_name,menu_item_id,quantity,total_price,unit_price,id) values (?,?,?,?,?,default)
2026-09-26T14:50:11.397+05:30 DEBUG 63072 --- [           main] org.hibernate.SQL                        : update order_items set order_id=? where id=?
2026-09-26T14:50:11.397+05:30 DEBUG 63072 --- [           main] org.hibernate.SQL                        : insert into orders (contact_phone,delivery_address,delivery_fee,last_updated,latitude,longitude,order_date,restaurant_id,status,subtotal,tax,total_amount,user_id,order_id) values (?,?,?,?,?,?,?,?,?,?,?,?,?,default)
2026-09-26T14:50:11.398+05:30 DEBUG 63072 --- [           main] org.hibernate.SQL                        : insert into order_items (item_name,menu_item_id,quantity,total_price,unit_price,id) values (?,?,?,?,?,default)
2026-09-26T14:50:11.399+05:30 DEBUG 63072 --- [           main] org.hibernate.SQL                        : update order_items set order_id=? where id=?
2026-09-26T14:50:11.399+05:30 DEBUG 63072 --- [           main] org.hibernate.SQL                        : insert into orders (contact_phone,delivery_address,delivery_fee,last_updated,latitude,longitude,order_date,restaurant_id,status,subtotal,tax,total_amount,user_id,order_id) values (?,?,?,?,?,?,?,?,?,?,?,?,?,default)
2026-09-26T14:50:11.400+05:30 DEBUG 63072 --- [           main] org.hibernate.SQL                        : insert into order_items (item_name,menu_item_id,quantity,total_price,unit_price,id) values (?,?,?,?,?,default)
2026-09-26T14:50:11.400+05:30 DEBUG 63072 --- [           main] org.hibernate.SQL                        : update order_items set order_id=? where id=?
2026-09-26T14:50:11.400+05:30 DEBUG 63072 --- [           main] org.hibernate.SQL                        : insert into orders (contact_phone,delivery_address,delivery_fee,last_updated,latitude,longitude,order_date,restaurant_id,status,subtotal,tax,total_amount,user_id,order_id) values (?,?,?,?,?,?,?,?,?,?,?,?,?,default)
2026-09-26T14:50:11.401+05:30 DEBUG 63072 --- [           main] org.hibernate.SQL                        : insert into order_items (item_name,menu_item_id,quantity,total_price,unit_price,id) values (?,?,?,?,?,default)
2026-09-26T14:50:11.401+05:30 DEBUG 63072 --- [           main] org.hibernate.SQL                        : update order_items set order_id=? where id=?
2026-09-26T14:50:11.402+05:30 DEBUG 63072 --- [           main] org.hibernate.SQL                        : insert into orders (contact_phone,delivery_address,delivery_fee,last_updated,latitude,longitude,order_date,restaurant_id,status,subtotal,tax,total_amount,user_id,order_id) values (?,?,?,?,?,?,?,?,?,?,?,?,?,default)
2026-09-26T14:50:11.402+05:30 DEBUG 63072 --- [           main] org.hibernate.SQL                        : insert into order_items (item_name,menu_item_id,quantity,total_price,unit_price,id) values (?,?,?,?,?,default)
2026-09-26T14:50:11.402+05:30 DEBUG 63072 --- [           main] org.hibernate.SQL                        : update order_items set order_id=? where id=?
2026-09-26T14:50:11.403+05:30 DEBUG 63072 --- [           main] org.hibernate.SQL                        : insert into orders (contact_phone,delivery_address,delivery_fee,last_updated,latitude,longitude,order_date,restaurant_id,status,subtotal,tax,total_amount,user_id,order_id) values (?,?,?,?,?,?,?,?,?,?,?,?,?,default)
2026-09-26T14:50:11.403+05:30 DEBUG 63072 --- [           main] org.hibernate.SQL                        : insert into order_items (item_name,menu_item_id,quantity,total_price,unit_price,id) values (?,?,?,?,?,default)
2026-09-26T14:50:11.403+05:30 DEBUG 63072 --- [           main] org.hibernate.SQL                        : update order_items set order_id=? where id=?
2026-09-26T14:50:11.404+05:30 DEBUG 63072 --- [           main] org.hibernate.SQL                        : insert into orders (contact_phone,delivery_address,delivery_fee,last_updated,latitude,longitude,order_date,restaurant_id,status,subtotal,tax,total_amount,user_id,order_id) values (?,?,?,?,?,?,?,?,?,?,?,?,?,default)
2026-09-26T14:50:11.404+05:30 DEBUG 63072 --- [           main] org.hibernate.SQL                        : insert into order_items (item_name,menu_item_id,quantity,total_price,unit_price,id) values (?,?,?,?,?,default)
2026-09-26T14:50:11.404+05:30 DEBUG 63072 --- [           main] org.hibernate.SQL                        : update order_items set order_id=? where id=?
2026-09-26T14:50:11.405+05:30 DEBUG 63072 --- [           main] org.hibernate.SQL                        : insert into orders (contact_phone,delivery_address,delivery_fee,last_updated,latitude,longitude,order_date,restaurant_id,status,subtotal,tax,total_amount,user_id,order_id) values (?,?,?,?,?,?,?,?,?,?,?,?,?,default)
2026-09-26T14:50:11.405+05:30 DEBUG 63072 --- [           main] org.hibernate.SQL                        : insert into order_items (item_name,menu_item_id,quantity,total_price,unit_price,id) values (?,?,?,?,?,default)
2026-09-26T14:50:11.405+05:30 DEBUG 63072 --- [           main] org.hibernate.SQL                        : update order_items set order_id=? where id=?
2026-09-26T14:50:11.406+05:30 DEBUG 63072 --- [           main] org.hibernate.SQL                        : insert into orders (contact_phone,delivery_address,delivery_fee,last_updated,latitude,longitude,order_date,restaurant_id,status,subtotal,tax,total_amount,user_id,order_id) values (?,?,?,?,?,?,?,?,?,?,?,?,?,default)
2026-09-26T14:50:11.406+05:30 DEBUG 63072 --- [           main] org.hibernate.SQL                        : insert into order_items (item_name,menu_item_id,quantity,total_price,unit_price,id) values (?,?,?,?,?,default)
2026-09-26T14:50:11.406+05:30 DEBUG 63072 --- [           main] org.hibernate.SQL                        : update order_items set order_id=? where id=?
2026-09-26T14:50:11.407+05:30 DEBUG 63072 --- [           main] org.hibernate.SQL                        : insert into orders (contact_phone,delivery_address,delivery_fee,last_updated,latitude,longitude,order_date,restaurant_id,status,subtotal,tax,total_amount,user_id,order_id) values (?,?,?,?,?,?,?,?,?,?,?,?,?,default)
2026-09-26T14:50:11.407+05:30 DEBUG 63072 --- [           main] org.hibernate.SQL                        : insert into order_items (item_name,menu_item_id,quantity,total_price,unit_price,id) values (?,?,?,?,?,default)
2026-09-26T14:50:11.407+05:30 DEBUG 63072 --- [           main] org.hibernate.SQL                        : update order_items set order_id=? where id=?
2026-09-26T14:50:11.408+05:30 DEBUG 63072 --- [           main] org.hibernate.SQL                        : insert into orders (contact_phone,delivery_address,delivery_fee,last_updated,latitude,longitude,order_date,restaurant_id,status,subtotal,tax,total_amount,user_id,order_id) values (?,?,?,?,?,?,?,?,?,?,?,?,?,default)
2026-09-26T14:50:11.408+05:30 DEBUG 63072 --- [           main] org.hibernate.SQL                        : insert into order_items (item_name,menu_item_id,quantity,total_price,unit_price,id) values (?,?,?,?,?,default)
2026-09-26T14:50:11.408+05:30 DEBUG 63072 --- [           main] org.hibernate.SQL                        : update order_items set order_id=? where id=?
2026-09-26T14:50:11.409+05:30 DEBUG 63072 --- [           main] org.hibernate.SQL                        : insert into orders (contact_phone,delivery_address,delivery_fee,last_updated,latitude,longitude,order_date,restaurant_id,status,subtotal,tax,total_amount,user_id,order_id) values (?,?,?,?,?,?,?,?,?,?,?,?,?,default)
2026-09-26T14:50:11.409+05:30 DEBUG 63072 --- [           main] org.hibernate.SQL                        : insert into order_items (item_name,menu_item_id,quantity,total_price,unit_price,id) values (?,?,?,?,?,default)
2026-09-26T14:50:11.409+05:30 DEBUG 63072 --- [           main] org.hibernate.SQL                        : update order_items set order_id=? where id=?
2026-09-26T14:50:11.410+05:30 DEBUG 63072 --- [           main] org.hibernate.SQL                        : insert into orders (contact_phone,delivery_address,delivery_fee,last_updated,latitude,longitude,order_date,restaurant_id,status,subtotal,tax,total_amount,user_id,order_id) values (?,?,?,?,?,?,?,?,?,?,?,?,?,default)
2026-09-26T14:50:11.410+05:30 DEBUG 63072 --- [           main] org.hibernate.SQL                        : insert into order_items (item_name,menu_item_id,quantity,total_price,unit_price,id) values (?,?,?,?,?,default)
2026-09-26T14:50:11.411+05:30 DEBUG 63072 --- [           main] org.hibernate.SQL                        : update order_items set order_id=? where id=?
2026-09-26T14:50:11.411+05:30 DEBUG 63072 --- [           main] org.hibernate.SQL                        : insert into orders (contact_phone,delivery_address,delivery_fee,last_updated,latitude,longitude,order_date,restaurant_id,status,subtotal,tax,total_amount,user_id,order_id) values (?,?,?,?,?,?,?,?,?,?,?,?,?,default)
2026-09-26T14:50:11.411+05:30 DEBUG 63072 --- [           main] org.hibernate.SQL                        : insert into order_items (item_name,menu_item_id,quantity,total_price,unit_price,id) values (?,?,?,?,?,default)
2026-09-26T14:50:11.412+05:30 DEBUG 63072 --- [           main] org.hibernate.SQL                        : update order_items set order_id=? where id=?
2026-09-26T14:50:11.412+05:30 DEBUG 63072 --- [           main] org.hibernate.SQL                        : insert into orders (contact_phone,delivery_address,delivery_fee,last_updated,latitude,longitude,order_date,restaurant_id,status,subtotal,tax,total_amount,user_id,order_id) values (?,?,?,?,?,?,?,?,?,?,?,?,?,default)
2026-09-26T14:50:11.412+05:30 DEBUG 63072 --- [           main] org.hibernate.SQL                        : insert into order_items (item_name,menu_item_id,quantity,total_price,unit_price,id) values (?,?,?,?,?,default)
2026-09-26T14:50:11.413+05:30 DEBUG 63072 --- [           main] org.hibernate.SQL                        : update order_items set order_id=? where id=?
2026-09-26T14:50:11.413+05:30 DEBUG 63072 --- [           main] org.hibernate.SQL                        : insert into orders (contact_phone,delivery_address,delivery_fee,last_updated,latitude,longitude,order_date,restaurant_id,status,subtotal,tax,total_amount,user_id,order_id) values (?,?,?,?,?,?,?,?,?,?,?,?,?,default)
2026-09-26T14:50:11.413+05:30 DEBUG 63072 --- [           main] org.hibernate.SQL                        : insert into order_items (item_name,menu_item_id,quantity,total_price,unit_price,id) values (?,?,?,?,?,default)
2026-09-26T14:50:11.414+05:30 DEBUG 63072 --- [           main] org.hibernate.SQL                        : update order_items set order_id=? where id=?
2026-09-26T14:50:11.415+05:30 DEBUG 63072 --- [           main] org.hibernate.SQL                        : insert into orders (contact_phone,delivery_address,delivery_fee,last_updated,latitude,longitude,order_date,restaurant_id,status,subtotal,tax,total_amount,user_id,order_id) values (?,?,?,?,?,?,?,?,?,?,?,?,?,default)
2026-09-26T14:50:11.415+05:30 DEBUG 63072 --- [           main] org.hibernate.SQL                        : insert into order_items (item_name,menu_item_id,quantity,total_price,unit_price,id) values (?,?,?,?,?,default)
2026-09-26T14:50:11.415+05:30 DEBUG 63072 --- [           main] org.hibernate.SQL                        : update order_items set order_id=? where id=?
2026-09-26T14:50:11.416+05:30 DEBUG 63072 --- [           main] org.hibernate.SQL                        : insert into orders (contact_phone,delivery_address,delivery_fee,last_updated,latitude,longitude,order_date,restaurant_id,status,subtotal,tax,total_amount,user_id,order_id) values (?,?,?,?,?,?,?,?,?,?,?,?,?,default)
2026-09-26T14:50:11.416+05:30 DEBUG 63072 --- [           main] org.hibernate.SQL                        : insert into order_items (item_name,menu_item_id,quantity,total_price,unit_price,id) values (?,?,?,?,?,default)
2026-09-26T14:50:11.416+05:30 DEBUG 63072 --- [           main] org.hibernate.SQL                        : update order_items set order_id=? where id=?
2026-09-26T14:50:11.418+05:30 DEBUG 63072 --- [           main] org.hibernate.SQL                        : insert into orders (contact_phone,delivery_address,delivery_fee,last_updated,latitude,longitude,order_date,restaurant_id,status,subtotal,tax,total_amount,user_id,order_id) values (?,?,?,?,?,?,?,?,?,?,?,?,?,default)
2026-09-26T14:50:11.418+05:30 DEBUG 63072 --- [           main] org.hibernate.SQL                        : insert into order_items (item_name,menu_item_id,quantity,total_price,unit_price,id) values (?,?,?,?,?,default)
2026-09-26T14:50:11.418+05:30 DEBUG 63072 --- [           main] org.hibernate.SQL                        : update order_items set order_id=? where id=?
2026-09-26T14:50:11.419+05:30 DEBUG 63072 --- [           main] org.hibernate.SQL                        : insert into orders (contact_phone,delivery_address,delivery_fee,last_updated,latitude,longitude,order_date,restaurant_id,status,subtotal,tax,total_amount,user_id,order_id) values (?,?,?,?,?,?,?,?,?,?,?,?,?,default)
2026-09-26T14:50:11.419+05:30 DEBUG 63072 --- [           main] org.hibernate.SQL                        : insert into order_items (item_name,menu_item_id,quantity,total_price,unit_price,id) values (?,?,?,?,?,default)
2026-09-26T14:50:11.419+05:30 DEBUG 63072 --- [           main] org.hibernate.SQL                        : update order_items set order_id=? where id=?
2026-09-26T14:50:11.420+05:30 DEBUG 63072 --- [           main] org.hibernate.SQL                        : insert into orders (contact_phone,delivery_address,delivery_fee,last_updated,latitude,longitude,order_date,restaurant_id,status,subtotal,tax,total_amount,user_id,order_id) values (?,?,?,?,?,?,?,?,?,?,?,?,?,default)
2026-09-26T14:50:11.420+05:30 DEBUG 63072 --- [           main] org.hibernate.SQL                        : insert into order_items (item_name,menu_item_id,quantity,total_price,unit_price,id) values (?,?,?,?,?,default)
2026-09-26T14:50:11.420+05:30 DEBUG 63072 --- [           main] org.hibernate.SQL                        : update order_items set order_id=? where id=?
2026-09-26T14:50:11.421+05:30 DEBUG 63072 --- [           main] org.hibernate.SQL                        : insert into orders (contact_phone,delivery_address,delivery_fee,last_updated,latitude,longitude,order_date,restaurant_id,status,subtotal,tax,total_amount,user_id,order_id) values (?,?,?,?,?,?,?,?,?,?,?,?,?,default)
2026-09-26T14:50:11.421+05:30 DEBUG 63072 --- [           main] org.hibernate.SQL                        : insert into order_items (item_name,menu_item_id,quantity,total_price,unit_price,id) values (?,?,?,?,?,default)
2026-09-26T14:50:11.421+05:30 DEBUG 63072 --- [           main] org.hibernate.SQL                        : update order_items set order_id=? where id=?
2026-09-26T14:50:11.422+05:30 DEBUG 63072 --- [           main] org.hibernate.SQL                        : insert into orders (contact_phone,delivery_address,delivery_fee,last_updated,latitude,longitude,order_date,restaurant_id,status,subtotal,tax,total_amount,user_id,order_id) values (?,?,?,?,?,?,?,?,?,?,?,?,?,default)
2026-09-26T14:50:11.422+05:30 DEBUG 63072 --- [           main] org.hibernate.SQL                        : insert into order_items (item_name,menu_item_id,quantity,total_price,unit_price,id) values (?,?,?,?,?,default)
2026-09-26T14:50:11.422+05:30 DEBUG 63072 --- [           main] org.hibernate.SQL                        : update order_items set order_id=? where id=?
2026-09-26T14:50:11.423+05:30 DEBUG 63072 --- [           main] org.hibernate.SQL                        : insert into orders (contact_phone,delivery_address,delivery_fee,last_updated,latitude,longitude,order_date,restaurant_id,status,subtotal,tax,total_amount,user_id,order_id) values (?,?,?,?,?,?,?,?,?,?,?,?,?,default)
2026-09-26T14:50:11.423+05:30 DEBUG 63072 --- [           main] org.hibernate.SQL                        : insert into order_items (item_name,menu_item_id,quantity,total_price,unit_price,id) values (?,?,?,?,?,default)
2026-09-26T14:50:11.423+05:30 DEBUG 63072 --- [           main] org.hibernate.SQL                        : update order_items set order_id=? where id=?
2026-09-26T14:50:11.423+05:30 DEBUG 63072 --- [           main] org.hibernate.SQL                        : insert into orders (contact_phone,delivery_address,delivery_fee,last_updated,latitude,longitude,order_date,restaurant_id,status,subtotal,tax,total_amount,user_id,order_id) values (?,?,?,?,?,?,?,?,?,?,?,?,?,default)
2026-09-26T14:50:11.424+05:30 DEBUG 63072 --- [           main] org.hibernate.SQL                        : insert into order_items (item_name,menu_item_id,quantity,total_price,unit_price,id) values (?,?,?,?,?,default)
2026-09-26T14:50:11.424+05:30 DEBUG 63072 --- [           main] org.hibernate.SQL                        : update order_items set order_id=? where id=?
2026-09-26T14:50:11.424+05:30 DEBUG 63072 --- [           main] org.hibernate.SQL                        : insert into orders (contact_phone,delivery_address,delivery_fee,last_updated,latitude,longitude,order_date,restaurant_id,status,subtotal,tax,total_amount,user_id,order_id) values (?,?,?,?,?,?,?,?,?,?,?,?,?,default)
2026-09-26T14:50:11.424+05:30 DEBUG 63072 --- [           main] org.hibernate.SQL                        : insert into order_items (item_name,menu_item_id,quantity,total_price,unit_price,id) values (?,?,?,?,?,default)
2026-09-26T14:50:11.425+05:30 DEBUG 63072 --- [           main] org.hibernate.SQL                        : update order_items set order_id=? where id=?
2026-09-26T14:50:11.425+05:30 DEBUG 63072 --- [           main] org.hibernate.SQL                        : insert into orders (contact_phone,delivery_address,delivery_fee,last_updated,latitude,longitude,order_date,restaurant_id,status,subtotal,tax,total_amount,user_id,order_id) values (?,?,?,?,?,?,?,?,?,?,?,?,?,default)
2026-09-26T14:50:11.425+05:30 DEBUG 63072 --- [           main] org.hibernate.SQL                        : insert into order_items (item_name,menu_item_id,quantity,total_price,unit_price,id) values (?,?,?,?,?,default)
2026-09-26T14:50:11.426+05:30 DEBUG 63072 --- [           main] org.hibernate.SQL                        : update order_items set order_id=? where id=?
2026-09-26T14:50:11.426+05:30 DEBUG 63072 --- [           main] org.hibernate.SQL                        : insert into orders (contact_phone,delivery_address,delivery_fee,last_updated,latitude,longitude,order_date,restaurant_id,status,subtotal,tax,total_amount,user_id,order_id) values (?,?,?,?,?,?,?,?,?,?,?,?,?,default)
2026-09-26T14:50:11.426+05:30 DEBUG 63072 --- [           main] org.hibernate.SQL                        : insert into order_items (item_name,menu_item_id,quantity,total_price,unit_price,id) values (?,?,?,?,?,default)
2026-09-26T14:50:11.427+05:30 DEBUG 63072 --- [           main] org.hibernate.SQL                        : update order_items set order_id=? where id=?
2026-09-26T14:50:11.428+05:30 DEBUG 63072 --- [           main] org.hibernate.SQL                        : insert into orders (contact_phone,delivery_address,delivery_fee,last_updated,latitude,longitude,order_date,restaurant_id,status,subtotal,tax,total_amount,user_id,order_id) values (?,?,?,?,?,?,?,?,?,?,?,?,?,default)
2026-09-26T14:50:11.429+05:30 DEBUG 63072 --- [           main] org.hibernate.SQL                        : insert into order_items (item_name,menu_item_id,quantity,total_price,unit_price,id) values (?,?,?,?,?,default)
2026-09-26T14:50:11.430+05:30 DEBUG 63072 --- [           main] org.hibernate.SQL                        : update order_items set order_id=? where id=?
2026-09-26T14:50:11.431+05:30 DEBUG 63072 --- [           main] org.hibernate.SQL                        : insert into orders (contact_phone,delivery_address,delivery_fee,last_updated,latitude,longitude,order_date,restaurant_id,status,subtotal,tax,total_amount,user_id,order_id) values (?,?,?,?,?,?,?,?,?,?,?,?,?,default)
2026-09-26T14:50:11.431+05:30 DEBUG 63072 --- [           main] org.hibernate.SQL                        : insert into order_items (item_name,menu_item_id,quantity,total_price,unit_price,id) values (?,?,?,?,?,default)
2026-09-26T14:50:11.432+05:30 DEBUG 63072 --- [           main] org.hibernate.SQL                        : update order_items set order_id=? where id=?
2026-09-26T14:50:11.432+05:30 DEBUG 63072 --- [           main] org.hibernate.SQL                        : insert into orders (contact_phone,delivery_address,delivery_fee,last_updated,latitude,longitude,order_date,restaurant_id,status,subtotal,tax,total_amount,user_id,order_id) values (?,?,?,?,?,?,?,?,?,?,?,?,?,default)
2026-09-26T14:50:11.432+05:30 DEBUG 63072 --- [           main] org.hibernate.SQL                        : insert into order_items (item_name,menu_item_id,quantity,total_price,unit_price,id) values (?,?,?,?,?,default)
2026-09-26T14:50:11.433+05:30 DEBUG 63072 --- [           main] org.hibernate.SQL                        : update order_items set order_id=? where id=?
2026-09-26T14:50:11.433+05:30 DEBUG 63072 --- [           main] org.hibernate.SQL                        : insert into orders (contact_phone,delivery_address,delivery_fee,last_updated,latitude,longitude,order_date,restaurant_id,status,subtotal,tax,total_amount,user_id,order_id) values (?,?,?,?,?,?,?,?,?,?,?,?,?,default)
2026-09-26T14:50:11.433+05:30 DEBUG 63072 --- [           main] org.hibernate.SQL                        : insert into order_items (item_name,menu_item_id,quantity,total_price,unit_price,id) values (?,?,?,?,?,default)
2026-09-26T14:50:11.434+05:30 DEBUG 63072 --- [           main] org.hibernate.SQL                        : update order_items set order_id=? where id=?
2026-09-26T14:50:11.434+05:30 DEBUG 63072 --- [           main] org.hibernate.SQL                        : insert into orders (contact_phone,delivery_address,delivery_fee,last_updated,latitude,longitude,order_date,restaurant_id,status,subtotal,tax,total_amount,user_id,order_id) values (?,?,?,?,?,?,?,?,?,?,?,?,?,default)
2026-09-26T14:50:11.434+05:30 DEBUG 63072 --- [           main] org.hibernate.SQL                        : insert into order_items (item_name,menu_item_id,quantity,total_price,unit_price,id) values (?,?,?,?,?,default)
2026-09-26T14:50:11.435+05:30 DEBUG 63072 --- [           main] org.hibernate.SQL                        : update order_items set order_id=? where id=?
2026-09-26T14:50:11.435+05:30 DEBUG 63072 --- [           main] org.hibernate.SQL                        : insert into orders (contact_phone,delivery_address,delivery_fee,last_updated,latitude,longitude,order_date,restaurant_id,status,subtotal,tax,total_amount,user_id,order_id) values (?,?,?,?,?,?,?,?,?,?,?,?,?,default)
2026-09-26T14:50:11.435+05:30 DEBUG 63072 --- [           main] org.hibernate.SQL                        : insert into order_items (item_name,menu_item_id,quantity,total_price,unit_price,id) values (?,?,?,?,?,default)
2026-09-26T14:50:11.436+05:30 DEBUG 63072 --- [           main] org.hibernate.SQL                        : update order_items set order_id=? where id=?
2026-09-26T14:50:11.436+05:30 DEBUG 63072 --- [           main] org.hibernate.SQL                        : insert into orders (contact_phone,delivery_address,delivery_fee,last_updated,latitude,longitude,order_date,restaurant_id,status,subtotal,tax,total_amount,user_id,order_id) values (?,?,?,?,?,?,?,?,?,?,?,?,?,default)
2026-09-26T14:50:11.437+05:30 DEBUG 63072 --- [           main] org.hibernate.SQL                        : insert into order_items (item_name,menu_item_id,quantity,total_price,unit_price,id) values (?,?,?,?,?,default)
2026-09-26T14:50:11.437+05:30 DEBUG 63072 --- [           main] org.hibernate.SQL                        : update order_items set order_id=? where id=?
2026-09-26T14:50:11.437+05:30 DEBUG 63072 --- [           main] org.hibernate.SQL                        : insert into orders (contact_phone,delivery_address,delivery_fee,last_updated,latitude,longitude,order_date,restaurant_id,status,subtotal,tax,total_amount,user_id,order_id) values (?,?,?,?,?,?,?,?,?,?,?,?,?,default)
2026-09-26T14:50:11.438+05:30 DEBUG 63072 --- [           main] org.hibernate.SQL                        : insert into order_items (item_name,menu_item_id,quantity,total_price,unit_price,id) values (?,?,?,?,?,default)
2026-09-26T14:50:11.438+05:30 DEBUG 63072 --- [           main] org.hibernate.SQL                        : update order_items set order_id=? where id=?
2026-09-26T14:50:11.438+05:30 DEBUG 63072 --- [           main] org.hibernate.SQL                        : insert into orders (contact_phone,delivery_address,delivery_fee,last_updated,latitude,longitude,order_date,restaurant_id,status,subtotal,tax,total_amount,user_id,order_id) values (?,?,?,?,?,?,?,?,?,?,?,?,?,default)
2026-09-26T14:50:11.438+05:30 DEBUG 63072 --- [           main] org.hibernate.SQL                        : insert into order_items (item_name,menu_item_id,quantity,total_price,unit_price,id) values (?,?,?,?,?,default)
2026-09-26T14:50:11.439+05:30 DEBUG 63072 --- [           main] org.hibernate.SQL                        : update order_items set order_id=? where id=?
2026-09-26T14:50:11.439+05:30 DEBUG 63072 --- [           main] org.hibernate.SQL                        : insert into orders (contact_phone,delivery_address,delivery_fee,last_updated,latitude,longitude,order_date,restaurant_id,status,subtotal,tax,total_amount,user_id,order_id) values (?,?,?,?,?,?,?,?,?,?,?,?,?,default)
2026-09-26T14:50:11.439+05:30 DEBUG 63072 --- [           main] org.hibernate.SQL                        : insert into order_items (item_name,menu_item_id,quantity,total_price,unit_price,id) values (?,?,?,?,?,default)
2026-09-26T14:50:11.440+05:30 DEBUG 63072 --- [           main] org.hibernate.SQL                        : update order_items set order_id=? where id=?
2026-09-26T14:50:11.440+05:30 DEBUG 63072 --- [           main] org.hibernate.SQL                        : insert into orders (contact_phone,delivery_address,delivery_fee,last_updated,latitude,longitude,order_date,restaurant_id,status,subtotal,tax,total_amount,user_id,order_id) values (?,?,?,?,?,?,?,?,?,?,?,?,?,default)
2026-09-26T14:50:11.440+05:30 DEBUG 63072 --- [           main] org.hibernate.SQL                        : insert into order_items (item_name,menu_item_id,quantity,total_price,unit_price,id) values (?,?,?,?,?,default)
2026-09-26T14:50:11.440+05:30 DEBUG 63072 --- [           main] org.hibernate.SQL                        : update order_items set order_id=? where id=?
2026-09-26T14:50:11.441+05:30 DEBUG 63072 --- [           main] org.hibernate.SQL                        : insert into orders (contact_phone,delivery_address,delivery_fee,last_updated,latitude,longitude,order_date,restaurant_id,status,subtotal,tax,total_amount,user_id,order_id) values (?,?,?,?,?,?,?,?,?,?,?,?,?,default)
2026-09-26T14:50:11.441+05:30 DEBUG 63072 --- [           main] org.hibernate.SQL                        : insert into order_items (item_name,menu_item_id,quantity,total_price,unit_price,id) values (?,?,?,?,?,default)
2026-09-26T14:50:11.441+05:30 DEBUG 63072 --- [           main] org.hibernate.SQL                        : update order_items set order_id=? where id=?
2026-09-26T14:50:11.442+05:30 DEBUG 63072 --- [           main] org.hibernate.SQL                        : insert into orders (contact_phone,delivery_address,delivery_fee,last_updated,latitude,longitude,order_date,restaurant_id,status,subtotal,tax,total_amount,user_id,order_id) values (?,?,?,?,?,?,?,?,?,?,?,?,?,default)
2026-09-26T14:50:11.442+05:30 DEBUG 63072 --- [           main] org.hibernate.SQL                        : insert into order_items (item_name,menu_item_id,quantity,total_price,unit_price,id) values (?,?,?,?,?,default)
2026-09-26T14:50:11.442+05:30 DEBUG 63072 --- [           main] org.hibernate.SQL                        : update order_items set order_id=? where id=?
2026-09-26T14:50:11.442+05:30 DEBUG 63072 --- [           main] org.hibernate.SQL                        : insert into orders (contact_phone,delivery_address,delivery_fee,last_updated,latitude,longitude,order_date,restaurant_id,status,subtotal,tax,total_amount,user_id,order_id) values (?,?,?,?,?,?,?,?,?,?,?,?,?,default)
2026-09-26T14:50:11.443+05:30 DEBUG 63072 --- [           main] org.hibernate.SQL                        : insert into order_items (item_name,menu_item_id,quantity,total_price,unit_price,id) values (?,?,?,?,?,default)
2026-09-26T14:50:11.443+05:30 DEBUG 63072 --- [           main] org.hibernate.SQL                        : update order_items set order_id=? where id=?
2026-09-26T14:50:11.443+05:30 DEBUG 63072 --- [           main] org.hibernate.SQL                        : insert into orders (contact_phone,delivery_address,delivery_fee,last_updated,latitude,longitude,order_date,restaurant_id,status,subtotal,tax,total_amount,user_id,order_id) values (?,?,?,?,?,?,?,?,?,?,?,?,?,default)
2026-09-26T14:50:11.443+05:30 DEBUG 63072 --- [           main] org.hibernate.SQL                        : insert into order_items (item_name,menu_item_id,quantity,total_price,unit_price,id) values (?,?,?,?,?,default)
2026-09-26T14:50:11.444+05:30 DEBUG 63072 --- [           main] org.hibernate.SQL                        : update order_items set order_id=? where id=?
2026-09-26T14:50:11.444+05:30 DEBUG 63072 --- [           main] org.hibernate.SQL                        : insert into orders (contact_phone,delivery_address,delivery_fee,last_updated,latitude,longitude,order_date,restaurant_id,status,subtotal,tax,total_amount,user_id,order_id) values (?,?,?,?,?,?,?,?,?,?,?,?,?,default)
2026-09-26T14:50:11.444+05:30 DEBUG 63072 --- [           main] org.hibernate.SQL                        : insert into order_items (item_name,menu_item_id,quantity,total_price,unit_price,id) values (?,?,?,?,?,default)
2026-09-26T14:50:11.444+05:30 DEBUG 63072 --- [           main] org.hibernate.SQL                        : update order_items set order_id=? where id=?
2026-09-26T14:50:11.445+05:30 DEBUG 63072 --- [           main] org.hibernate.SQL                        : insert into orders (contact_phone,delivery_address,delivery_fee,last_updated,latitude,longitude,order_date,restaurant_id,status,subtotal,tax,total_amount,user_id,order_id) values (?,?,?,?,?,?,?,?,?,?,?,?,?,default)
2026-09-26T14:50:11.445+05:30 DEBUG 63072 --- [           main] org.hibernate.SQL                        : insert into order_items (item_name,menu_item_id,quantity,total_price,unit_price,id) values (?,?,?,?,?,default)
2026-09-26T14:50:11.445+05:30 DEBUG 63072 --- [           main] org.hibernate.SQL                        : update order_items set order_id=? where id=?
2026-09-26T14:50:11.446+05:30 DEBUG 63072 --- [           main] org.hibernate.SQL                        : insert into orders (contact_phone,delivery_address,delivery_fee,last_updated,latitude,longitude,order_date,restaurant_id,status,subtotal,tax,total_amount,user_id,order_id) values (?,?,?,?,?,?,?,?,?,?,?,?,?,default)
2026-09-26T14:50:11.446+05:30 DEBUG 63072 --- [           main] org.hibernate.SQL                        : insert into order_items (item_name,menu_item_id,quantity,total_price,unit_price,id) values (?,?,?,?,?,default)
2026-09-26T14:50:11.446+05:30 DEBUG 63072 --- [           main] org.hibernate.SQL                        : update order_items set order_id=? where id=?
2026-09-26T14:50:11.446+05:30 DEBUG 63072 --- [           main] org.hibernate.SQL                        : insert into orders (contact_phone,delivery_address,delivery_fee,last_updated,latitude,longitude,order_date,restaurant_id,status,subtotal,tax,total_amount,user_id,order_id) values (?,?,?,?,?,?,?,?,?,?,?,?,?,default)
2026-09-26T14:50:11.447+05:30 DEBUG 63072 --- [           main] org.hibernate.SQL                        : insert into order_items (item_name,menu_item_id,quantity,total_price,unit_price,id) values (?,?,?,?,?,default)
2026-09-26T14:50:11.447+05:30 DEBUG 63072 --- [           main] org.hibernate.SQL                        : update order_items set order_id=? where id=?
2026-09-26T14:50:11.447+05:30 DEBUG 63072 --- [           main] org.hibernate.SQL                        : insert into orders (contact_phone,delivery_address,delivery_fee,last_updated,latitude,longitude,order_date,restaurant_id,status,subtotal,tax,total_amount,user_id,order_id) values (?,?,?,?,?,?,?,?,?,?,?,?,?,default)
2026-09-26T14:50:11.448+05:30 DEBUG 63072 --- [           main] org.hibernate.SQL                        : insert into order_items (item_name,menu_item_id,quantity,total_price,unit_price,id) values (?,?,?,?,?,default)
2026-09-26T14:50:11.448+05:30 DEBUG 63072 --- [           main] org.hibernate.SQL                        : update order_items set order_id=? where id=?
2026-09-26T14:50:11.448+05:30 DEBUG 63072 --- [           main] org.hibernate.SQL                        : insert into orders (contact_phone,delivery_address,delivery_fee,last_updated,latitude,longitude,order_date,restaurant_id,status,subtotal,tax,total_amount,user_id,order_id) values (?,?,?,?,?,?,?,?,?,?,?,?,?,default)
2026-09-26T14:50:11.449+05:30 DEBUG 63072 --- [           main] org.hibernate.SQL                        : insert into order_items (item_name,menu_item_id,quantity,total_price,unit_price,id) values (?,?,?,?,?,default)
2026-09-26T14:50:11.449+05:30 DEBUG 63072 --- [           main] org.hibernate.SQL                        : update order_items set order_id=? where id=?
2026-09-26T14:50:11.449+05:30 DEBUG 63072 --- [           main] org.hibernate.SQL                        : insert into orders (contact_phone,delivery_address,delivery_fee,last_updated,latitude,longitude,order_date,restaurant_id,status,subtotal,tax,total_amount,user_id,order_id) values (?,?,?,?,?,?,?,?,?,?,?,?,?,default)
2026-09-26T14:50:11.449+05:30 DEBUG 63072 --- [           main] org.hibernate.SQL                        : insert into order_items (item_name,menu_item_id,quantity,total_price,unit_price,id) values (?,?,?,?,?,default)
2026-09-26T14:50:11.450+05:30 DEBUG 63072 --- [           main] org.hibernate.SQL                        : update order_items set order_id=? where id=?
2026-09-26T14:50:11.450+05:30 DEBUG 63072 --- [           main] org.hibernate.SQL                        : insert into orders (contact_phone,delivery_address,delivery_fee,last_updated,latitude,longitude,order_date,restaurant_id,status,subtotal,tax,total_amount,user_id,order_id) values (?,?,?,?,?,?,?,?,?,?,?,?,?,default)
2026-09-26T14:50:11.450+05:30 DEBUG 63072 --- [           main] org.hibernate.SQL                        : insert into order_items (item_name,menu_item_id,quantity,total_price,unit_price,id) values (?,?,?,?,?,default)
2026-09-26T14:50:11.450+05:30 DEBUG 63072 --- [           main] org.hibernate.SQL                        : update order_items set order_id=? where id=?
2026-09-26T14:50:11.451+05:30 DEBUG 63072 --- [           main] org.hibernate.SQL                        : insert into orders (contact_phone,delivery_address,delivery_fee,last_updated,latitude,longitude,order_date,restaurant_id,status,subtotal,tax,total_amount,user_id,order_id) values (?,?,?,?,?,?,?,?,?,?,?,?,?,default)
2026-09-26T14:50:11.451+05:30 DEBUG 63072 --- [           main] org.hibernate.SQL                        : insert into order_items (item_name,menu_item_id,quantity,total_price,unit_price,id) values (?,?,?,?,?,default)
2026-09-26T14:50:11.451+05:30 DEBUG 63072 --- [           main] org.hibernate.SQL                        : update order_items set order_id=? where id=?
2026-09-26T14:50:11.451+05:30 DEBUG 63072 --- [           main] org.hibernate.SQL                        : insert into orders (contact_phone,delivery_address,delivery_fee,last_updated,latitude,longitude,order_date,restaurant_id,status,subtotal,tax,total_amount,user_id,order_id) values (?,?,?,?,?,?,?,?,?,?,?,?,?,default)
2026-09-26T14:50:11.452+05:30 DEBUG 63072 --- [           main] org.hibernate.SQL                        : insert into order_items (item_name,menu_item_id,quantity,total_price,unit_price,id) values (?,?,?,?,?,default)
2026-09-26T14:50:11.452+05:30 DEBUG 63072 --- [           main] org.hibernate.SQL                        : update order_items set order_id=? where id=?
2026-09-26T14:50:11.452+05:30 DEBUG 63072 --- [           main] org.hibernate.SQL                        : insert into orders (contact_phone,delivery_address,delivery_fee,last_updated,latitude,longitude,order_date,restaurant_id,status,subtotal,tax,total_amount,user_id,order_id) values (?,?,?,?,?,?,?,?,?,?,?,?,?,default)
2026-09-26T14:50:11.452+05:30 DEBUG 63072 --- [           main] org.hibernate.SQL                        : insert into order_items (item_name,menu_item_id,quantity,total_price,unit_price,id) values (?,?,?,?,?,default)
2026-09-26T14:50:11.453+05:30 DEBUG 63072 --- [           main] org.hibernate.SQL                        : update order_items set order_id=? where id=?
2026-09-26T14:50:11.453+05:30 DEBUG 63072 --- [           main] org.hibernate.SQL                        : insert into orders (contact_phone,delivery_address,delivery_fee,last_updated,latitude,longitude,order_date,restaurant_id,status,subtotal,tax,total_amount,user_id,order_id) values (?,?,?,?,?,?,?,?,?,?,?,?,?,default)
2026-09-26T14:50:11.453+05:30 DEBUG 63072 --- [           main] org.hibernate.SQL                        : insert into order_items (item_name,menu_item_id,quantity,total_price,unit_price,id) values (?,?,?,?,?,default)
2026-09-26T14:50:11.453+05:30 DEBUG 63072 --- [           main] org.hibernate.SQL                        : update order_items set order_id=? where id=?
2026-09-26T14:50:11.454+05:30 DEBUG 63072 --- [           main] org.hibernate.SQL                        : insert into orders (contact_phone,delivery_address,delivery_fee,last_updated,latitude,longitude,order_date,restaurant_id,status,subtotal,tax,total_amount,user_id,order_id) values (?,?,?,?,?,?,?,?,?,?,?,?,?,default)
2026-09-26T14:50:11.454+05:30 DEBUG 63072 --- [           main] org.hibernate.SQL                        : insert into order_items (item_name,menu_item_id,quantity,total_price,unit_price,id) values (?,?,?,?,?,default)
2026-09-26T14:50:11.454+05:30 DEBUG 63072 --- [           main] org.hibernate.SQL                        : update order_items set order_id=? where id=?
2026-09-26T14:50:11.455+05:30 DEBUG 63072 --- [           main] org.hibernate.SQL                        : insert into orders (contact_phone,delivery_address,delivery_fee,last_updated,latitude,longitude,order_date,restaurant_id,status,subtotal,tax,total_amount,user_id,order_id) values (?,?,?,?,?,?,?,?,?,?,?,?,?,default)
2026-09-26T14:50:11.455+05:30 DEBUG 63072 --- [           main] org.hibernate.SQL                        : insert into order_items (item_name,menu_item_id,quantity,total_price,unit_price,id) values (?,?,?,?,?,default)
2026-09-26T14:50:11.455+05:30 DEBUG 63072 --- [           main] org.hibernate.SQL                        : update order_items set order_id=? where id=?
2026-09-26T14:50:11.455+05:30 DEBUG 63072 --- [           main] org.hibernate.SQL                        : insert into orders (contact_phone,delivery_address,delivery_fee,last_updated,latitude,longitude,order_date,restaurant_id,status,subtotal,tax,total_amount,user_id,order_id) values (?,?,?,?,?,?,?,?,?,?,?,?,?,default)
2026-09-26T14:50:11.456+05:30 DEBUG 63072 --- [           main] org.hibernate.SQL                        : insert into order_items (item_name,menu_item_id,quantity,total_price,unit_price,id) values (?,?,?,?,?,default)
2026-09-26T14:50:11.456+05:30 DEBUG 63072 --- [           main] org.hibernate.SQL                        : update order_items set order_id=? where id=?
2026-09-26T14:50:11.456+05:30 DEBUG 63072 --- [           main] org.hibernate.SQL                        : insert into orders (contact_phone,delivery_address,delivery_fee,last_updated,latitude,longitude,order_date,restaurant_id,status,subtotal,tax,total_amount,user_id,order_id) values (?,?,?,?,?,?,?,?,?,?,?,?,?,default)
2026-09-26T14:50:11.456+05:30 DEBUG 63072 --- [           main] org.hibernate.SQL                        : insert into order_items (item_name,menu_item_id,quantity,total_price,unit_price,id) values (?,?,?,?,?,default)
2026-09-26T14:50:11.456+05:30 DEBUG 63072 --- [           main] org.hibernate.SQL                        : update order_items set order_id=? where id=?
2026-09-26T14:50:11.457+05:30 DEBUG 63072 --- [           main] org.hibernate.SQL                        : insert into orders (contact_phone,delivery_address,delivery_fee,last_updated,latitude,longitude,order_date,restaurant_id,status,subtotal,tax,total_amount,user_id,order_id) values (?,?,?,?,?,?,?,?,?,?,?,?,?,default)
2026-09-26T14:50:11.457+05:30 DEBUG 63072 --- [           main] org.hibernate.SQL                        : insert into order_items (item_name,menu_item_id,quantity,total_price,unit_price,id) values (?,?,?,?,?,default)
2026-09-26T14:50:11.457+05:30 DEBUG 63072 --- [           main] org.hibernate.SQL                        : update order_items set order_id=? where id=?
2026-09-26T14:50:11.458+05:30 DEBUG 63072 --- [           main] org.hibernate.SQL                        : insert into orders (contact_phone,delivery_address,delivery_fee,last_updated,latitude,longitude,order_date,restaurant_id,status,subtotal,tax,total_amount,user_id,order_id) values (?,?,?,?,?,?,?,?,?,?,?,?,?,default)
2026-09-26T14:50:11.458+05:30 DEBUG 63072 --- [           main] org.hibernate.SQL                        : insert into order_items (item_name,menu_item_id,quantity,total_price,unit_price,id) values (?,?,?,?,?,default)
2026-09-26T14:50:11.458+05:30 DEBUG 63072 --- [           main] org.hibernate.SQL                        : update order_items set order_id=? where id=?
2026-09-26T14:50:11.458+05:30 DEBUG 63072 --- [           main] org.hibernate.SQL                        : insert into orders (contact_phone,delivery_address,delivery_fee,last_updated,latitude,longitude,order_date,restaurant_id,status,subtotal,tax,total_amount,user_id,order_id) values (?,?,?,?,?,?,?,?,?,?,?,?,?,default)
2026-09-26T14:50:11.458+05:30 DEBUG 63072 --- [           main] org.hibernate.SQL                        : insert into order_items (item_name,menu_item_id,quantity,total_price,unit_price,id) values (?,?,?,?,?,default)
2026-09-26T14:50:11.459+05:30 DEBUG 63072 --- [           main] org.hibernate.SQL                        : update order_items set order_id=? where id=?
2026-09-26T14:50:11.459+05:30 DEBUG 63072 --- [           main] org.hibernate.SQL                        : insert into orders (contact_phone,delivery_address,delivery_fee,last_updated,latitude,longitude,order_date,restaurant_id,status,subtotal,tax,total_amount,user_id,order_id) values (?,?,?,?,?,?,?,?,?,?,?,?,?,default)
2026-09-26T14:50:11.459+05:30 DEBUG 63072 --- [           main] org.hibernate.SQL                        : insert into order_items (item_name,menu_item_id,quantity,total_price,unit_price,id) values (?,?,?,?,?,default)
2026-09-26T14:50:11.459+05:30 DEBUG 63072 --- [           main] org.hibernate.SQL                        : update order_items set order_id=? where id=?
2026-09-26T14:50:11.460+05:30 DEBUG 63072 --- [           main] org.hibernate.SQL                        : insert into orders (contact_phone,delivery_address,delivery_fee,last_updated,latitude,longitude,order_date,restaurant_id,status,subtotal,tax,total_amount,user_id,order_id) values (?,?,?,?,?,?,?,?,?,?,?,?,?,default)
2026-09-26T14:50:11.460+05:30 DEBUG 63072 --- [           main] org.hibernate.SQL                        : insert into order_items (item_name,menu_item_id,quantity,total_price,unit_price,id) values (?,?,?,?,?,default)
2026-09-26T14:50:11.460+05:30 DEBUG 63072 --- [           main] org.hibernate.SQL                        : update order_items set order_id=? where id=?
2026-09-26T14:50:11.460+05:30 DEBUG 63072 --- [           main] org.hibernate.SQL                        : insert into orders (contact_phone,delivery_address,delivery_fee,last_updated,latitude,longitude,order_date,restaurant_id,status,subtotal,tax,total_amount,user_id,order_id) values (?,?,?,?,?,?,?,?,?,?,?,?,?,default)
2026-09-26T14:50:11.461+05:30 DEBUG 63072 --- [           main] org.hibernate.SQL                        : insert into order_items (item_name,menu_item_id,quantity,total_price,unit_price,id) values (?,?,?,?,?,default)
2026-09-26T14:50:11.461+05:30 DEBUG 63072 --- [           main] org.hibernate.SQL                        : update order_items set order_id=? where id=?
2026-09-26T14:50:11.461+05:30 DEBUG 63072 --- [           main] org.hibernate.SQL                        : insert into orders (contact_phone,delivery_address,delivery_fee,last_updated,latitude,longitude,order_date,restaurant_id,status,subtotal,tax,total_amount,user_id,order_id) values (?,?,?,?,?,?,?,?,?,?,?,?,?,default)
2026-09-26T14:50:11.461+05:30 DEBUG 63072 --- [           main] org.hibernate.SQL                        : insert into order_items (item_name,menu_item_id,quantity,total_price,unit_price,id) values (?,?,?,?,?,default)
2026-09-26T14:50:11.462+05:30 DEBUG 63072 --- [           main] org.hibernate.SQL                        : update order_items set order_id=? where id=?
2026-09-26T14:50:11.462+05:30 DEBUG 63072 --- [           main] org.hibernate.SQL                        : insert into orders (contact_phone,delivery_address,delivery_fee,last_updated,latitude,longitude,order_date,restaurant_id,status,subtotal,tax,total_amount,user_id,order_id) values (?,?,?,?,?,?,?,?,?,?,?,?,?,default)
2026-09-26T14:50:11.462+05:30 DEBUG 63072 --- [           main] org.hibernate.SQL                        : insert into order_items (item_name,menu_item_id,quantity,total_price,unit_price,id) values (?,?,?,?,?,default)
2026-09-26T14:50:11.462+05:30 DEBUG 63072 --- [           main] org.hibernate.SQL                        : update order_items set order_id=? where id=?
2026-09-26T14:50:11.463+05:30 DEBUG 63072 --- [           main] org.hibernate.SQL                        : insert into orders (contact_phone,delivery_address,delivery_fee,last_updated,latitude,longitude,order_date,restaurant_id,status,subtotal,tax,total_amount,user_id,order_id) values (?,?,?,?,?,?,?,?,?,?,?,?,?,default)
2026-09-26T14:50:11.463+05:30 DEBUG 63072 --- [           main] org.hibernate.SQL                        : insert into order_items (item_name,menu_item_id,quantity,total_price,unit_price,id) values (?,?,?,?,?,default)
2026-09-26T14:50:11.463+05:30 DEBUG 63072 --- [           main] org.hibernate.SQL                        : update order_items set order_id=? where id=?
2026-09-26T14:50:11.464+05:30 DEBUG 63072 --- [           main] org.hibernate.SQL                        : insert into orders (contact_phone,delivery_address,delivery_fee,last_updated,latitude,longitude,order_date,restaurant_id,status,subtotal,tax,total_amount,user_id,order_id) values (?,?,?,?,?,?,?,?,?,?,?,?,?,default)
2026-09-26T14:50:11.464+05:30 DEBUG 63072 --- [           main] org.hibernate.SQL                        : insert into order_items (item_name,menu_item_id,quantity,total_price,unit_price,id) values (?,?,?,?,?,default)
2026-09-26T14:50:11.464+05:30 DEBUG 63072 --- [           main] org.hibernate.SQL                        : update order_items set order_id=? where id=?
2026-09-26T14:50:11.464+05:30 DEBUG 63072 --- [           main] org.hibernate.SQL                        : insert into orders (contact_phone,delivery_address,delivery_fee,last_updated,latitude,longitude,order_date,restaurant_id,status,subtotal,tax,total_amount,user_id,order_id) values (?,?,?,?,?,?,?,?,?,?,?,?,?,default)
2026-09-26T14:50:11.465+05:30 DEBUG 63072 --- [           main] org.hibernate.SQL                        : insert into order_items (item_name,menu_item_id,quantity,total_price,unit_price,id) values (?,?,?,?,?,default)
2026-09-26T14:50:11.465+05:30 DEBUG 63072 --- [           main] org.hibernate.SQL                        : update order_items set order_id=? where id=?
2026-09-26T14:50:11.465+05:30 DEBUG 63072 --- [           main] org.hibernate.SQL                        : insert into orders (contact_phone,delivery_address,delivery_fee,last_updated,latitude,longitude,order_date,restaurant_id,status,subtotal,tax,total_amount,user_id,order_id) values (?,?,?,?,?,?,?,?,?,?,?,?,?,default)
2026-09-26T14:50:11.465+05:30 DEBUG 63072 --- [           main] org.hibernate.SQL                        : insert into order_items (item_name,menu_item_id,quantity,total_price,unit_price,id) values (?,?,?,?,?,default)
2026-09-26T14:50:11.466+05:30 DEBUG 63072 --- [           main] org.hibernate.SQL                        : update order_items set order_id=? where id=?
2026-09-26T14:50:11.466+05:30 DEBUG 63072 --- [           main] org.hibernate.SQL                        : insert into orders (contact_phone,delivery_address,delivery_fee,last_updated,latitude,longitude,order_date,restaurant_id,status,subtotal,tax,total_amount,user_id,order_id) values (?,?,?,?,?,?,?,?,?,?,?,?,?,default)
2026-09-26T14:50:11.466+05:30 DEBUG 63072 --- [           main] org.hibernate.SQL                        : insert into order_items (item_name,menu_item_id,quantity,total_price,unit_price,id) values (?,?,?,?,?,default)
2026-09-26T14:50:11.466+05:30 DEBUG 63072 --- [           main] org.hibernate.SQL                        : update order_items set order_id=? where id=?
2026-09-26T14:50:11.467+05:30 DEBUG 63072 --- [           main] org.hibernate.SQL                        : insert into orders (contact_phone,delivery_address,delivery_fee,last_updated,latitude,longitude,order_date,restaurant_id,status,subtotal,tax,total_amount,user_id,order_id) values (?,?,?,?,?,?,?,?,?,?,?,?,?,default)
2026-09-26T14:50:11.467+05:30 DEBUG 63072 --- [           main] org.hibernate.SQL                        : insert into order_items (item_name,menu_item_id,quantity,total_price,unit_price,id) values (?,?,?,?,?,default)
2026-09-26T14:50:11.467+05:30 DEBUG 63072 --- [           main] org.hibernate.SQL                        : update order_items set order_id=? where id=?
2026-09-26T14:50:11.468+05:30 DEBUG 63072 --- [           main] org.hibernate.SQL                        : insert into orders (contact_phone,delivery_address,delivery_fee,last_updated,latitude,longitude,order_date,restaurant_id,status,subtotal,tax,total_amount,user_id,order_id) values (?,?,?,?,?,?,?,?,?,?,?,?,?,default)
2026-09-26T14:50:11.468+05:30 DEBUG 63072 --- [           main] org.hibernate.SQL                        : insert into order_items (item_name,menu_item_id,quantity,total_price,unit_price,id) values (?,?,?,?,?,default)
2026-09-26T14:50:11.468+05:30 DEBUG 63072 --- [           main] org.hibernate.SQL                        : update order_items set order_id=? where id=?
2026-09-26T14:50:11.468+05:30 DEBUG 63072 --- [           main] org.hibernate.SQL                        : insert into orders (contact_phone,delivery_address,delivery_fee,last_updated,latitude,longitude,order_date,restaurant_id,status,subtotal,tax,total_amount,user_id,order_id) values (?,?,?,?,?,?,?,?,?,?,?,?,?,default)
2026-09-26T14:50:11.469+05:30 DEBUG 63072 --- [           main] org.hibernate.SQL                        : insert into order_items (item_name,menu_item_id,quantity,total_price,unit_price,id) values (?,?,?,?,?,default)
2026-09-26T14:50:11.469+05:30 DEBUG 63072 --- [           main] org.hibernate.SQL                        : update order_items set order_id=? where id=?
2026-09-26T14:50:11.469+05:30 DEBUG 63072 --- [           main] org.hibernate.SQL                        : insert into orders (contact_phone,delivery_address,delivery_fee,last_updated,latitude,longitude,order_date,restaurant_id,status,subtotal,tax,total_amount,user_id,order_id) values (?,?,?,?,?,?,?,?,?,?,?,?,?,default)
2026-09-26T14:50:11.469+05:30 DEBUG 63072 --- [           main] org.hibernate.SQL                        : insert into order_items (item_name,menu_item_id,quantity,total_price,unit_price,id) values (?,?,?,?,?,default)
2026-09-26T14:50:11.469+05:30 DEBUG 63072 --- [           main] org.hibernate.SQL                        : update order_items set order_id=? where id=?
2026-09-26T14:50:11.470+05:30 DEBUG 63072 --- [           main] org.hibernate.SQL                        : insert into orders (contact_phone,delivery_address,delivery_fee,last_updated,latitude,longitude,order_date,restaurant_id,status,subtotal,tax,total_amount,user_id,order_id) values (?,?,?,?,?,?,?,?,?,?,?,?,?,default)
2026-09-26T14:50:11.470+05:30 DEBUG 63072 --- [           main] org.hibernate.SQL                        : insert into order_items (item_name,menu_item_id,quantity,total_price,unit_price,id) values (?,?,?,?,?,default)
2026-09-26T14:50:11.470+05:30 DEBUG 63072 --- [           main] org.hibernate.SQL                        : update order_items set order_id=? where id=?
2026-09-26T14:50:11.471+05:30 DEBUG 63072 --- [           main] org.hibernate.SQL                        : insert into orders (contact_phone,delivery_address,delivery_fee,last_updated,latitude,longitude,order_date,restaurant_id,status,subtotal,tax,total_amount,user_id,order_id) values (?,?,?,?,?,?,?,?,?,?,?,?,?,default)
2026-09-26T14:50:11.471+05:30 DEBUG 63072 --- [           main] org.hibernate.SQL                        : insert into order_items (item_name,menu_item_id,quantity,total_price,unit_price,id) values (?,?,?,?,?,default)
2026-09-26T14:50:11.471+05:30 DEBUG 63072 --- [           main] org.hibernate.SQL                        : update order_items set order_id=? where id=?
2026-09-26T14:50:11.471+05:30 DEBUG 63072 --- [           main] org.hibernate.SQL                        : insert into orders (contact_phone,delivery_address,delivery_fee,last_updated,latitude,longitude,order_date,restaurant_id,status,subtotal,tax,total_amount,user_id,order_id) values (?,?,?,?,?,?,?,?,?,?,?,?,?,default)
2026-09-26T14:50:11.471+05:30 DEBUG 63072 --- [           main] org.hibernate.SQL                        : insert into order_items (item_name,menu_item_id,quantity,total_price,unit_price,id) values (?,?,?,?,?,default)
2026-09-26T14:50:11.472+05:30 DEBUG 63072 --- [           main] org.hibernate.SQL                        : update order_items set order_id=? where id=?
2026-09-26T14:50:11.472+05:30 DEBUG 63072 --- [           main] org.hibernate.SQL                        : insert into orders (contact_phone,delivery_address,delivery_fee,last_updated,latitude,longitude,order_date,restaurant_id,status,subtotal,tax,total_amount,user_id,order_id) values (?,?,?,?,?,?,?,?,?,?,?,?,?,default)
2026-09-26T14:50:11.472+05:30 DEBUG 63072 --- [           main] org.hibernate.SQL                        : insert into order_items (item_name,menu_item_id,quantity,total_price,unit_price,id) values (?,?,?,?,?,default)
2026-09-26T14:50:11.472+05:30 DEBUG 63072 --- [           main] org.hibernate.SQL                        : update order_items set order_id=? where id=?
2026-09-26T14:50:11.473+05:30 DEBUG 63072 --- [           main] org.hibernate.SQL                        : insert into orders (contact_phone,delivery_address,delivery_fee,last_updated,latitude,longitude,order_date,restaurant_id,status,subtotal,tax,total_amount,user_id,order_id) values (?,?,?,?,?,?,?,?,?,?,?,?,?,default)
2026-09-26T14:50:11.473+05:30 DEBUG 63072 --- [           main] org.hibernate.SQL                        : insert into order_items (item_name,menu_item_id,quantity,total_price,unit_price,id) values (?,?,?,?,?,default)
2026-09-26T14:50:11.473+05:30 DEBUG 63072 --- [           main] org.hibernate.SQL                        : update order_items set order_id=? where id=?
2026-09-26T14:50:11.473+05:30 DEBUG 63072 --- [           main] org.hibernate.SQL                        : insert into orders (contact_phone,delivery_address,delivery_fee,last_updated,latitude,longitude,order_date,restaurant_id,status,subtotal,tax,total_amount,user_id,order_id) values (?,?,?,?,?,?,?,?,?,?,?,?,?,default)
2026-09-26T14:50:11.474+05:30 DEBUG 63072 --- [           main] org.hibernate.SQL                        : insert into order_items (item_name,menu_item_id,quantity,total_price,unit_price,id) values (?,?,?,?,?,default)
2026-09-26T14:50:11.474+05:30 DEBUG 63072 --- [           main] org.hibernate.SQL                        : update order_items set order_id=? where id=?
2026-09-26T14:50:11.474+05:30 DEBUG 63072 --- [           main] org.hibernate.SQL                        : insert into orders (contact_phone,delivery_address,delivery_fee,last_updated,latitude,longitude,order_date,restaurant_id,status,subtotal,tax,total_amount,user_id,order_id) values (?,?,?,?,?,?,?,?,?,?,?,?,?,default)
2026-09-26T14:50:11.474+05:30 DEBUG 63072 --- [           main] org.hibernate.SQL                        : insert into order_items (item_name,menu_item_id,quantity,total_price,unit_price,id) values (?,?,?,?,?,default)
2026-09-26T14:50:11.474+05:30 DEBUG 63072 --- [           main] org.hibernate.SQL                        : update order_items set order_id=? where id=?
2026-09-26T14:50:11.475+05:30 DEBUG 63072 --- [           main] org.hibernate.SQL                        : insert into orders (contact_phone,delivery_address,delivery_fee,last_updated,latitude,longitude,order_date,restaurant_id,status,subtotal,tax,total_amount,user_id,order_id) values (?,?,?,?,?,?,?,?,?,?,?,?,?,default)
2026-09-26T14:50:11.475+05:30 DEBUG 63072 --- [           main] org.hibernate.SQL                        : insert into order_items (item_name,menu_item_id,quantity,total_price,unit_price,id) values (?,?,?,?,?,default)
2026-09-26T14:50:11.475+05:30 DEBUG 63072 --- [           main] org.hibernate.SQL                        : update order_items set order_id=? where id=?
2026-09-26T14:50:11.476+05:30 DEBUG 63072 --- [           main] org.hibernate.SQL                        : insert into orders (contact_phone,delivery_address,delivery_fee,last_updated,latitude,longitude,order_date,restaurant_id,status,subtotal,tax,total_amount,user_id,order_id) values (?,?,?,?,?,?,?,?,?,?,?,?,?,default)
2026-09-26T14:50:11.476+05:30 DEBUG 63072 --- [           main] org.hibernate.SQL                        : insert into order_items (item_name,menu_item_id,quantity,total_price,unit_price,id) values (?,?,?,?,?,default)
2026-09-26T14:50:11.476+05:30 DEBUG 63072 --- [           main] org.hibernate.SQL                        : update order_items set order_id=? where id=?
2026-09-26T14:50:11.476+05:30 DEBUG 63072 --- [           main] org.hibernate.SQL                        : insert into orders (contact_phone,delivery_address,delivery_fee,last_updated,latitude,longitude,order_date,restaurant_id,status,subtotal,tax,total_amount,user_id,order_id) values (?,?,?,?,?,?,?,?,?,?,?,?,?,default)
2026-09-26T14:50:11.476+05:30 DEBUG 63072 --- [           main] org.hibernate.SQL                        : insert into order_items (item_name,menu_item_id,quantity,total_price,unit_price,id) values (?,?,?,?,?,default)
2026-09-26T14:50:11.477+05:30 DEBUG 63072 --- [           main] org.hibernate.SQL                        : update order_items set order_id=? where id=?
2026-09-26T14:50:11.477+05:30 DEBUG 63072 --- [           main] org.hibernate.SQL                        : insert into orders (contact_phone,delivery_address,delivery_fee,last_updated,latitude,longitude,order_date,restaurant_id,status,subtotal,tax,total_amount,user_id,order_id) values (?,?,?,?,?,?,?,?,?,?,?,?,?,default)
2026-09-26T14:50:11.477+05:30 DEBUG 63072 --- [           main] org.hibernate.SQL                        : insert into order_items (item_name,menu_item_id,quantity,total_price,unit_price,id) values (?,?,?,?,?,default)
2026-09-26T14:50:11.477+05:30 DEBUG 63072 --- [           main] org.hibernate.SQL                        : update order_items set order_id=? where id=?
2026-09-26T14:50:11.478+05:30 DEBUG 63072 --- [           main] org.hibernate.SQL                        : insert into orders (contact_phone,delivery_address,delivery_fee,last_updated,latitude,longitude,order_date,restaurant_id,status,subtotal,tax,total_amount,user_id,order_id) values (?,?,?,?,?,?,?,?,?,?,?,?,?,default)
2026-09-26T14:50:11.478+05:30 DEBUG 63072 --- [           main] org.hibernate.SQL                        : insert into order_items (item_name,menu_item_id,quantity,total_price,unit_price,id) values (?,?,?,?,?,default)
2026-09-26T14:50:11.478+05:30 DEBUG 63072 --- [           main] org.hibernate.SQL                        : update order_items set order_id=? where id=?
2026-09-26T14:50:11.478+05:30 DEBUG 63072 --- [           main] org.hibernate.SQL                        : insert into orders (contact_phone,delivery_address,delivery_fee,last_updated,latitude,longitude,order_date,restaurant_id,status,subtotal,tax,total_amount,user_id,order_id) values (?,?,?,?,?,?,?,?,?,?,?,?,?,default)
2026-09-26T14:50:11.479+05:30 DEBUG 63072 --- [           main] org.hibernate.SQL                        : insert into order_items (item_name,menu_item_id,quantity,total_price,unit_price,id) values (?,?,?,?,?,default)
2026-09-26T14:50:11.479+05:30 DEBUG 63072 --- [           main] org.hibernate.SQL                        : update order_items set order_id=? where id=?
2026-09-26T14:50:11.479+05:30 DEBUG 63072 --- [           main] org.hibernate.SQL                        : insert into orders (contact_phone,delivery_address,delivery_fee,last_updated,latitude,longitude,order_date,restaurant_id,status,subtotal,tax,total_amount,user_id,order_id) values (?,?,?,?,?,?,?,?,?,?,?,?,?,default)
2026-09-26T14:50:11.479+05:30 DEBUG 63072 --- [           main] org.hibernate.SQL                        : insert into order_items (item_name,menu_item_id,quantity,total_price,unit_price,id) values (?,?,?,?,?,default)
2026-09-26T14:50:11.479+05:30 DEBUG 63072 --- [           main] org.hibernate.SQL                        : update order_items set order_id=? where id=?
2026-09-26T14:50:11.480+05:30 DEBUG 63072 --- [           main] org.hibernate.SQL                        : insert into orders (contact_phone,delivery_address,delivery_fee,last_updated,latitude,longitude,order_date,restaurant_id,status,subtotal,tax,total_amount,user_id,order_id) values (?,?,?,?,?,?,?,?,?,?,?,?,?,default)
2026-09-26T14:50:11.480+05:30 DEBUG 63072 --- [           main] org.hibernate.SQL                        : insert into order_items (item_name,menu_item_id,quantity,total_price,unit_price,id) values (?,?,?,?,?,default)
2026-09-26T14:50:11.480+05:30 DEBUG 63072 --- [           main] org.hibernate.SQL                        : update order_items set order_id=? where id=?
2026-09-26T14:50:11.480+05:30 DEBUG 63072 --- [           main] org.hibernate.SQL                        : insert into orders (contact_phone,delivery_address,delivery_fee,last_updated,latitude,longitude,order_date,restaurant_id,status,subtotal,tax,total_amount,user_id,order_id) values (?,?,?,?,?,?,?,?,?,?,?,?,?,default)
2026-09-26T14:50:11.481+05:30 DEBUG 63072 --- [           main] org.hibernate.SQL                        : insert into order_items (item_name,menu_item_id,quantity,total_price,unit_price,id) values (?,?,?,?,?,default)
2026-09-26T14:50:11.481+05:30 DEBUG 63072 --- [           main] org.hibernate.SQL                        : update order_items set order_id=? where id=?
2026-09-26T14:50:11.481+05:30 DEBUG 63072 --- [           main] org.hibernate.SQL                        : insert into orders (contact_phone,delivery_address,delivery_fee,last_updated,latitude,longitude,order_date,restaurant_id,status,subtotal,tax,total_amount,user_id,order_id) values (?,?,?,?,?,?,?,?,?,?,?,?,?,default)
2026-09-26T14:50:11.482+05:30 DEBUG 63072 --- [           main] org.hibernate.SQL                        : insert into order_items (item_name,menu_item_id,quantity,total_price,unit_price,id) values (?,?,?,?,?,default)
2026-09-26T14:50:11.482+05:30 DEBUG 63072 --- [           main] org.hibernate.SQL                        : update order_items set order_id=? where id=?
2026-09-26T14:50:11.482+05:30 DEBUG 63072 --- [           main] org.hibernate.SQL                        : insert into orders (contact_phone,delivery_address,delivery_fee,last_updated,latitude,longitude,order_date,restaurant_id,status,subtotal,tax,total_amount,user_id,order_id) values (?,?,?,?,?,?,?,?,?,?,?,?,?,default)
2026-09-26T14:50:11.482+05:30 DEBUG 63072 --- [           main] org.hibernate.SQL                        : insert into order_items (item_name,menu_item_id,quantity,total_price,unit_price,id) values (?,?,?,?,?,default)
2026-09-26T14:50:11.482+05:30 DEBUG 63072 --- [           main] org.hibernate.SQL                        : update order_items set order_id=? where id=?
2026-09-26T14:50:11.483+05:30 DEBUG 63072 --- [           main] org.hibernate.SQL                        : insert into orders (contact_phone,delivery_address,delivery_fee,last_updated,latitude,longitude,order_date,restaurant_id,status,subtotal,tax,total_amount,user_id,order_id) values (?,?,?,?,?,?,?,?,?,?,?,?,?,default)
2026-09-26T14:50:11.483+05:30 DEBUG 63072 --- [           main] org.hibernate.SQL                        : insert into order_items (item_name,menu_item_id,quantity,total_price,unit_price,id) values (?,?,?,?,?,default)
2026-09-26T14:50:11.483+05:30 DEBUG 63072 --- [           main] org.hibernate.SQL                        : update order_items set order_id=? where id=?
2026-09-26T14:50:11.483+05:30 DEBUG 63072 --- [           main] org.hibernate.SQL                        : insert into orders (contact_phone,delivery_address,delivery_fee,last_updated,latitude,longitude,order_date,restaurant_id,status,subtotal,tax,total_amount,user_id,order_id) values (?,?,?,?,?,?,?,?,?,?,?,?,?,default)
2026-09-26T14:50:11.484+05:30 DEBUG 63072 --- [           main] org.hibernate.SQL                        : insert into order_items (item_name,menu_item_id,quantity,total_price,unit_price,id) values (?,?,?,?,?,default)
2026-09-26T14:50:11.484+05:30 DEBUG 63072 --- [           main] org.hibernate.SQL                        : update order_items set order_id=? where id=?
2026-09-26T14:50:11.484+05:30 DEBUG 63072 --- [           main] org.hibernate.SQL                        : insert into orders (contact_phone,delivery_address,delivery_fee,last_updated,latitude,longitude,order_date,restaurant_id,status,subtotal,tax,total_amount,user_id,order_id) values (?,?,?,?,?,?,?,?,?,?,?,?,?,default)
2026-09-26T14:50:11.484+05:30 DEBUG 63072 --- [           main] org.hibernate.SQL                        : insert into order_items (item_name,menu_item_id,quantity,total_price,unit_price,id) values (?,?,?,?,?,default)
2026-09-26T14:50:11.484+05:30 DEBUG 63072 --- [           main] org.hibernate.SQL                        : update order_items set order_id=? where id=?
2026-09-26T14:50:11.485+05:30 DEBUG 63072 --- [           main] org.hibernate.SQL                        : insert into orders (contact_phone,delivery_address,delivery_fee,last_updated,latitude,longitude,order_date,restaurant_id,status,subtotal,tax,total_amount,user_id,order_id) values (?,?,?,?,?,?,?,?,?,?,?,?,?,default)
2026-09-26T14:50:11.486+05:30 DEBUG 63072 --- [           main] org.hibernate.SQL                        : insert into order_items (item_name,menu_item_id,quantity,total_price,unit_price,id) values (?,?,?,?,?,default)
2026-09-26T14:50:11.487+05:30 DEBUG 63072 --- [           main] org.hibernate.SQL                        : update order_items set order_id=? where id=?
2026-09-26T14:50:11.490+05:30 DEBUG 63072 --- [           main] org.hibernate.SQL                        : insert into orders (contact_phone,delivery_address,delivery_fee,last_updated,latitude,longitude,order_date,restaurant_id,status,subtotal,tax,total_amount,user_id,order_id) values (?,?,?,?,?,?,?,?,?,?,?,?,?,default)
2026-09-26T14:50:11.490+05:30 DEBUG 63072 --- [           main] org.hibernate.SQL                        : insert into order_items (item_name,menu_item_id,quantity,total_price,unit_price,id) values (?,?,?,?,?,default)
2026-09-26T14:50:11.491+05:30 DEBUG 63072 --- [           main] org.hibernate.SQL                        : update order_items set order_id=? where id=?
2026-09-26T14:50:11.491+05:30 DEBUG 63072 --- [           main] org.hibernate.SQL                        : insert into orders (contact_phone,delivery_address,delivery_fee,last_updated,latitude,longitude,order_date,restaurant_id,status,subtotal,tax,total_amount,user_id,order_id) values (?,?,?,?,?,?,?,?,?,?,?,?,?,default)
2026-09-26T14:50:11.492+05:30 DEBUG 63072 --- [           main] org.hibernate.SQL                        : insert into order_items (item_name,menu_item_id,quantity,total_price,unit_price,id) values (?,?,?,?,?,default)
2026-09-26T14:50:11.492+05:30 DEBUG 63072 --- [           main] org.hibernate.SQL                        : update order_items set order_id=? where id=?
2026-09-26T14:50:11.492+05:30 DEBUG 63072 --- [           main] org.hibernate.SQL                        : insert into orders (contact_phone,delivery_address,delivery_fee,last_updated,latitude,longitude,order_date,restaurant_id,status,subtotal,tax,total_amount,user_id,order_id) values (?,?,?,?,?,?,?,?,?,?,?,?,?,default)
2026-09-26T14:50:11.492+05:30 DEBUG 63072 --- [           main] org.hibernate.SQL                        : insert into order_items (item_name,menu_item_id,quantity,total_price,unit_price,id) values (?,?,?,?,?,default)
2026-09-26T14:50:11.492+05:30 DEBUG 63072 --- [           main] org.hibernate.SQL                        : update order_items set order_id=? where id=?
2026-09-26T14:50:11.493+05:30 DEBUG 63072 --- [           main] org.hibernate.SQL                        : insert into orders (contact_phone,delivery_address,delivery_fee,last_updated,latitude,longitude,order_date,restaurant_id,status,subtotal,tax,total_amount,user_id,order_id) values (?,?,?,?,?,?,?,?,?,?,?,?,?,default)
2026-09-26T14:50:11.493+05:30 DEBUG 63072 --- [           main] org.hibernate.SQL                        : insert into order_items (item_name,menu_item_id,quantity,total_price,unit_price,id) values (?,?,?,?,?,default)
2026-09-26T14:50:11.493+05:30 DEBUG 63072 --- [           main] org.hibernate.SQL                        : update order_items set order_id=? where id=?
2026-09-26T14:50:11.494+05:30 DEBUG 63072 --- [           main] org.hibernate.SQL                        : insert into orders (contact_phone,delivery_address,delivery_fee,last_updated,latitude,longitude,order_date,restaurant_id,status,subtotal,tax,total_amount,user_id,order_id) values (?,?,?,?,?,?,?,?,?,?,?,?,?,default)
2026-09-26T14:50:11.494+05:30 DEBUG 63072 --- [           main] org.hibernate.SQL                        : insert into order_items (item_name,menu_item_id,quantity,total_price,unit_price,id) values (?,?,?,?,?,default)
2026-09-26T14:50:11.494+05:30 DEBUG 63072 --- [           main] org.hibernate.SQL                        : update order_items set order_id=? where id=?
2026-09-26T14:50:11.494+05:30 DEBUG 63072 --- [           main] org.hibernate.SQL                        : insert into orders (contact_phone,delivery_address,delivery_fee,last_updated,latitude,longitude,order_date,restaurant_id,status,subtotal,tax,total_amount,user_id,order_id) values (?,?,?,?,?,?,?,?,?,?,?,?,?,default)
2026-09-26T14:50:11.495+05:30 DEBUG 63072 --- [           main] org.hibernate.SQL                        : insert into order_items (item_name,menu_item_id,quantity,total_price,unit_price,id) values (?,?,?,?,?,default)
2026-09-26T14:50:11.495+05:30 DEBUG 63072 --- [           main] org.hibernate.SQL                        : update order_items set order_id=? where id=?
2026-09-26T14:50:11.495+05:30 DEBUG 63072 --- [           main] org.hibernate.SQL                        : insert into orders (contact_phone,delivery_address,delivery_fee,last_updated,latitude,longitude,order_date,restaurant_id,status,subtotal,tax,total_amount,user_id,order_id) values (?,?,?,?,?,?,?,?,?,?,?,?,?,default)
2026-09-26T14:50:11.495+05:30 DEBUG 63072 --- [           main] org.hibernate.SQL                        : insert into order_items (item_name,menu_item_id,quantity,total_price,unit_price,id) values (?,?,?,?,?,default)
2026-09-26T14:50:11.495+05:30 DEBUG 63072 --- [           main] org.hibernate.SQL                        : update order_items set order_id=? where id=?
2026-09-26T14:50:11.496+05:30 DEBUG 63072 --- [           main] org.hibernate.SQL                        : insert into orders (contact_phone,delivery_address,delivery_fee,last_updated,latitude,longitude,order_date,restaurant_id,status,subtotal,tax,total_amount,user_id,order_id) values (?,?,?,?,?,?,?,?,?,?,?,?,?,default)
2026-09-26T14:50:11.496+05:30 DEBUG 63072 --- [           main] org.hibernate.SQL                        : insert into order_items (item_name,menu_item_id,quantity,total_price,unit_price,id) values (?,?,?,?,?,default)
2026-09-26T14:50:11.496+05:30 DEBUG 63072 --- [           main] org.hibernate.SQL                        : update order_items set order_id=? where id=?
2026-09-26T14:50:11.496+05:30 DEBUG 63072 --- [           main] org.hibernate.SQL                        : insert into orders (contact_phone,delivery_address,delivery_fee,last_updated,latitude,longitude,order_date,restaurant_id,status,subtotal,tax,total_amount,user_id,order_id) values (?,?,?,?,?,?,?,?,?,?,?,?,?,default)
2026-09-26T14:50:11.497+05:30 DEBUG 63072 --- [           main] org.hibernate.SQL                        : insert into order_items (item_name,menu_item_id,quantity,total_price,unit_price,id) values (?,?,?,?,?,default)
2026-09-26T14:50:11.497+05:30 DEBUG 63072 --- [           main] org.hibernate.SQL                        : update order_items set order_id=? where id=?
2026-09-26T14:50:11.497+05:30 DEBUG 63072 --- [           main] org.hibernate.SQL                        : insert into orders (contact_phone,delivery_address,delivery_fee,last_updated,latitude,longitude,order_date,restaurant_id,status,subtotal,tax,total_amount,user_id,order_id) values (?,?,?,?,?,?,?,?,?,?,?,?,?,default)
2026-09-26T14:50:11.497+05:30 DEBUG 63072 --- [           main] org.hibernate.SQL                        : insert into order_items (item_name,menu_item_id,quantity,total_price,unit_price,id) values (?,?,?,?,?,default)
2026-09-26T14:50:11.498+05:30 DEBUG 63072 --- [           main] org.hibernate.SQL                        : update order_items set order_id=? where id=?
2026-09-26T14:50:11.498+05:30 DEBUG 63072 --- [           main] org.hibernate.SQL                        : insert into orders (contact_phone,delivery_address,delivery_fee,last_updated,latitude,longitude,order_date,restaurant_id,status,subtotal,tax,total_amount,user_id,order_id) values (?,?,?,?,?,?,?,?,?,?,?,?,?,default)
2026-09-26T14:50:11.498+05:30 DEBUG 63072 --- [           main] org.hibernate.SQL                        : insert into order_items (item_name,menu_item_id,quantity,total_price,unit_price,id) values (?,?,?,?,?,default)
2026-09-26T14:50:11.499+05:30 DEBUG 63072 --- [           main] org.hibernate.SQL                        : update order_items set order_id=? where id=?
2026-09-26T14:50:11.499+05:30 DEBUG 63072 --- [           main] org.hibernate.SQL                        : insert into orders (contact_phone,delivery_address,delivery_fee,last_updated,latitude,longitude,order_date,restaurant_id,status,subtotal,tax,total_amount,user_id,order_id) values (?,?,?,?,?,?,?,?,?,?,?,?,?,default)
2026-09-26T14:50:11.499+05:30 DEBUG 63072 --- [           main] org.hibernate.SQL                        : insert into order_items (item_name,menu_item_id,quantity,total_price,unit_price,id) values (?,?,?,?,?,default)
2026-09-26T14:50:11.499+05:30 DEBUG 63072 --- [           main] org.hibernate.SQL                        : update order_items set order_id=? where id=?
2026-09-26T14:50:11.500+05:30 DEBUG 63072 --- [           main] org.hibernate.SQL                        : insert into orders (contact_phone,delivery_address,delivery_fee,last_updated,latitude,longitude,order_date,restaurant_id,status,subtotal,tax,total_amount,user_id,order_id) values (?,?,?,?,?,?,?,?,?,?,?,?,?,default)
2026-09-26T14:50:11.500+05:30 DEBUG 63072 --- [           main] org.hibernate.SQL                        : insert into order_items (item_name,menu_item_id,quantity,total_price,unit_price,id) values (?,?,?,?,?,default)
2026-09-26T14:50:11.500+05:30 DEBUG 63072 --- [           main] org.hibernate.SQL                        : update order_items set order_id=? where id=?
2026-09-26T14:50:11.500+05:30 DEBUG 63072 --- [           main] org.hibernate.SQL                        : insert into orders (contact_phone,delivery_address,delivery_fee,last_updated,latitude,longitude,order_date,restaurant_id,status,subtotal,tax,total_amount,user_id,order_id) values (?,?,?,?,?,?,?,?,?,?,?,?,?,default)
2026-09-26T14:50:11.501+05:30 DEBUG 63072 --- [           main] org.hibernate.SQL                        : insert into order_items (item_name,menu_item_id,quantity,total_price,unit_price,id) values (?,?,?,?,?,default)
2026-09-26T14:50:11.501+05:30 DEBUG 63072 --- [           main] org.hibernate.SQL                        : update order_items set order_id=? where id=?
2026-09-26T14:50:11.501+05:30 DEBUG 63072 --- [           main] org.hibernate.SQL                        : insert into orders (contact_phone,delivery_address,delivery_fee,last_updated,latitude,longitude,order_date,restaurant_id,status,subtotal,tax,total_amount,user_id,order_id) values (?,?,?,?,?,?,?,?,?,?,?,?,?,default)
2026-09-26T14:50:11.501+05:30 DEBUG 63072 --- [           main] org.hibernate.SQL                        : insert into order_items (item_name,menu_item_id,quantity,total_price,unit_price,id) values (?,?,?,?,?,default)
2026-09-26T14:50:11.501+05:30 DEBUG 63072 --- [           main] org.hibernate.SQL                        : update order_items set order_id=? where id=?
2026-09-26T14:50:11.502+05:30 DEBUG 63072 --- [           main] org.hibernate.SQL                        : insert into orders (contact_phone,delivery_address,delivery_fee,last_updated,latitude,longitude,order_date,restaurant_id,status,subtotal,tax,total_amount,user_id,order_id) values (?,?,?,?,?,?,?,?,?,?,?,?,?,default)
2026-09-26T14:50:11.502+05:30 DEBUG 63072 --- [           main] org.hibernate.SQL                        : insert into order_items (item_name,menu_item_id,quantity,total_price,unit_price,id) values (?,?,?,?,?,default)
2026-09-26T14:50:11.502+05:30 DEBUG 63072 --- [           main] org.hibernate.SQL                        : update order_items set order_id=? where id=?
2026-09-26T14:50:11.502+05:30 DEBUG 63072 --- [           main] org.hibernate.SQL                        : insert into orders (contact_phone,delivery_address,delivery_fee,last_updated,latitude,longitude,order_date,restaurant_id,status,subtotal,tax,total_amount,user_id,order_id) values (?,?,?,?,?,?,?,?,?,?,?,?,?,default)
2026-09-26T14:50:11.503+05:30 DEBUG 63072 --- [           main] org.hibernate.SQL                        : insert into order_items (item_name,menu_item_id,quantity,total_price,unit_price,id) values (?,?,?,?,?,default)
2026-09-26T14:50:11.503+05:30 DEBUG 63072 --- [           main] org.hibernate.SQL                        : update order_items set order_id=? where id=?
2026-09-26T14:50:11.503+05:30 DEBUG 63072 --- [           main] org.hibernate.SQL                        : insert into orders (contact_phone,delivery_address,delivery_fee,last_updated,latitude,longitude,order_date,restaurant_id,status,subtotal,tax,total_amount,user_id,order_id) values (?,?,?,?,?,?,?,?,?,?,?,?,?,default)
2026-09-26T14:50:11.503+05:30 DEBUG 63072 --- [           main] org.hibernate.SQL                        : insert into order_items (item_name,menu_item_id,quantity,total_price,unit_price,id) values (?,?,?,?,?,default)
2026-09-26T14:50:11.504+05:30 DEBUG 63072 --- [           main] org.hibernate.SQL                        : update order_items set order_id=? where id=?
2026-09-26T14:50:11.504+05:30 DEBUG 63072 --- [           main] org.hibernate.SQL                        : insert into orders (contact_phone,delivery_address,delivery_fee,last_updated,latitude,longitude,order_date,restaurant_id,status,subtotal,tax,total_amount,user_id,order_id) values (?,?,?,?,?,?,?,?,?,?,?,?,?,default)
2026-09-26T14:50:11.504+05:30 DEBUG 63072 --- [           main] org.hibernate.SQL                        : insert into order_items (item_name,menu_item_id,quantity,total_price,unit_price,id) values (?,?,?,?,?,default)
2026-09-26T14:50:11.504+05:30 DEBUG 63072 --- [           main] org.hibernate.SQL                        : update order_items set order_id=? where id=?
2026-09-26T14:50:11.505+05:30 DEBUG 63072 --- [           main] org.hibernate.SQL                        : insert into orders (contact_phone,delivery_address,delivery_fee,last_updated,latitude,longitude,order_date,restaurant_id,status,subtotal,tax,total_amount,user_id,order_id) values (?,?,?,?,?,?,?,?,?,?,?,?,?,default)
2026-09-26T14:50:11.505+05:30 DEBUG 63072 --- [           main] org.hibernate.SQL                        : insert into order_items (item_name,menu_item_id,quantity,total_price,unit_price,id) values (?,?,?,?,?,default)
2026-09-26T14:50:11.505+05:30 DEBUG 63072 --- [           main] org.hibernate.SQL                        : update order_items set order_id=? where id=?
2026-09-26T14:50:11.505+05:30 DEBUG 63072 --- [           main] org.hibernate.SQL                        : insert into orders (contact_phone,delivery_address,delivery_fee,last_updated,latitude,longitude,order_date,restaurant_id,status,subtotal,tax,total_amount,user_id,order_id) values (?,?,?,?,?,?,?,?,?,?,?,?,?,default)
2026-09-26T14:50:11.505+05:30 DEBUG 63072 --- [           main] org.hibernate.SQL                        : insert into order_items (item_name,menu_item_id,quantity,total_price,unit_price,id) values (?,?,?,?,?,default)
2026-09-26T14:50:11.506+05:30 DEBUG 63072 --- [           main] org.hibernate.SQL                        : update order_items set order_id=? where id=?
2026-09-26T14:50:11.506+05:30 DEBUG 63072 --- [           main] org.hibernate.SQL                        : insert into orders (contact_phone,delivery_address,delivery_fee,last_updated,latitude,longitude,order_date,restaurant_id,status,subtotal,tax,total_amount,user_id,order_id) values (?,?,?,?,?,?,?,?,?,?,?,?,?,default)
2026-09-26T14:50:11.506+05:30 DEBUG 63072 --- [           main] org.hibernate.SQL                        : insert into order_items (item_name,menu_item_id,quantity,total_price,unit_price,id) values (?,?,?,?,?,default)
2026-09-26T14:50:11.506+05:30 DEBUG 63072 --- [           main] org.hibernate.SQL                        : update order_items set order_id=? where id=?
2026-09-26T14:50:11.507+05:30 DEBUG 63072 --- [           main] org.hibernate.SQL                        : insert into orders (contact_phone,delivery_address,delivery_fee,last_updated,latitude,longitude,order_date,restaurant_id,status,subtotal,tax,total_amount,user_id,order_id) values (?,?,?,?,?,?,?,?,?,?,?,?,?,default)
2026-09-26T14:50:11.507+05:30 DEBUG 63072 --- [           main] org.hibernate.SQL                        : insert into order_items (item_name,menu_item_id,quantity,total_price,unit_price,id) values (?,?,?,?,?,default)
2026-09-26T14:50:11.507+05:30 DEBUG 63072 --- [           main] org.hibernate.SQL                        : update order_items set order_id=? where id=?
2026-09-26T14:50:11.507+05:30 DEBUG 63072 --- [           main] org.hibernate.SQL                        : insert into orders (contact_phone,delivery_address,delivery_fee,last_updated,latitude,longitude,order_date,restaurant_id,status,subtotal,tax,total_amount,user_id,order_id) values (?,?,?,?,?,?,?,?,?,?,?,?,?,default)
2026-09-26T14:50:11.507+05:30 DEBUG 63072 --- [           main] org.hibernate.SQL                        : insert into order_items (item_name,menu_item_id,quantity,total_price,unit_price,id) values (?,?,?,?,?,default)
2026-09-26T14:50:11.508+05:30 DEBUG 63072 --- [           main] org.hibernate.SQL                        : update order_items set order_id=? where id=?
2026-09-26T14:50:11.508+05:30 DEBUG 63072 --- [           main] org.hibernate.SQL                        : insert into orders (contact_phone,delivery_address,delivery_fee,last_updated,latitude,longitude,order_date,restaurant_id,status,subtotal,tax,total_amount,user_id,order_id) values (?,?,?,?,?,?,?,?,?,?,?,?,?,default)
2026-09-26T14:50:11.508+05:30 DEBUG 63072 --- [           main] org.hibernate.SQL                        : insert into order_items (item_name,menu_item_id,quantity,total_price,unit_price,id) values (?,?,?,?,?,default)
2026-09-26T14:50:11.508+05:30 DEBUG 63072 --- [           main] org.hibernate.SQL                        : update order_items set order_id=? where id=?
2026-09-26T14:50:11.508+05:30 DEBUG 63072 --- [           main] org.hibernate.SQL                        : insert into orders (contact_phone,delivery_address,delivery_fee,last_updated,latitude,longitude,order_date,restaurant_id,status,subtotal,tax,total_amount,user_id,order_id) values (?,?,?,?,?,?,?,?,?,?,?,?,?,default)
2026-09-26T14:50:11.509+05:30 DEBUG 63072 --- [           main] org.hibernate.SQL                        : insert into order_items (item_name,menu_item_id,quantity,total_price,unit_price,id) values (?,?,?,?,?,default)
2026-09-26T14:50:11.509+05:30 DEBUG 63072 --- [           main] org.hibernate.SQL                        : update order_items set order_id=? where id=?
2026-09-26T14:50:11.509+05:30 DEBUG 63072 --- [           main] org.hibernate.SQL                        : insert into orders (contact_phone,delivery_address,delivery_fee,last_updated,latitude,longitude,order_date,restaurant_id,status,subtotal,tax,total_amount,user_id,order_id) values (?,?,?,?,?,?,?,?,?,?,?,?,?,default)
2026-09-26T14:50:11.509+05:30 DEBUG 63072 --- [           main] org.hibernate.SQL                        : insert into order_items (item_name,menu_item_id,quantity,total_price,unit_price,id) values (?,?,?,?,?,default)
2026-09-26T14:50:11.509+05:30 DEBUG 63072 --- [           main] org.hibernate.SQL                        : update order_items set order_id=? where id=?
2026-09-26T14:50:11.510+05:30 DEBUG 63072 --- [           main] org.hibernate.SQL                        : insert into orders (contact_phone,delivery_address,delivery_fee,last_updated,latitude,longitude,order_date,restaurant_id,status,subtotal,tax,total_amount,user_id,order_id) values (?,?,?,?,?,?,?,?,?,?,?,?,?,default)
2026-09-26T14:50:11.510+05:30 DEBUG 63072 --- [           main] org.hibernate.SQL                        : insert into order_items (item_name,menu_item_id,quantity,total_price,unit_price,id) values (?,?,?,?,?,default)
2026-09-26T14:50:11.510+05:30 DEBUG 63072 --- [           main] org.hibernate.SQL                        : update order_items set order_id=? where id=?
2026-09-26T14:50:11.510+05:30 DEBUG 63072 --- [           main] org.hibernate.SQL                        : insert into orders (contact_phone,delivery_address,delivery_fee,last_updated,latitude,longitude,order_date,restaurant_id,status,subtotal,tax,total_amount,user_id,order_id) values (?,?,?,?,?,?,?,?,?,?,?,?,?,default)
2026-09-26T14:50:11.511+05:30 DEBUG 63072 --- [           main] org.hibernate.SQL                        : insert into order_items (item_name,menu_item_id,quantity,total_price,unit_price,id) values (?,?,?,?,?,default)
2026-09-26T14:50:11.511+05:30 DEBUG 63072 --- [           main] org.hibernate.SQL                        : update order_items set order_id=? where id=?
2026-09-26T14:50:11.511+05:30 DEBUG 63072 --- [           main] org.hibernate.SQL                        : insert into orders (contact_phone,delivery_address,delivery_fee,last_updated,latitude,longitude,order_date,restaurant_id,status,subtotal,tax,total_amount,user_id,order_id) values (?,?,?,?,?,?,?,?,?,?,?,?,?,default)
2026-09-26T14:50:11.511+05:30 DEBUG 63072 --- [           main] org.hibernate.SQL                        : insert into order_items (item_name,menu_item_id,quantity,total_price,unit_price,id) values (?,?,?,?,?,default)
2026-09-26T14:50:11.511+05:30 DEBUG 63072 --- [           main] org.hibernate.SQL                        : update order_items set order_id=? where id=?
2026-09-26T14:50:11.512+05:30 DEBUG 63072 --- [           main] org.hibernate.SQL                        : insert into orders (contact_phone,delivery_address,delivery_fee,last_updated,latitude,longitude,order_date,restaurant_id,status,subtotal,tax,total_amount,user_id,order_id) values (?,?,?,?,?,?,?,?,?,?,?,?,?,default)
2026-09-26T14:50:11.512+05:30 DEBUG 63072 --- [           main] org.hibernate.SQL                        : insert into order_items (item_name,menu_item_id,quantity,total_price,unit_price,id) values (?,?,?,?,?,default)
2026-09-26T14:50:11.512+05:30 DEBUG 63072 --- [           main] org.hibernate.SQL                        : update order_items set order_id=? where id=?
2026-09-26T14:50:11.512+05:30 DEBUG 63072 --- [           main] org.hibernate.SQL                        : insert into orders (contact_phone,delivery_address,delivery_fee,last_updated,latitude,longitude,order_date,restaurant_id,status,subtotal,tax,total_amount,user_id,order_id) values (?,?,?,?,?,?,?,?,?,?,?,?,?,default)
2026-09-26T14:50:11.512+05:30 DEBUG 63072 --- [           main] org.hibernate.SQL                        : insert into order_items (item_name,menu_item_id,quantity,total_price,unit_price,id) values (?,?,?,?,?,default)
2026-09-26T14:50:11.513+05:30 DEBUG 63072 --- [           main] org.hibernate.SQL                        : update order_items set order_id=? where id=?
2026-09-26T14:50:11.513+05:30 DEBUG 63072 --- [           main] org.hibernate.SQL                        : insert into orders (contact_phone,delivery_address,delivery_fee,last_updated,latitude,longitude,order_date,restaurant_id,status,subtotal,tax,total_amount,user_id,order_id) values (?,?,?,?,?,?,?,?,?,?,?,?,?,default)
2026-09-26T14:50:11.513+05:30 DEBUG 63072 --- [           main] org.hibernate.SQL                        : insert into order_items (item_name,menu_item_id,quantity,total_price,unit_price,id) values (?,?,?,?,?,default)
2026-09-26T14:50:11.514+05:30 DEBUG 63072 --- [           main] org.hibernate.SQL                        : update order_items set order_id=? where id=?
2026-09-26T14:50:11.514+05:30 DEBUG 63072 --- [           main] org.hibernate.SQL                        : insert into orders (contact_phone,delivery_address,delivery_fee,last_updated,latitude,longitude,order_date,restaurant_id,status,subtotal,tax,total_amount,user_id,order_id) values (?,?,?,?,?,?,?,?,?,?,?,?,?,default)
2026-09-26T14:50:11.514+05:30 DEBUG 63072 --- [           main] org.hibernate.SQL                        : insert into order_items (item_name,menu_item_id,quantity,total_price,unit_price,id) values (?,?,?,?,?,default)
2026-09-26T14:50:11.515+05:30 DEBUG 63072 --- [           main] org.hibernate.SQL                        : update order_items set order_id=? where id=?
2026-09-26T14:50:11.515+05:30 DEBUG 63072 --- [           main] org.hibernate.SQL                        : insert into orders (contact_phone,delivery_address,delivery_fee,last_updated,latitude,longitude,order_date,restaurant_id,status,subtotal,tax,total_amount,user_id,order_id) values (?,?,?,?,?,?,?,?,?,?,?,?,?,default)
2026-09-26T14:50:11.515+05:30 DEBUG 63072 --- [           main] org.hibernate.SQL                        : insert into order_items (item_name,menu_item_id,quantity,total_price,unit_price,id) values (?,?,?,?,?,default)
2026-09-26T14:50:11.515+05:30 DEBUG 63072 --- [           main] org.hibernate.SQL                        : update order_items set order_id=? where id=?
2026-09-26T14:50:11.516+05:30 DEBUG 63072 --- [           main] org.hibernate.SQL                        : insert into orders (contact_phone,delivery_address,delivery_fee,last_updated,latitude,longitude,order_date,restaurant_id,status,subtotal,tax,total_amount,user_id,order_id) values (?,?,?,?,?,?,?,?,?,?,?,?,?,default)
2026-09-26T14:50:11.516+05:30 DEBUG 63072 --- [           main] org.hibernate.SQL                        : insert into order_items (item_name,menu_item_id,quantity,total_price,unit_price,id) values (?,?,?,?,?,default)
2026-09-26T14:50:11.516+05:30 DEBUG 63072 --- [           main] org.hibernate.SQL                        : update order_items set order_id=? where id=?
2026-09-26T14:50:11.516+05:30 DEBUG 63072 --- [           main] org.hibernate.SQL                        : insert into orders (contact_phone,delivery_address,delivery_fee,last_updated,latitude,longitude,order_date,restaurant_id,status,subtotal,tax,total_amount,user_id,order_id) values (?,?,?,?,?,?,?,?,?,?,?,?,?,default)
2026-09-26T14:50:11.517+05:30 DEBUG 63072 --- [           main] org.hibernate.SQL                        : insert into order_items (item_name,menu_item_id,quantity,total_price,unit_price,id) values (?,?,?,?,?,default)
2026-09-26T14:50:11.517+05:30 DEBUG 63072 --- [           main] org.hibernate.SQL                        : update order_items set order_id=? where id=?
2026-09-26T14:50:11.517+05:30 DEBUG 63072 --- [           main] org.hibernate.SQL                        : insert into orders (contact_phone,delivery_address,delivery_fee,last_updated,latitude,longitude,order_date,restaurant_id,status,subtotal,tax,total_amount,user_id,order_id) values (?,?,?,?,?,?,?,?,?,?,?,?,?,default)
2026-09-26T14:50:11.517+05:30 DEBUG 63072 --- [           main] org.hibernate.SQL                        : insert into order_items (item_name,menu_item_id,quantity,total_price,unit_price,id) values (?,?,?,?,?,default)
2026-09-26T14:50:11.517+05:30 DEBUG 63072 --- [           main] org.hibernate.SQL                        : update order_items set order_id=? where id=?
2026-09-26T14:50:11.518+05:30 DEBUG 63072 --- [           main] org.hibernate.SQL                        : insert into orders (contact_phone,delivery_address,delivery_fee,last_updated,latitude,longitude,order_date,restaurant_id,status,subtotal,tax,total_amount,user_id,order_id) values (?,?,?,?,?,?,?,?,?,?,?,?,?,default)
2026-09-26T14:50:11.518+05:30 DEBUG 63072 --- [           main] org.hibernate.SQL                        : insert into order_items (item_name,menu_item_id,quantity,total_price,unit_price,id) values (?,?,?,?,?,default)
2026-09-26T14:50:11.518+05:30 DEBUG 63072 --- [           main] org.hibernate.SQL                        : update order_items set order_id=? where id=?
2026-09-26T14:50:11.518+05:30 DEBUG 63072 --- [           main] org.hibernate.SQL                        : insert into orders (contact_phone,delivery_address,delivery_fee,last_updated,latitude,longitude,order_date,restaurant_id,status,subtotal,tax,total_amount,user_id,order_id) values (?,?,?,?,?,?,?,?,?,?,?,?,?,default)
2026-09-26T14:50:11.518+05:30 DEBUG 63072 --- [           main] org.hibernate.SQL                        : insert into order_items (item_name,menu_item_id,quantity,total_price,unit_price,id) values (?,?,?,?,?,default)
2026-09-26T14:50:11.519+05:30 DEBUG 63072 --- [           main] org.hibernate.SQL                        : update order_items set order_id=? where id=?
2026-09-26T14:50:11.519+05:30 DEBUG 63072 --- [           main] org.hibernate.SQL                        : insert into orders (contact_phone,delivery_address,delivery_fee,last_updated,latitude,longitude,order_date,restaurant_id,status,subtotal,tax,total_amount,user_id,order_id) values (?,?,?,?,?,?,?,?,?,?,?,?,?,default)
2026-09-26T14:50:11.519+05:30 DEBUG 63072 --- [           main] org.hibernate.SQL                        : insert into order_items (item_name,menu_item_id,quantity,total_price,unit_price,id) values (?,?,?,?,?,default)
2026-09-26T14:50:11.519+05:30 DEBUG 63072 --- [           main] org.hibernate.SQL                        : update order_items set order_id=? where id=?
2026-09-26T14:50:11.519+05:30 DEBUG 63072 --- [           main] org.hibernate.SQL                        : insert into orders (contact_phone,delivery_address,delivery_fee,last_updated,latitude,longitude,order_date,restaurant_id,status,subtotal,tax,total_amount,user_id,order_id) values (?,?,?,?,?,?,?,?,?,?,?,?,?,default)
2026-09-26T14:50:11.520+05:30 DEBUG 63072 --- [           main] org.hibernate.SQL                        : insert into order_items (item_name,menu_item_id,quantity,total_price,unit_price,id) values (?,?,?,?,?,default)
2026-09-26T14:50:11.520+05:30 DEBUG 63072 --- [           main] org.hibernate.SQL                        : update order_items set order_id=? where id=?
2026-09-26T14:50:11.520+05:30 DEBUG 63072 --- [           main] org.hibernate.SQL                        : insert into orders (contact_phone,delivery_address,delivery_fee,last_updated,latitude,longitude,order_date,restaurant_id,status,subtotal,tax,total_amount,user_id,order_id) values (?,?,?,?,?,?,?,?,?,?,?,?,?,default)
2026-09-26T14:50:11.521+05:30 DEBUG 63072 --- [           main] org.hibernate.SQL                        : insert into order_items (item_name,menu_item_id,quantity,total_price,unit_price,id) values (?,?,?,?,?,default)
2026-09-26T14:50:11.521+05:30 DEBUG 63072 --- [           main] org.hibernate.SQL                        : update order_items set order_id=? where id=?
2026-09-26T14:50:11.521+05:30 DEBUG 63072 --- [           main] org.hibernate.SQL                        : insert into orders (contact_phone,delivery_address,delivery_fee,last_updated,latitude,longitude,order_date,restaurant_id,status,subtotal,tax,total_amount,user_id,order_id) values (?,?,?,?,?,?,?,?,?,?,?,?,?,default)
2026-09-26T14:50:11.521+05:30 DEBUG 63072 --- [           main] org.hibernate.SQL                        : insert into order_items (item_name,menu_item_id,quantity,total_price,unit_price,id) values (?,?,?,?,?,default)
2026-09-26T14:50:11.522+05:30 DEBUG 63072 --- [           main] org.hibernate.SQL                        : update order_items set order_id=? where id=?
2026-09-26T14:50:11.522+05:30 DEBUG 63072 --- [           main] org.hibernate.SQL                        : insert into orders (contact_phone,delivery_address,delivery_fee,last_updated,latitude,longitude,order_date,restaurant_id,status,subtotal,tax,total_amount,user_id,order_id) values (?,?,?,?,?,?,?,?,?,?,?,?,?,default)
2026-09-26T14:50:11.522+05:30 DEBUG 63072 --- [           main] org.hibernate.SQL                        : insert into order_items (item_name,menu_item_id,quantity,total_price,unit_price,id) values (?,?,?,?,?,default)
2026-09-26T14:50:11.522+05:30 DEBUG 63072 --- [           main] org.hibernate.SQL                        : update order_items set order_id=? where id=?
2026-09-26T14:50:11.523+05:30 DEBUG 63072 --- [           main] org.hibernate.SQL                        : insert into orders (contact_phone,delivery_address,delivery_fee,last_updated,latitude,longitude,order_date,restaurant_id,status,subtotal,tax,total_amount,user_id,order_id) values (?,?,?,?,?,?,?,?,?,?,?,?,?,default)
2026-09-26T14:50:11.523+05:30 DEBUG 63072 --- [           main] org.hibernate.SQL                        : insert into order_items (item_name,menu_item_id,quantity,total_price,unit_price,id) values (?,?,?,?,?,default)
2026-09-26T14:50:11.523+05:30 DEBUG 63072 --- [           main] org.hibernate.SQL                        : update order_items set order_id=? where id=?
2026-09-26T14:50:11.523+05:30 DEBUG 63072 --- [           main] org.hibernate.SQL                        : insert into orders (contact_phone,delivery_address,delivery_fee,last_updated,latitude,longitude,order_date,restaurant_id,status,subtotal,tax,total_amount,user_id,order_id) values (?,?,?,?,?,?,?,?,?,?,?,?,?,default)
2026-09-26T14:50:11.523+05:30 DEBUG 63072 --- [           main] org.hibernate.SQL                        : insert into order_items (item_name,menu_item_id,quantity,total_price,unit_price,id) values (?,?,?,?,?,default)
2026-09-26T14:50:11.523+05:30 DEBUG 63072 --- [           main] org.hibernate.SQL                        : update order_items set order_id=? where id=?
2026-09-26T14:50:11.524+05:30 DEBUG 63072 --- [           main] org.hibernate.SQL                        : insert into orders (contact_phone,delivery_address,delivery_fee,last_updated,latitude,longitude,order_date,restaurant_id,status,subtotal,tax,total_amount,user_id,order_id) values (?,?,?,?,?,?,?,?,?,?,?,?,?,default)
2026-09-26T14:50:11.524+05:30 DEBUG 63072 --- [           main] org.hibernate.SQL                        : insert into order_items (item_name,menu_item_id,quantity,total_price,unit_price,id) values (?,?,?,?,?,default)
2026-09-26T14:50:11.524+05:30 DEBUG 63072 --- [           main] org.hibernate.SQL                        : update order_items set order_id=? where id=?
2026-09-26T14:50:11.524+05:30 DEBUG 63072 --- [           main] org.hibernate.SQL                        : insert into orders (contact_phone,delivery_address,delivery_fee,last_updated,latitude,longitude,order_date,restaurant_id,status,subtotal,tax,total_amount,user_id,order_id) values (?,?,?,?,?,?,?,?,?,?,?,?,?,default)
2026-09-26T14:50:11.524+05:30 DEBUG 63072 --- [           main] org.hibernate.SQL                        : insert into order_items (item_name,menu_item_id,quantity,total_price,unit_price,id) values (?,?,?,?,?,default)
2026-09-26T14:50:11.525+05:30 DEBUG 63072 --- [           main] org.hibernate.SQL                        : update order_items set order_id=? where id=?
2026-09-26T14:50:11.525+05:30 DEBUG 63072 --- [           main] org.hibernate.SQL                        : insert into orders (contact_phone,delivery_address,delivery_fee,last_updated,latitude,longitude,order_date,restaurant_id,status,subtotal,tax,total_amount,user_id,order_id) values (?,?,?,?,?,?,?,?,?,?,?,?,?,default)
2026-09-26T14:50:11.525+05:30 DEBUG 63072 --- [           main] org.hibernate.SQL                        : insert into order_items (item_name,menu_item_id,quantity,total_price,unit_price,id) values (?,?,?,?,?,default)
2026-09-26T14:50:11.525+05:30 DEBUG 63072 --- [           main] org.hibernate.SQL                        : update order_items set order_id=? where id=?
2026-09-26T14:50:11.526+05:30 DEBUG 63072 --- [           main] org.hibernate.SQL                        : insert into orders (contact_phone,delivery_address,delivery_fee,last_updated,latitude,longitude,order_date,restaurant_id,status,subtotal,tax,total_amount,user_id,order_id) values (?,?,?,?,?,?,?,?,?,?,?,?,?,default)
2026-09-26T14:50:11.526+05:30 DEBUG 63072 --- [           main] org.hibernate.SQL                        : insert into order_items (item_name,menu_item_id,quantity,total_price,unit_price,id) values (?,?,?,?,?,default)
2026-09-26T14:50:11.526+05:30 DEBUG 63072 --- [           main] org.hibernate.SQL                        : update order_items set order_id=? where id=?
2026-09-26T14:50:11.526+05:30 DEBUG 63072 --- [           main] org.hibernate.SQL                        : insert into orders (contact_phone,delivery_address,delivery_fee,last_updated,latitude,longitude,order_date,restaurant_id,status,subtotal,tax,total_amount,user_id,order_id) values (?,?,?,?,?,?,?,?,?,?,?,?,?,default)
2026-09-26T14:50:11.526+05:30 DEBUG 63072 --- [           main] org.hibernate.SQL                        : insert into order_items (item_name,menu_item_id,quantity,total_price,unit_price,id) values (?,?,?,?,?,default)
2026-09-26T14:50:11.527+05:30 DEBUG 63072 --- [           main] org.hibernate.SQL                        : update order_items set order_id=? where id=?
2026-09-26T14:50:11.527+05:30 DEBUG 63072 --- [           main] org.hibernate.SQL                        : insert into orders (contact_phone,delivery_address,delivery_fee,last_updated,latitude,longitude,order_date,restaurant_id,status,subtotal,tax,total_amount,user_id,order_id) values (?,?,?,?,?,?,?,?,?,?,?,?,?,default)
2026-09-26T14:50:11.527+05:30 DEBUG 63072 --- [           main] org.hibernate.SQL                        : insert into order_items (item_name,menu_item_id,quantity,total_price,unit_price,id) values (?,?,?,?,?,default)
2026-09-26T14:50:11.527+05:30 DEBUG 63072 --- [           main] org.hibernate.SQL                        : update order_items set order_id=? where id=?
2026-09-26T14:50:11.527+05:30 DEBUG 63072 --- [           main] org.hibernate.SQL                        : insert into orders (contact_phone,delivery_address,delivery_fee,last_updated,latitude,longitude,order_date,restaurant_id,status,subtotal,tax,total_amount,user_id,order_id) values (?,?,?,?,?,?,?,?,?,?,?,?,?,default)
2026-09-26T14:50:11.528+05:30 DEBUG 63072 --- [           main] org.hibernate.SQL                        : insert into order_items (item_name,menu_item_id,quantity,total_price,unit_price,id) values (?,?,?,?,?,default)
2026-09-26T14:50:11.528+05:30 DEBUG 63072 --- [           main] org.hibernate.SQL                        : update order_items set order_id=? where id=?
2026-09-26T14:50:11.528+05:30 DEBUG 63072 --- [           main] org.hibernate.SQL                        : insert into orders (contact_phone,delivery_address,delivery_fee,last_updated,latitude,longitude,order_date,restaurant_id,status,subtotal,tax,total_amount,user_id,order_id) values (?,?,?,?,?,?,?,?,?,?,?,?,?,default)
2026-09-26T14:50:11.528+05:30 DEBUG 63072 --- [           main] org.hibernate.SQL                        : insert into order_items (item_name,menu_item_id,quantity,total_price,unit_price,id) values (?,?,?,?,?,default)
2026-09-26T14:50:11.528+05:30 DEBUG 63072 --- [           main] org.hibernate.SQL                        : update order_items set order_id=? where id=?
2026-09-26T14:50:11.529+05:30 DEBUG 63072 --- [           main] org.hibernate.SQL                        : insert into orders (contact_phone,delivery_address,delivery_fee,last_updated,latitude,longitude,order_date,restaurant_id,status,subtotal,tax,total_amount,user_id,order_id) values (?,?,?,?,?,?,?,?,?,?,?,?,?,default)
2026-09-26T14:50:11.529+05:30 DEBUG 63072 --- [           main] org.hibernate.SQL                        : insert into order_items (item_name,menu_item_id,quantity,total_price,unit_price,id) values (?,?,?,?,?,default)
2026-09-26T14:50:11.529+05:30 DEBUG 63072 --- [           main] org.hibernate.SQL                        : update order_items set order_id=? where id=?
2026-09-26T14:50:11.529+05:30 DEBUG 63072 --- [           main] org.hibernate.SQL                        : insert into orders (contact_phone,delivery_address,delivery_fee,last_updated,latitude,longitude,order_date,restaurant_id,status,subtotal,tax,total_amount,user_id,order_id) values (?,?,?,?,?,?,?,?,?,?,?,?,?,default)
2026-09-26T14:50:11.529+05:30 DEBUG 63072 --- [           main] org.hibernate.SQL                        : insert into order_items (item_name,menu_item_id,quantity,total_price,unit_price,id) values (?,?,?,?,?,default)
2026-09-26T14:50:11.530+05:30 DEBUG 63072 --- [           main] org.hibernate.SQL                        : update order_items set order_id=? where id=?
2026-09-26T14:50:11.530+05:30 DEBUG 63072 --- [           main] org.hibernate.SQL                        : insert into orders (contact_phone,delivery_address,delivery_fee,last_updated,latitude,longitude,order_date,restaurant_id,status,subtotal,tax,total_amount,user_id,order_id) values (?,?,?,?,?,?,?,?,?,?,?,?,?,default)
2026-09-26T14:50:11.530+05:30 DEBUG 63072 --- [           main] org.hibernate.SQL                        : insert into order_items (item_name,menu_item_id,quantity,total_price,unit_price,id) values (?,?,?,?,?,default)
2026-09-26T14:50:11.530+05:30 DEBUG 63072 --- [           main] org.hibernate.SQL                        : update order_items set order_id=? where id=?
2026-09-26T14:50:11.530+05:30 DEBUG 63072 --- [           main] org.hibernate.SQL                        : insert into orders (contact_phone,delivery_address,delivery_fee,last_updated,latitude,longitude,order_date,restaurant_id,status,subtotal,tax,total_amount,user_id,order_id) values (?,?,?,?,?,?,?,?,?,?,?,?,?,default)
2026-09-26T14:50:11.531+05:30 DEBUG 63072 --- [           main] org.hibernate.SQL                        : insert into order_items (item_name,menu_item_id,quantity,total_price,unit_price,id) values (?,?,?,?,?,default)
2026-09-26T14:50:11.531+05:30 DEBUG 63072 --- [           main] org.hibernate.SQL                        : update order_items set order_id=? where id=?
2026-09-26T14:50:11.532+05:30 DEBUG 63072 --- [           main] org.hibernate.SQL                        : insert into orders (contact_phone,delivery_address,delivery_fee,last_updated,latitude,longitude,order_date,restaurant_id,status,subtotal,tax,total_amount,user_id,order_id) values (?,?,?,?,?,?,?,?,?,?,?,?,?,default)
2026-09-26T14:50:11.532+05:30 DEBUG 63072 --- [           main] org.hibernate.SQL                        : insert into order_items (item_name,menu_item_id,quantity,total_price,unit_price,id) values (?,?,?,?,?,default)
2026-09-26T14:50:11.532+05:30 DEBUG 63072 --- [           main] org.hibernate.SQL                        : update order_items set order_id=? where id=?
2026-09-26T14:50:11.532+05:30 DEBUG 63072 --- [           main] org.hibernate.SQL                        : insert into orders (contact_phone,delivery_address,delivery_fee,last_updated,latitude,longitude,order_date,restaurant_id,status,subtotal,tax,total_amount,user_id,order_id) values (?,?,?,?,?,?,?,?,?,?,?,?,?,default)
2026-09-26T14:50:11.532+05:30 DEBUG 63072 --- [           main] org.hibernate.SQL                        : insert into order_items (item_name,menu_item_id,quantity,total_price,unit_price,id) values (?,?,?,?,?,default)
2026-09-26T14:50:11.533+05:30 DEBUG 63072 --- [           main] org.hibernate.SQL                        : update order_items set order_id=? where id=?
2026-09-26T14:50:11.533+05:30 DEBUG 63072 --- [           main] org.hibernate.SQL                        : insert into orders (contact_phone,delivery_address,delivery_fee,last_updated,latitude,longitude,order_date,restaurant_id,status,subtotal,tax,total_amount,user_id,order_id) values (?,?,?,?,?,?,?,?,?,?,?,?,?,default)
2026-09-26T14:50:11.533+05:30 DEBUG 63072 --- [           main] org.hibernate.SQL                        : insert into order_items (item_name,menu_item_id,quantity,total_price,unit_price,id) values (?,?,?,?,?,default)
2026-09-26T14:50:11.533+05:30 DEBUG 63072 --- [           main] org.hibernate.SQL                        : update order_items set order_id=? where id=?
2026-09-26T14:50:11.534+05:30 DEBUG 63072 --- [           main] org.hibernate.SQL                        : insert into orders (contact_phone,delivery_address,delivery_fee,last_updated,latitude,longitude,order_date,restaurant_id,status,subtotal,tax,total_amount,user_id,order_id) values (?,?,?,?,?,?,?,?,?,?,?,?,?,default)
2026-09-26T14:50:11.534+05:30 DEBUG 63072 --- [           main] org.hibernate.SQL                        : insert into order_items (item_name,menu_item_id,quantity,total_price,unit_price,id) values (?,?,?,?,?,default)
2026-09-26T14:50:11.534+05:30 DEBUG 63072 --- [           main] org.hibernate.SQL                        : update order_items set order_id=? where id=?
2026-09-26T14:50:11.534+05:30 DEBUG 63072 --- [           main] org.hibernate.SQL                        : insert into orders (contact_phone,delivery_address,delivery_fee,last_updated,latitude,longitude,order_date,restaurant_id,status,subtotal,tax,total_amount,user_id,order_id) values (?,?,?,?,?,?,?,?,?,?,?,?,?,default)
2026-09-26T14:50:11.534+05:30 DEBUG 63072 --- [           main] org.hibernate.SQL                        : insert into order_items (item_name,menu_item_id,quantity,total_price,unit_price,id) values (?,?,?,?,?,default)
2026-09-26T14:50:11.535+05:30 DEBUG 63072 --- [           main] org.hibernate.SQL                        : update order_items set order_id=? where id=?
2026-09-26T14:50:11.535+05:30 DEBUG 63072 --- [           main] org.hibernate.SQL                        : insert into orders (contact_phone,delivery_address,delivery_fee,last_updated,latitude,longitude,order_date,restaurant_id,status,subtotal,tax,total_amount,user_id,order_id) values (?,?,?,?,?,?,?,?,?,?,?,?,?,default)
2026-09-26T14:50:11.535+05:30 DEBUG 63072 --- [           main] org.hibernate.SQL                        : insert into order_items (item_name,menu_item_id,quantity,total_price,unit_price,id) values (?,?,?,?,?,default)
2026-09-26T14:50:11.535+05:30 DEBUG 63072 --- [           main] org.hibernate.SQL                        : update order_items set order_id=? where id=?
2026-09-26T14:50:11.536+05:30 DEBUG 63072 --- [           main] org.hibernate.SQL                        : insert into orders (contact_phone,delivery_address,delivery_fee,last_updated,latitude,longitude,order_date,restaurant_id,status,subtotal,tax,total_amount,user_id,order_id) values (?,?,?,?,?,?,?,?,?,?,?,?,?,default)
2026-09-26T14:50:11.536+05:30 DEBUG 63072 --- [           main] org.hibernate.SQL                        : insert into order_items (item_name,menu_item_id,quantity,total_price,unit_price,id) values (?,?,?,?,?,default)
2026-09-26T14:50:11.536+05:30 DEBUG 63072 --- [           main] org.hibernate.SQL                        : update order_items set order_id=? where id=?
2026-09-26T14:50:11.536+05:30 DEBUG 63072 --- [           main] org.hibernate.SQL                        : insert into orders (contact_phone,delivery_address,delivery_fee,last_updated,latitude,longitude,order_date,restaurant_id,status,subtotal,tax,total_amount,user_id,order_id) values (?,?,?,?,?,?,?,?,?,?,?,?,?,default)
2026-09-26T14:50:11.536+05:30 DEBUG 63072 --- [           main] org.hibernate.SQL                        : insert into order_items (item_name,menu_item_id,quantity,total_price,unit_price,id) values (?,?,?,?,?,default)
2026-09-26T14:50:11.536+05:30 DEBUG 63072 --- [           main] org.hibernate.SQL                        : update order_items set order_id=? where id=?
2026-09-26T14:50:11.537+05:30 DEBUG 63072 --- [           main] org.hibernate.SQL                        : insert into orders (contact_phone,delivery_address,delivery_fee,last_updated,latitude,longitude,order_date,restaurant_id,status,subtotal,tax,total_amount,user_id,order_id) values (?,?,?,?,?,?,?,?,?,?,?,?,?,default)
2026-09-26T14:50:11.537+05:30 DEBUG 63072 --- [           main] org.hibernate.SQL                        : insert into order_items (item_name,menu_item_id,quantity,total_price,unit_price,id) values (?,?,?,?,?,default)
2026-09-26T14:50:11.537+05:30 DEBUG 63072 --- [           main] org.hibernate.SQL                        : update order_items set order_id=? where id=?
2026-09-26T14:50:11.537+05:30 DEBUG 63072 --- [           main] org.hibernate.SQL                        : insert into orders (contact_phone,delivery_address,delivery_fee,last_updated,latitude,longitude,order_date,restaurant_id,status,subtotal,tax,total_amount,user_id,order_id) values (?,?,?,?,?,?,?,?,?,?,?,?,?,default)
2026-09-26T14:50:11.537+05:30 DEBUG 63072 --- [           main] org.hibernate.SQL                        : insert into order_items (item_name,menu_item_id,quantity,total_price,unit_price,id) values (?,?,?,?,?,default)
2026-09-26T14:50:11.538+05:30 DEBUG 63072 --- [           main] org.hibernate.SQL                        : update order_items set order_id=? where id=?
2026-09-26T14:50:11.538+05:30 DEBUG 63072 --- [           main] org.hibernate.SQL                        : insert into orders (contact_phone,delivery_address,delivery_fee,last_updated,latitude,longitude,order_date,restaurant_id,status,subtotal,tax,total_amount,user_id,order_id) values (?,?,?,?,?,?,?,?,?,?,?,?,?,default)
2026-09-26T14:50:11.538+05:30 DEBUG 63072 --- [           main] org.hibernate.SQL                        : insert into order_items (item_name,menu_item_id,quantity,total_price,unit_price,id) values (?,?,?,?,?,default)
2026-09-26T14:50:11.538+05:30 DEBUG 63072 --- [           main] org.hibernate.SQL                        : update order_items set order_id=? where id=?
2026-09-26T14:50:11.539+05:30 DEBUG 63072 --- [           main] org.hibernate.SQL                        : insert into orders (contact_phone,delivery_address,delivery_fee,last_updated,latitude,longitude,order_date,restaurant_id,status,subtotal,tax,total_amount,user_id,order_id) values (?,?,?,?,?,?,?,?,?,?,?,?,?,default)
2026-09-26T14:50:11.539+05:30 DEBUG 63072 --- [           main] org.hibernate.SQL                        : insert into order_items (item_name,menu_item_id,quantity,total_price,unit_price,id) values (?,?,?,?,?,default)
2026-09-26T14:50:11.539+05:30 DEBUG 63072 --- [           main] org.hibernate.SQL                        : update order_items set order_id=? where id=?
2026-09-26T14:50:11.539+05:30 DEBUG 63072 --- [           main] org.hibernate.SQL                        : insert into orders (contact_phone,delivery_address,delivery_fee,last_updated,latitude,longitude,order_date,restaurant_id,status,subtotal,tax,total_amount,user_id,order_id) values (?,?,?,?,?,?,?,?,?,?,?,?,?,default)
2026-09-26T14:50:11.539+05:30 DEBUG 63072 --- [           main] org.hibernate.SQL                        : insert into order_items (item_name,menu_item_id,quantity,total_price,unit_price,id) values (?,?,?,?,?,default)
2026-09-26T14:50:11.540+05:30 DEBUG 63072 --- [           main] org.hibernate.SQL                        : update order_items set order_id=? where id=?
2026-09-26T14:50:11.540+05:30 DEBUG 63072 --- [           main] org.hibernate.SQL                        : insert into orders (contact_phone,delivery_address,delivery_fee,last_updated,latitude,longitude,order_date,restaurant_id,status,subtotal,tax,total_amount,user_id,order_id) values (?,?,?,?,?,?,?,?,?,?,?,?,?,default)
2026-09-26T14:50:11.540+05:30 DEBUG 63072 --- [           main] org.hibernate.SQL                        : insert into order_items (item_name,menu_item_id,quantity,total_price,unit_price,id) values (?,?,?,?,?,default)
2026-09-26T14:50:11.540+05:30 DEBUG 63072 --- [           main] org.hibernate.SQL                        : update order_items set order_id=? where id=?
2026-09-26T14:50:11.540+05:30 DEBUG 63072 --- [           main] org.hibernate.SQL                        : insert into orders (contact_phone,delivery_address,delivery_fee,last_updated,latitude,longitude,order_date,restaurant_id,status,subtotal,tax,total_amount,user_id,order_id) values (?,?,?,?,?,?,?,?,?,?,?,?,?,default)
2026-09-26T14:50:11.541+05:30 DEBUG 63072 --- [           main] org.hibernate.SQL                        : insert into order_items (item_name,menu_item_id,quantity,total_price,unit_price,id) values (?,?,?,?,?,default)
2026-09-26T14:50:11.542+05:30 DEBUG 63072 --- [           main] org.hibernate.SQL                        : update order_items set order_id=? where id=?
2026-09-26T14:50:11.543+05:30 DEBUG 63072 --- [           main] org.hibernate.SQL                        : insert into orders (contact_phone,delivery_address,delivery_fee,last_updated,latitude,longitude,order_date,restaurant_id,status,subtotal,tax,total_amount,user_id,order_id) values (?,?,?,?,?,?,?,?,?,?,?,?,?,default)
2026-09-26T14:50:11.543+05:30 DEBUG 63072 --- [           main] org.hibernate.SQL                        : insert into order_items (item_name,menu_item_id,quantity,total_price,unit_price,id) values (?,?,?,?,?,default)
2026-09-26T14:50:11.543+05:30 DEBUG 63072 --- [           main] org.hibernate.SQL                        : update order_items set order_id=? where id=?
2026-09-26T14:50:11.544+05:30 DEBUG 63072 --- [           main] org.hibernate.SQL                        : insert into orders (contact_phone,delivery_address,delivery_fee,last_updated,latitude,longitude,order_date,restaurant_id,status,subtotal,tax,total_amount,user_id,order_id) values (?,?,?,?,?,?,?,?,?,?,?,?,?,default)
2026-09-26T14:50:11.544+05:30 DEBUG 63072 --- [           main] org.hibernate.SQL                        : insert into order_items (item_name,menu_item_id,quantity,total_price,unit_price,id) values (?,?,?,?,?,default)
2026-09-26T14:50:11.544+05:30 DEBUG 63072 --- [           main] org.hibernate.SQL                        : update order_items set order_id=? where id=?
2026-09-26T14:50:11.544+05:30 DEBUG 63072 --- [           main] org.hibernate.SQL                        : insert into orders (contact_phone,delivery_address,delivery_fee,last_updated,latitude,longitude,order_date,restaurant_id,status,subtotal,tax,total_amount,user_id,order_id) values (?,?,?,?,?,?,?,?,?,?,?,?,?,default)
2026-09-26T14:50:11.545+05:30 DEBUG 63072 --- [           main] org.hibernate.SQL                        : insert into order_items (item_name,menu_item_id,quantity,total_price,unit_price,id) values (?,?,?,?,?,default)
2026-09-26T14:50:11.545+05:30 DEBUG 63072 --- [           main] org.hibernate.SQL                        : update order_items set order_id=? where id=?
2026-09-26T14:50:11.545+05:30 DEBUG 63072 --- [           main] org.hibernate.SQL                        : insert into orders (contact_phone,delivery_address,delivery_fee,last_updated,latitude,longitude,order_date,restaurant_id,status,subtotal,tax,total_amount,user_id,order_id) values (?,?,?,?,?,?,?,?,?,?,?,?,?,default)
2026-09-26T14:50:11.545+05:30 DEBUG 63072 --- [           main] org.hibernate.SQL                        : insert into order_items (item_name,menu_item_id,quantity,total_price,unit_price,id) values (?,?,?,?,?,default)
2026-09-26T14:50:11.545+05:30 DEBUG 63072 --- [           main] org.hibernate.SQL                        : update order_items set order_id=? where id=?
2026-09-26T14:50:11.546+05:30 DEBUG 63072 --- [           main] org.hibernate.SQL                        : insert into orders (contact_phone,delivery_address,delivery_fee,last_updated,latitude,longitude,order_date,restaurant_id,status,subtotal,tax,total_amount,user_id,order_id) values (?,?,?,?,?,?,?,?,?,?,?,?,?,default)
2026-09-26T14:50:11.546+05:30 DEBUG 63072 --- [           main] org.hibernate.SQL                        : insert into order_items (item_name,menu_item_id,quantity,total_price,unit_price,id) values (?,?,?,?,?,default)
2026-09-26T14:50:11.546+05:30 DEBUG 63072 --- [           main] org.hibernate.SQL                        : update order_items set order_id=? where id=?
2026-09-26T14:50:11.546+05:30 DEBUG 63072 --- [           main] org.hibernate.SQL                        : insert into orders (contact_phone,delivery_address,delivery_fee,last_updated,latitude,longitude,order_date,restaurant_id,status,subtotal,tax,total_amount,user_id,order_id) values (?,?,?,?,?,?,?,?,?,?,?,?,?,default)
2026-09-26T14:50:11.546+05:30 DEBUG 63072 --- [           main] org.hibernate.SQL                        : insert into order_items (item_name,menu_item_id,quantity,total_price,unit_price,id) values (?,?,?,?,?,default)
2026-09-26T14:50:11.546+05:30 DEBUG 63072 --- [           main] org.hibernate.SQL                        : update order_items set order_id=? where id=?
2026-09-26T14:50:11.547+05:30 DEBUG 63072 --- [           main] org.hibernate.SQL                        : insert into orders (contact_phone,delivery_address,delivery_fee,last_updated,latitude,longitude,order_date,restaurant_id,status,subtotal,tax,total_amount,user_id,order_id) values (?,?,?,?,?,?,?,?,?,?,?,?,?,default)
2026-09-26T14:50:11.547+05:30 DEBUG 63072 --- [           main] org.hibernate.SQL                        : insert into order_items (item_name,menu_item_id,quantity,total_price,unit_price,id) values (?,?,?,?,?,default)
2026-09-26T14:50:11.547+05:30 DEBUG 63072 --- [           main] org.hibernate.SQL                        : update order_items set order_id=? where id=?
2026-09-26T14:50:11.548+05:30 DEBUG 63072 --- [           main] org.hibernate.SQL                        : insert into orders (contact_phone,delivery_address,delivery_fee,last_updated,latitude,longitude,order_date,restaurant_id,status,subtotal,tax,total_amount,user_id,order_id) values (?,?,?,?,?,?,?,?,?,?,?,?,?,default)
2026-09-26T14:50:11.548+05:30 DEBUG 63072 --- [           main] org.hibernate.SQL                        : insert into order_items (item_name,menu_item_id,quantity,total_price,unit_price,id) values (?,?,?,?,?,default)
2026-09-26T14:50:11.548+05:30 DEBUG 63072 --- [           main] org.hibernate.SQL                        : update order_items set order_id=? where id=?
2026-09-26T14:50:11.548+05:30 DEBUG 63072 --- [           main] org.hibernate.SQL                        : insert into orders (contact_phone,delivery_address,delivery_fee,last_updated,latitude,longitude,order_date,restaurant_id,status,subtotal,tax,total_amount,user_id,order_id) values (?,?,?,?,?,?,?,?,?,?,?,?,?,default)
2026-09-26T14:50:11.549+05:30 DEBUG 63072 --- [           main] org.hibernate.SQL                        : insert into order_items (item_name,menu_item_id,quantity,total_price,unit_price,id) values (?,?,?,?,?,default)
2026-09-26T14:50:11.549+05:30 DEBUG 63072 --- [           main] org.hibernate.SQL                        : update order_items set order_id=? where id=?
2026-09-26T14:50:11.550+05:30 DEBUG 63072 --- [           main] org.hibernate.SQL                        : insert into orders (contact_phone,delivery_address,delivery_fee,last_updated,latitude,longitude,order_date,restaurant_id,status,subtotal,tax,total_amount,user_id,order_id) values (?,?,?,?,?,?,?,?,?,?,?,?,?,default)
2026-09-26T14:50:11.550+05:30 DEBUG 63072 --- [           main] org.hibernate.SQL                        : insert into order_items (item_name,menu_item_id,quantity,total_price,unit_price,id) values (?,?,?,?,?,default)
2026-09-26T14:50:11.550+05:30 DEBUG 63072 --- [           main] org.hibernate.SQL                        : update order_items set order_id=? where id=?
2026-09-26T14:50:11.550+05:30 DEBUG 63072 --- [           main] org.hibernate.SQL                        : insert into orders (contact_phone,delivery_address,delivery_fee,last_updated,latitude,longitude,order_date,restaurant_id,status,subtotal,tax,total_amount,user_id,order_id) values (?,?,?,?,?,?,?,?,?,?,?,?,?,default)
2026-09-26T14:50:11.551+05:30 DEBUG 63072 --- [           main] org.hibernate.SQL                        : insert into order_items (item_name,menu_item_id,quantity,total_price,unit_price,id) values (?,?,?,?,?,default)
2026-09-26T14:50:11.551+05:30 DEBUG 63072 --- [           main] org.hibernate.SQL                        : update order_items set order_id=? where id=?
2026-09-26T14:50:11.551+05:30 DEBUG 63072 --- [           main] org.hibernate.SQL                        : insert into orders (contact_phone,delivery_address,delivery_fee,last_updated,latitude,longitude,order_date,restaurant_id,status,subtotal,tax,total_amount,user_id,order_id) values (?,?,?,?,?,?,?,?,?,?,?,?,?,default)
2026-09-26T14:50:11.551+05:30 DEBUG 63072 --- [           main] org.hibernate.SQL                        : insert into order_items (item_name,menu_item_id,quantity,total_price,unit_price,id) values (?,?,?,?,?,default)
2026-09-26T14:50:11.551+05:30 DEBUG 63072 --- [           main] org.hibernate.SQL                        : update order_items set order_id=? where id=?
2026-09-26T14:50:11.552+05:30 DEBUG 63072 --- [           main] org.hibernate.SQL                        : insert into orders (contact_phone,delivery_address,delivery_fee,last_updated,latitude,longitude,order_date,restaurant_id,status,subtotal,tax,total_amount,user_id,order_id) values (?,?,?,?,?,?,?,?,?,?,?,?,?,default)
2026-09-26T14:50:11.552+05:30 DEBUG 63072 --- [           main] org.hibernate.SQL                        : insert into order_items (item_name,menu_item_id,quantity,total_price,unit_price,id) values (?,?,?,?,?,default)
2026-09-26T14:50:11.552+05:30 DEBUG 63072 --- [           main] org.hibernate.SQL                        : update order_items set order_id=? where id=?
2026-09-26T14:50:11.552+05:30 DEBUG 63072 --- [           main] org.hibernate.SQL                        : insert into orders (contact_phone,delivery_address,delivery_fee,last_updated,latitude,longitude,order_date,restaurant_id,status,subtotal,tax,total_amount,user_id,order_id) values (?,?,?,?,?,?,?,?,?,?,?,?,?,default)
2026-09-26T14:50:11.552+05:30 DEBUG 63072 --- [           main] org.hibernate.SQL                        : insert into order_items (item_name,menu_item_id,quantity,total_price,unit_price,id) values (?,?,?,?,?,default)
2026-09-26T14:50:11.553+05:30 DEBUG 63072 --- [           main] org.hibernate.SQL                        : update order_items set order_id=? where id=?
2026-09-26T14:50:11.553+05:30 DEBUG 63072 --- [           main] org.hibernate.SQL                        : insert into orders (contact_phone,delivery_address,delivery_fee,last_updated,latitude,longitude,order_date,restaurant_id,status,subtotal,tax,total_amount,user_id,order_id) values (?,?,?,?,?,?,?,?,?,?,?,?,?,default)
2026-09-26T14:50:11.553+05:30 DEBUG 63072 --- [           main] org.hibernate.SQL                        : insert into order_items (item_name,menu_item_id,quantity,total_price,unit_price,id) values (?,?,?,?,?,default)
2026-09-26T14:50:11.553+05:30 DEBUG 63072 --- [           main] org.hibernate.SQL                        : update order_items set order_id=? where id=?
2026-09-26T14:50:11.553+05:30 DEBUG 63072 --- [           main] org.hibernate.SQL                        : insert into orders (contact_phone,delivery_address,delivery_fee,last_updated,latitude,longitude,order_date,restaurant_id,status,subtotal,tax,total_amount,user_id,order_id) values (?,?,?,?,?,?,?,?,?,?,?,?,?,default)
2026-09-26T14:50:11.554+05:30 DEBUG 63072 --- [           main] org.hibernate.SQL                        : insert into order_items (item_name,menu_item_id,quantity,total_price,unit_price,id) values (?,?,?,?,?,default)
2026-09-26T14:50:11.554+05:30 DEBUG 63072 --- [           main] org.hibernate.SQL                        : update order_items set order_id=? where id=?
2026-09-26T14:50:11.554+05:30 DEBUG 63072 --- [           main] org.hibernate.SQL                        : insert into orders (contact_phone,delivery_address,delivery_fee,last_updated,latitude,longitude,order_date,restaurant_id,status,subtotal,tax,total_amount,user_id,order_id) values (?,?,?,?,?,?,?,?,?,?,?,?,?,default)
2026-09-26T14:50:11.554+05:30 DEBUG 63072 --- [           main] org.hibernate.SQL                        : insert into order_items (item_name,menu_item_id,quantity,total_price,unit_price,id) values (?,?,?,?,?,default)
2026-09-26T14:50:11.554+05:30 DEBUG 63072 --- [           main] org.hibernate.SQL                        : update order_items set order_id=? where id=?
2026-09-26T14:50:11.555+05:30 DEBUG 63072 --- [           main] org.hibernate.SQL                        : insert into orders (contact_phone,delivery_address,delivery_fee,last_updated,latitude,longitude,order_date,restaurant_id,status,subtotal,tax,total_amount,user_id,order_id) values (?,?,?,?,?,?,?,?,?,?,?,?,?,default)
2026-09-26T14:50:11.555+05:30 DEBUG 63072 --- [           main] org.hibernate.SQL                        : insert into order_items (item_name,menu_item_id,quantity,total_price,unit_price,id) values (?,?,?,?,?,default)
2026-09-26T14:50:11.555+05:30 DEBUG 63072 --- [           main] org.hibernate.SQL                        : update order_items set order_id=? where id=?
2026-09-26T14:50:11.555+05:30 DEBUG 63072 --- [           main] org.hibernate.SQL                        : insert into orders (contact_phone,delivery_address,delivery_fee,last_updated,latitude,longitude,order_date,restaurant_id,status,subtotal,tax,total_amount,user_id,order_id) values (?,?,?,?,?,?,?,?,?,?,?,?,?,default)
2026-09-26T14:50:11.555+05:30 DEBUG 63072 --- [           main] org.hibernate.SQL                        : insert into order_items (item_name,menu_item_id,quantity,total_price,unit_price,id) values (?,?,?,?,?,default)
2026-09-26T14:50:11.555+05:30 DEBUG 63072 --- [           main] org.hibernate.SQL                        : update order_items set order_id=? where id=?
2026-09-26T14:50:11.556+05:30 DEBUG 63072 --- [           main] org.hibernate.SQL                        : insert into orders (contact_phone,delivery_address,delivery_fee,last_updated,latitude,longitude,order_date,restaurant_id,status,subtotal,tax,total_amount,user_id,order_id) values (?,?,?,?,?,?,?,?,?,?,?,?,?,default)
2026-09-26T14:50:11.556+05:30 DEBUG 63072 --- [           main] org.hibernate.SQL                        : insert into order_items (item_name,menu_item_id,quantity,total_price,unit_price,id) values (?,?,?,?,?,default)
2026-09-26T14:50:11.556+05:30 DEBUG 63072 --- [           main] org.hibernate.SQL                        : update order_items set order_id=? where id=?
2026-09-26T14:50:11.556+05:30 DEBUG 63072 --- [           main] org.hibernate.SQL                        : insert into orders (contact_phone,delivery_address,delivery_fee,last_updated,latitude,longitude,order_date,restaurant_id,status,subtotal,tax,total_amount,user_id,order_id) values (?,?,?,?,?,?,?,?,?,?,?,?,?,default)
2026-09-26T14:50:11.556+05:30 DEBUG 63072 --- [           main] org.hibernate.SQL                        : insert into order_items (item_name,menu_item_id,quantity,total_price,unit_price,id) values (?,?,?,?,?,default)
2026-09-26T14:50:11.556+05:30 DEBUG 63072 --- [           main] org.hibernate.SQL                        : update order_items set order_id=? where id=?
2026-09-26T14:50:11.557+05:30 DEBUG 63072 --- [           main] org.hibernate.SQL                        : insert into orders (contact_phone,delivery_address,delivery_fee,last_updated,latitude,longitude,order_date,restaurant_id,status,subtotal,tax,total_amount,user_id,order_id) values (?,?,?,?,?,?,?,?,?,?,?,?,?,default)
2026-09-26T14:50:11.557+05:30 DEBUG 63072 --- [           main] org.hibernate.SQL                        : insert into order_items (item_name,menu_item_id,quantity,total_price,unit_price,id) values (?,?,?,?,?,default)
2026-09-26T14:50:11.557+05:30 DEBUG 63072 --- [           main] org.hibernate.SQL                        : update order_items set order_id=? where id=?
2026-09-26T14:50:11.557+05:30 DEBUG 63072 --- [           main] org.hibernate.SQL                        : insert into orders (contact_phone,delivery_address,delivery_fee,last_updated,latitude,longitude,order_date,restaurant_id,status,subtotal,tax,total_amount,user_id,order_id) values (?,?,?,?,?,?,?,?,?,?,?,?,?,default)
2026-09-26T14:50:11.557+05:30 DEBUG 63072 --- [           main] org.hibernate.SQL                        : insert into order_items (item_name,menu_item_id,quantity,total_price,unit_price,id) values (?,?,?,?,?,default)
2026-09-26T14:50:11.558+05:30 DEBUG 63072 --- [           main] org.hibernate.SQL                        : update order_items set order_id=? where id=?
2026-09-26T14:50:11.558+05:30 DEBUG 63072 --- [           main] org.hibernate.SQL                        : insert into orders (contact_phone,delivery_address,delivery_fee,last_updated,latitude,longitude,order_date,restaurant_id,status,subtotal,tax,total_amount,user_id,order_id) values (?,?,?,?,?,?,?,?,?,?,?,?,?,default)
2026-09-26T14:50:11.558+05:30 DEBUG 63072 --- [           main] org.hibernate.SQL                        : insert into order_items (item_name,menu_item_id,quantity,total_price,unit_price,id) values (?,?,?,?,?,default)
2026-09-26T14:50:11.558+05:30 DEBUG 63072 --- [           main] org.hibernate.SQL                        : update order_items set order_id=? where id=?
2026-09-26T14:50:11.558+05:30 DEBUG 63072 --- [           main] org.hibernate.SQL                        : insert into orders (contact_phone,delivery_address,delivery_fee,last_updated,latitude,longitude,order_date,restaurant_id,status,subtotal,tax,total_amount,user_id,order_id) values (?,?,?,?,?,?,?,?,?,?,?,?,?,default)
2026-09-26T14:50:11.559+05:30 DEBUG 63072 --- [           main] org.hibernate.SQL                        : insert into order_items (item_name,menu_item_id,quantity,total_price,unit_price,id) values (?,?,?,?,?,default)
2026-09-26T14:50:11.559+05:30 DEBUG 63072 --- [           main] org.hibernate.SQL                        : update order_items set order_id=? where id=?
2026-09-26T14:50:11.559+05:30 DEBUG 63072 --- [           main] org.hibernate.SQL                        : insert into orders (contact_phone,delivery_address,delivery_fee,last_updated,latitude,longitude,order_date,restaurant_id,status,subtotal,tax,total_amount,user_id,order_id) values (?,?,?,?,?,?,?,?,?,?,?,?,?,default)
2026-09-26T14:50:11.559+05:30 DEBUG 63072 --- [           main] org.hibernate.SQL                        : insert into order_items (item_name,menu_item_id,quantity,total_price,unit_price,id) values (?,?,?,?,?,default)
2026-09-26T14:50:11.559+05:30 DEBUG 63072 --- [           main] org.hibernate.SQL                        : update order_items set order_id=? where id=?
2026-09-26T14:50:11.560+05:30 DEBUG 63072 --- [           main] org.hibernate.SQL                        : insert into orders (contact_phone,delivery_address,delivery_fee,last_updated,latitude,longitude,order_date,restaurant_id,status,subtotal,tax,total_amount,user_id,order_id) values (?,?,?,?,?,?,?,?,?,?,?,?,?,default)
2026-09-26T14:50:11.560+05:30 DEBUG 63072 --- [           main] org.hibernate.SQL                        : insert into order_items (item_name,menu_item_id,quantity,total_price,unit_price,id) values (?,?,?,?,?,default)
2026-09-26T14:50:11.560+05:30 DEBUG 63072 --- [           main] org.hibernate.SQL                        : update order_items set order_id=? where id=?
2026-09-26T14:50:11.560+05:30 DEBUG 63072 --- [           main] org.hibernate.SQL                        : insert into orders (contact_phone,delivery_address,delivery_fee,last_updated,latitude,longitude,order_date,restaurant_id,status,subtotal,tax,total_amount,user_id,order_id) values (?,?,?,?,?,?,?,?,?,?,?,?,?,default)
2026-09-26T14:50:11.560+05:30 DEBUG 63072 --- [           main] org.hibernate.SQL                        : insert into order_items (item_name,menu_item_id,quantity,total_price,unit_price,id) values (?,?,?,?,?,default)
2026-09-26T14:50:11.560+05:30 DEBUG 63072 --- [           main] org.hibernate.SQL                        : update order_items set order_id=? where id=?
2026-09-26T14:50:11.561+05:30 DEBUG 63072 --- [           main] org.hibernate.SQL                        : insert into orders (contact_phone,delivery_address,delivery_fee,last_updated,latitude,longitude,order_date,restaurant_id,status,subtotal,tax,total_amount,user_id,order_id) values (?,?,?,?,?,?,?,?,?,?,?,?,?,default)
2026-09-26T14:50:11.561+05:30 DEBUG 63072 --- [           main] org.hibernate.SQL                        : insert into order_items (item_name,menu_item_id,quantity,total_price,unit_price,id) values (?,?,?,?,?,default)
2026-09-26T14:50:11.561+05:30 DEBUG 63072 --- [           main] org.hibernate.SQL                        : update order_items set order_id=? where id=?
2026-09-26T14:50:11.561+05:30 DEBUG 63072 --- [           main] org.hibernate.SQL                        : insert into orders (contact_phone,delivery_address,delivery_fee,last_updated,latitude,longitude,order_date,restaurant_id,status,subtotal,tax,total_amount,user_id,order_id) values (?,?,?,?,?,?,?,?,?,?,?,?,?,default)
2026-09-26T14:50:11.561+05:30 DEBUG 63072 --- [           main] org.hibernate.SQL                        : insert into order_items (item_name,menu_item_id,quantity,total_price,unit_price,id) values (?,?,?,?,?,default)
2026-09-26T14:50:11.561+05:30 DEBUG 63072 --- [           main] org.hibernate.SQL                        : update order_items set order_id=? where id=?
2026-09-26T14:50:11.562+05:30 DEBUG 63072 --- [           main] org.hibernate.SQL                        : insert into orders (contact_phone,delivery_address,delivery_fee,last_updated,latitude,longitude,order_date,restaurant_id,status,subtotal,tax,total_amount,user_id,order_id) values (?,?,?,?,?,?,?,?,?,?,?,?,?,default)
2026-09-26T14:50:11.562+05:30 DEBUG 63072 --- [           main] org.hibernate.SQL                        : insert into order_items (item_name,menu_item_id,quantity,total_price,unit_price,id) values (?,?,?,?,?,default)
2026-09-26T14:50:11.562+05:30 DEBUG 63072 --- [           main] org.hibernate.SQL                        : update order_items set order_id=? where id=?
2026-09-26T14:50:11.562+05:30 DEBUG 63072 --- [           main] org.hibernate.SQL                        : insert into orders (contact_phone,delivery_address,delivery_fee,last_updated,latitude,longitude,order_date,restaurant_id,status,subtotal,tax,total_amount,user_id,order_id) values (?,?,?,?,?,?,?,?,?,?,?,?,?,default)
2026-09-26T14:50:11.562+05:30 DEBUG 63072 --- [           main] org.hibernate.SQL                        : insert into order_items (item_name,menu_item_id,quantity,total_price,unit_price,id) values (?,?,?,?,?,default)
2026-09-26T14:50:11.562+05:30 DEBUG 63072 --- [           main] org.hibernate.SQL                        : update order_items set order_id=? where id=?
2026-09-26T14:50:11.563+05:30 DEBUG 63072 --- [           main] org.hibernate.SQL                        : insert into orders (contact_phone,delivery_address,delivery_fee,last_updated,latitude,longitude,order_date,restaurant_id,status,subtotal,tax,total_amount,user_id,order_id) values (?,?,?,?,?,?,?,?,?,?,?,?,?,default)
2026-09-26T14:50:11.563+05:30 DEBUG 63072 --- [           main] org.hibernate.SQL                        : insert into order_items (item_name,menu_item_id,quantity,total_price,unit_price,id) values (?,?,?,?,?,default)
2026-09-26T14:50:11.563+05:30 DEBUG 63072 --- [           main] org.hibernate.SQL                        : update order_items set order_id=? where id=?
2026-09-26T14:50:11.563+05:30 DEBUG 63072 --- [           main] org.hibernate.SQL                        : insert into orders (contact_phone,delivery_address,delivery_fee,last_updated,latitude,longitude,order_date,restaurant_id,status,subtotal,tax,total_amount,user_id,order_id) values (?,?,?,?,?,?,?,?,?,?,?,?,?,default)
2026-09-26T14:50:11.563+05:30 DEBUG 63072 --- [           main] org.hibernate.SQL                        : insert into order_items (item_name,menu_item_id,quantity,total_price,unit_price,id) values (?,?,?,?,?,default)
2026-09-26T14:50:11.563+05:30 DEBUG 63072 --- [           main] org.hibernate.SQL                        : update order_items set order_id=? where id=?
2026-09-26T14:50:11.564+05:30 DEBUG 63072 --- [           main] org.hibernate.SQL                        : insert into orders (contact_phone,delivery_address,delivery_fee,last_updated,latitude,longitude,order_date,restaurant_id,status,subtotal,tax,total_amount,user_id,order_id) values (?,?,?,?,?,?,?,?,?,?,?,?,?,default)
2026-09-26T14:50:11.564+05:30 DEBUG 63072 --- [           main] org.hibernate.SQL                        : insert into order_items (item_name,menu_item_id,quantity,total_price,unit_price,id) values (?,?,?,?,?,default)
2026-09-26T14:50:11.565+05:30 DEBUG 63072 --- [           main] org.hibernate.SQL                        : update order_items set order_id=? where id=?
2026-09-26T14:50:11.565+05:30 DEBUG 63072 --- [           main] org.hibernate.SQL                        : insert into orders (contact_phone,delivery_address,delivery_fee,last_updated,latitude,longitude,order_date,restaurant_id,status,subtotal,tax,total_amount,user_id,order_id) values (?,?,?,?,?,?,?,?,?,?,?,?,?,default)
2026-09-26T14:50:11.565+05:30 DEBUG 63072 --- [           main] org.hibernate.SQL                        : insert into order_items (item_name,menu_item_id,quantity,total_price,unit_price,id) values (?,?,?,?,?,default)
2026-09-26T14:50:11.565+05:30 DEBUG 63072 --- [           main] org.hibernate.SQL                        : update order_items set order_id=? where id=?
2026-09-26T14:50:11.566+05:30 DEBUG 63072 --- [           main] org.hibernate.SQL                        : insert into orders (contact_phone,delivery_address,delivery_fee,last_updated,latitude,longitude,order_date,restaurant_id,status,subtotal,tax,total_amount,user_id,order_id) values (?,?,?,?,?,?,?,?,?,?,?,?,?,default)
2026-09-26T14:50:11.566+05:30 DEBUG 63072 --- [           main] org.hibernate.SQL                        : insert into order_items (item_name,menu_item_id,quantity,total_price,unit_price,id) values (?,?,?,?,?,default)
2026-09-26T14:50:11.566+05:30 DEBUG 63072 --- [           main] org.hibernate.SQL                        : update order_items set order_id=? where id=?
2026-09-26T14:50:11.566+05:30 DEBUG 63072 --- [           main] org.hibernate.SQL                        : insert into orders (contact_phone,delivery_address,delivery_fee,last_updated,latitude,longitude,order_date,restaurant_id,status,subtotal,tax,total_amount,user_id,order_id) values (?,?,?,?,?,?,?,?,?,?,?,?,?,default)
2026-09-26T14:50:11.566+05:30 DEBUG 63072 --- [           main] org.hibernate.SQL                        : insert into order_items (item_name,menu_item_id,quantity,total_price,unit_price,id) values (?,?,?,?,?,default)
2026-09-26T14:50:11.567+05:30 DEBUG 63072 --- [           main] org.hibernate.SQL                        : update order_items set order_id=? where id=?
2026-09-26T14:50:11.567+05:30 DEBUG 63072 --- [           main] org.hibernate.SQL                        : insert into orders (contact_phone,delivery_address,delivery_fee,last_updated,latitude,longitude,order_date,restaurant_id,status,subtotal,tax,total_amount,user_id,order_id) values (?,?,?,?,?,?,?,?,?,?,?,?,?,default)
2026-09-26T14:50:11.567+05:30 DEBUG 63072 --- [           main] org.hibernate.SQL                        : insert into order_items (item_name,menu_item_id,quantity,total_price,unit_price,id) values (?,?,?,?,?,default)
2026-09-26T14:50:11.567+05:30 DEBUG 63072 --- [           main] org.hibernate.SQL                        : update order_items set order_id=? where id=?
2026-09-26T14:50:11.567+05:30 DEBUG 63072 --- [           main] org.hibernate.SQL                        : insert into orders (contact_phone,delivery_address,delivery_fee,last_updated,latitude,longitude,order_date,restaurant_id,status,subtotal,tax,total_amount,user_id,order_id) values (?,?,?,?,?,?,?,?,?,?,?,?,?,default)
2026-09-26T14:50:11.568+05:30 DEBUG 63072 --- [           main] org.hibernate.SQL                        : insert into order_items (item_name,menu_item_id,quantity,total_price,unit_price,id) values (?,?,?,?,?,default)
2026-09-26T14:50:11.568+05:30 DEBUG 63072 --- [           main] org.hibernate.SQL                        : update order_items set order_id=? where id=?
2026-09-26T14:50:11.568+05:30 DEBUG 63072 --- [           main] org.hibernate.SQL                        : insert into orders (contact_phone,delivery_address,delivery_fee,last_updated,latitude,longitude,order_date,restaurant_id,status,subtotal,tax,total_amount,user_id,order_id) values (?,?,?,?,?,?,?,?,?,?,?,?,?,default)
2026-09-26T14:50:11.568+05:30 DEBUG 63072 --- [           main] org.hibernate.SQL                        : insert into order_items (item_name,menu_item_id,quantity,total_price,unit_price,id) values (?,?,?,?,?,default)
2026-09-26T14:50:11.568+05:30 DEBUG 63072 --- [           main] org.hibernate.SQL                        : update order_items set order_id=? where id=?
2026-09-26T14:50:11.569+05:30 DEBUG 63072 --- [           main] org.hibernate.SQL                        : insert into orders (contact_phone,delivery_address,delivery_fee,last_updated,latitude,longitude,order_date,restaurant_id,status,subtotal,tax,total_amount,user_id,order_id) values (?,?,?,?,?,?,?,?,?,?,?,?,?,default)
2026-09-26T14:50:11.569+05:30 DEBUG 63072 --- [           main] org.hibernate.SQL                        : insert into order_items (item_name,menu_item_id,quantity,total_price,unit_price,id) values (?,?,?,?,?,default)
2026-09-26T14:50:11.569+05:30 DEBUG 63072 --- [           main] org.hibernate.SQL                        : update order_items set order_id=? where id=?
2026-09-26T14:50:11.569+05:30 DEBUG 63072 --- [           main] org.hibernate.SQL                        : insert into orders (contact_phone,delivery_address,delivery_fee,last_updated,latitude,longitude,order_date,restaurant_id,status,subtotal,tax,total_amount,user_id,order_id) values (?,?,?,?,?,?,?,?,?,?,?,?,?,default)
2026-09-26T14:50:11.569+05:30 DEBUG 63072 --- [           main] org.hibernate.SQL                        : insert into order_items (item_name,menu_item_id,quantity,total_price,unit_price,id) values (?,?,?,?,?,default)
2026-09-26T14:50:11.569+05:30 DEBUG 63072 --- [           main] org.hibernate.SQL                        : update order_items set order_id=? where id=?
2026-09-26T14:50:11.570+05:30 DEBUG 63072 --- [           main] org.hibernate.SQL                        : insert into orders (contact_phone,delivery_address,delivery_fee,last_updated,latitude,longitude,order_date,restaurant_id,status,subtotal,tax,total_amount,user_id,order_id) values (?,?,?,?,?,?,?,?,?,?,?,?,?,default)
2026-09-26T14:50:11.570+05:30 DEBUG 63072 --- [           main] org.hibernate.SQL                        : insert into order_items (item_name,menu_item_id,quantity,total_price,unit_price,id) values (?,?,?,?,?,default)
2026-09-26T14:50:11.570+05:30 DEBUG 63072 --- [           main] org.hibernate.SQL                        : update order_items set order_id=? where id=?
2026-09-26T14:50:11.570+05:30 DEBUG 63072 --- [           main] org.hibernate.SQL                        : insert into orders (contact_phone,delivery_address,delivery_fee,last_updated,latitude,longitude,order_date,restaurant_id,status,subtotal,tax,total_amount,user_id,order_id) values (?,?,?,?,?,?,?,?,?,?,?,?,?,default)
2026-09-26T14:50:11.570+05:30 DEBUG 63072 --- [           main] org.hibernate.SQL                        : insert into order_items (item_name,menu_item_id,quantity,total_price,unit_price,id) values (?,?,?,?,?,default)
2026-09-26T14:50:11.570+05:30 DEBUG 63072 --- [           main] org.hibernate.SQL                        : update order_items set order_id=? where id=?
2026-09-26T14:50:11.571+05:30 DEBUG 63072 --- [           main] org.hibernate.SQL                        : insert into orders (contact_phone,delivery_address,delivery_fee,last_updated,latitude,longitude,order_date,restaurant_id,status,subtotal,tax,total_amount,user_id,order_id) values (?,?,?,?,?,?,?,?,?,?,?,?,?,default)
2026-09-26T14:50:11.571+05:30 DEBUG 63072 --- [           main] org.hibernate.SQL                        : insert into order_items (item_name,menu_item_id,quantity,total_price,unit_price,id) values (?,?,?,?,?,default)
2026-09-26T14:50:11.571+05:30 DEBUG 63072 --- [           main] org.hibernate.SQL                        : update order_items set order_id=? where id=?
2026-09-26T14:50:11.571+05:30 DEBUG 63072 --- [           main] org.hibernate.SQL                        : insert into orders (contact_phone,delivery_address,delivery_fee,last_updated,latitude,longitude,order_date,restaurant_id,status,subtotal,tax,total_amount,user_id,order_id) values (?,?,?,?,?,?,?,?,?,?,?,?,?,default)
2026-09-26T14:50:11.571+05:30 DEBUG 63072 --- [           main] org.hibernate.SQL                        : insert into order_items (item_name,menu_item_id,quantity,total_price,unit_price,id) values (?,?,?,?,?,default)
2026-09-26T14:50:11.572+05:30 DEBUG 63072 --- [           main] org.hibernate.SQL                        : update order_items set order_id=? where id=?
2026-09-26T14:50:11.572+05:30 DEBUG 63072 --- [           main] org.hibernate.SQL                        : insert into orders (contact_phone,delivery_address,delivery_fee,last_updated,latitude,longitude,order_date,restaurant_id,status,subtotal,tax,total_amount,user_id,order_id) values (?,?,?,?,?,?,?,?,?,?,?,?,?,default)
2026-09-26T14:50:11.572+05:30 DEBUG 63072 --- [           main] org.hibernate.SQL                        : insert into order_items (item_name,menu_item_id,quantity,total_price,unit_price,id) values (?,?,?,?,?,default)
2026-09-26T14:50:11.572+05:30 DEBUG 63072 --- [           main] org.hibernate.SQL                        : update order_items set order_id=? where id=?
2026-09-26T14:50:11.614+05:30  INFO 63072 --- [1-auto-1-exec-1] o.s.web.servlet.DispatcherServlet        : Initializing Servlet 'dispatcherServlet'
2026-09-26T14:50:11.614+05:30 DEBUG 63072 --- [1-auto-1-exec-1] o.s.web.servlet.DispatcherServlet        : Detected StandardServletMultipartResolver
2026-09-26T14:50:11.614+05:30 DEBUG 63072 --- [1-auto-1-exec-1] o.s.web.servlet.DispatcherServlet        : Detected AcceptHeaderLocaleResolver
2026-09-26T14:50:11.614+05:30 DEBUG 63072 --- [1-auto-1-exec-1] o.s.web.servlet.DispatcherServlet        : Detected FixedThemeResolver
2026-09-26T14:50:11.615+05:30 DEBUG 63072 --- [1-auto-1-exec-1] o.s.web.servlet.DispatcherServlet        : Detected org.springframework.web.servlet.view.DefaultRequestToViewNameTranslator@2eea0775
2026-09-26T14:50:11.615+05:30 DEBUG 63072 --- [1-auto-1-exec-1] o.s.web.servlet.DispatcherServlet        : Detected org.springframework.web.servlet.support.SessionFlashMapManager@7d43c89f
2026-09-26T14:50:11.615+05:30 DEBUG 63072 --- [1-auto-1-exec-1] o.s.web.servlet.DispatcherServlet        : enableLoggingRequestDetails='false': request parameters and headers will be masked to prevent unsafe logging of potentially sensitive data
2026-09-26T14:50:11.615+05:30  INFO 63072 --- [1-auto-1-exec-1] o.s.web.servlet.DispatcherServlet        : Completed initialization in 1 ms
2026-09-26T14:50:11.617+05:30 DEBUG 63072 --- [1-auto-1-exec-1] o.s.web.servlet.DispatcherServlet        : GET "/api/v1/orders?page=0&size=10", parameters={masked}
2026-09-26T14:50:11.621+05:30 DEBUG 63072 --- [1-auto-1-exec-1] s.w.s.m.m.a.RequestMappingHandlerMapping : Mapped to com.OrderManagement.OrderManagement.controller.OrderController#getAllOrders(int, int, String, String)
2026-09-26T14:50:11.668+05:30 DEBUG 63072 --- [1-auto-1-exec-1] org.hibernate.SQL                        : select om1_0.order_id,om1_0.contact_phone,om1_0.delivery_address,om1_0.delivery_fee,om1_0.last_updated,om1_0.latitude,om1_0.longitude,om1_0.order_date,om1_0.restaurant_id,om1_0.status,om1_0.subtotal,om1_0.tax,om1_0.total_amount,om1_0.user_id from orders om1_0 order by om1_0.order_date desc offset ? rows fetch first ? rows only
2026-09-26T14:50:11.677+05:30 DEBUG 63072 --- [1-auto-1-exec-1] org.hibernate.SQL                        : select count(om1_0.order_id) from orders om1_0
2026-09-26T14:50:11.688+05:30 DEBUG 63072 --- [1-auto-1-exec-1] o.s.w.s.m.m.a.HttpEntityMethodProcessor  : Using 'application/json', given [*/*] and supported [application/json, application/*+json]
2026-09-26T14:50:11.688+05:30 DEBUG 63072 --- [1-auto-1-exec-1] o.s.w.s.m.m.a.HttpEntityMethodProcessor  : Writing [{totalItems=250, totalPages=25, orders=[com.OrderManagement.OrderManagement.model.OrderModel@79f9f2e (truncated)...]
2026-09-26T14:50:11.710+05:30 DEBUG 63072 --- [1-auto-1-exec-1] org.hibernate.SQL                        : select oi1_0.order_id,oi1_0.id,oi1_0.item_name,oi1_0.menu_item_id,oi1_0.quantity,oi1_0.total_price,oi1_0.unit_price from order_items oi1_0 where oi1_0.order_id=?
2026-09-26T14:50:11.712+05:30 DEBUG 63072 --- [1-auto-1-exec-1] org.hibernate.SQL                        : select oi1_0.order_id,oi1_0.id,oi1_0.item_name,oi1_0.menu_item_id,oi1_0.quantity,oi1_0.total_price,oi1_0.unit_price from order_items oi1_0 where oi1_0.order_id=?
2026-09-26T14:50:11.713+05:30 DEBUG 63072 --- [1-auto-1-exec-1] org.hibernate.SQL                        : select oi1_0.order_id,oi1_0.id,oi1_0.item_name,oi1_0.menu_item_id,oi1_0.quantity,oi1_0.total_price,oi1_0.unit_price from order_items oi1_0 where oi1_0.order_id=?
2026-09-26T14:50:11.713+05:30 DEBUG 63072 --- [1-auto-1-exec-1] org.hibernate.SQL                        : select oi1_0.order_id,oi1_0.id,oi1_0.item_name,oi1_0.menu_item_id,oi1_0.quantity,oi1_0.total_price,oi1_0.unit_price from order_items oi1_0 where oi1_0.order_id=?
2026-09-26T14:50:11.713+05:30 DEBUG 63072 --- [1-auto-1-exec-1] org.hibernate.SQL                        : select oi1_0.order_id,oi1_0.id,oi1_0.item_name,oi1_0.menu_item_id,oi1_0.quantity,oi1_0.total_price,oi1_0.unit_price from order_items oi1_0 where oi1_0.order_id=?
2026-09-26T14:50:11.713+05:30 DEBUG 63072 --- [1-auto-1-exec-1] org.hibernate.SQL                        : select oi1_0.order_id,oi1_0.id,oi1_0.item_name,oi1_0.menu_item_id,oi1_0.quantity,oi1_0.total_price,oi1_0.unit_price from order_items oi1_0 where oi1_0.order_id=?
2026-09-26T14:50:11.713+05:30 DEBUG 63072 --- [1-auto-1-exec-1] org.hibernate.SQL                        : select oi1_0.order_id,oi1_0.id,oi1_0.item_name,oi1_0.menu_item_id,oi1_0.quantity,oi1_0.total_price,oi1_0.unit_price from order_items oi1_0 where oi1_0.order_id=?
2026-09-26T14:50:11.714+05:30 DEBUG 63072 --- [1-auto-1-exec-1] org.hibernate.SQL                        : select oi1_0.order_id,oi1_0.id,oi1_0.item_name,oi1_0.menu_item_id,oi1_0.quantity,oi1_0.total_price,oi1_0.unit_price from order_items oi1_0 where oi1_0.order_id=?
2026-09-26T14:50:11.714+05:30 DEBUG 63072 --- [1-auto-1-exec-1] org.hibernate.SQL                        : select oi1_0.order_id,oi1_0.id,oi1_0.item_name,oi1_0.menu_item_id,oi1_0.quantity,oi1_0.total_price,oi1_0.unit_price from order_items oi1_0 where oi1_0.order_id=?
2026-09-26T14:50:11.714+05:30 DEBUG 63072 --- [1-auto-1-exec-1] org.hibernate.SQL                        : select oi1_0.order_id,oi1_0.id,oi1_0.item_name,oi1_0.menu_item_id,oi1_0.quantity,oi1_0.total_price,oi1_0.unit_price from order_items oi1_0 where oi1_0.order_id=?
2026-09-26T14:50:11.716+05:30 DEBUG 63072 --- [1-auto-1-exec-1] o.s.web.servlet.DispatcherServlet        : Completed 200 OK
2026-09-26T14:50:11.728+05:30 DEBUG 63072 --- [1-auto-1-exec-2] o.s.web.servlet.DispatcherServlet        : GET "/api/v1/orders?page=0&size=200", parameters={masked}
2026-09-26T14:50:11.728+05:30 DEBUG 63072 --- [1-auto-1-exec-2] s.w.s.m.m.a.RequestMappingHandlerMapping : Mapped to com.OrderManagement.OrderManagement.controller.OrderController#getAllOrders(int, int, String, String)
2026-09-26T14:50:11.729+05:30 DEBUG 63072 --- [1-auto-1-exec-2] org.hibernate.SQL                        : select om1_0.order_id,om1_0.contact_phone,om1_0.delivery_address,om1_0.delivery_fee,om1_0.last_updated,om1_0.latitude,om1_0.longitude,om1_0.order_date,om1_0.restaurant_id,om1_0.status,om1_0.subtotal,om1_0.tax,om1_0.total_amount,om1_0.user_id from orders om1_0 order by om1_0.order_date desc offset ? rows fetch first ? rows only
2026-09-26T14:50:11.740+05:30 DEBUG 63072 --- [1-auto-1-exec-2] org.hibernate.SQL                        : select count(om1_0.order_id) from orders om1_0
2026-09-26T14:50:11.740+05:30 DEBUG 63072 --- [1-auto-1-exec-2] o.s.w.s.m.m.a.HttpEntityMethodProcessor  : Using 'application/json', given [*/*] and supported [application/json, application/*+json]
2026-09-26T14:50:11.740+05:30 DEBUG 63072 --- [1-auto-1-exec-2] o.s.w.s.m.m.a.HttpEntityMethodProcessor  : Writing [{totalItems=250, totalPages=2, orders=[com.OrderManagement.OrderManagement.model.OrderModel@5e27ff48 (truncated)...]
2026-09-26T14:50:11.741+05:30 DEBUG 63072 --- [1-auto-1-exec-2] org.hibernate.SQL                        : select oi1_0.order_id,oi1_0.id,oi1_0.item_name,oi1_0.menu_item_id,oi1_0.quantity,oi1_0.total_price,oi1_0.unit_price from order_items oi1_0 where oi1_0.order_id=?
2026-09-26T14:50:11.741+05:30 DEBUG 63072 --- [1-auto-1-exec-2] org.hibernate.SQL                        : select oi1_0.order_id,oi1_0.id,oi1_0.item_name,oi1_0.menu_item_id,oi1_0.quantity,oi1_0.total_price,oi1_0.unit_price from order_items oi1_0 where oi1_0.order_id=?
2026-09-26T14:50:11.741+05:30 DEBUG 63072 --- [1-auto-1-exec-2] org.hibernate.SQL                        : select oi1_0.order_id,oi1_0.id,oi1_0.item_name,oi1_0.menu_item_id,oi1_0.quantity,oi1_0.total_price,oi1_0.unit_price from order_items oi1_0 where oi1_0.order_id=?
2026-09-26T14:50:11.741+05:30 DEBUG 63072 --- [1-auto-1-exec-2] org.hibernate.SQL                        : select oi1_0.order_id,oi1_0.id,oi1_0.item_name,oi1_0.menu_item_id,oi1_0.quantity,oi1_0.total_price,oi1_0.unit_price from order_items oi1_0 where oi1_0.order_id=?
2026-09-26T14:50:11.742+05:30 DEBUG 63072 --- [1-auto-1-exec-2] org.hibernate.SQL                        : select oi1_0.order_id,oi1_0.id,oi1_0.item_name,oi1_0.menu_item_id,oi1_0.quantity,oi1_0.total_price,oi1_0.unit_price from order_items oi1_0 where oi1_0.order_id=?
2026-09-26T14:50:11.742+05:30 DEBUG 63072 --- [1-auto-1-exec-2] org.hibernate.SQL                        : select oi1_0.order_id,oi1_0.id,oi1_0.item_name,oi1_0.menu_item_id,oi1_0.quantity,oi1_0.total_price,oi1_0.unit_price from order_items oi1_0 where oi1_0.order_id=?
2026-09-26T14:50:11.742+05:30 DEBUG 63072 --- [1-auto-1-exec-2] org.hibernate.SQL                        : select oi1_0.order_id,oi1_0.id,oi1_0.item_name,oi1_0.menu_item_id,oi1_0.quantity,oi1_0.total_price,oi1_0.unit_price from order_items oi1_0 where oi1_0.order_id=?
2026-09-26T14:50:11.742+05:30 DEBUG 63072 --- [1-auto-1-exec-2] org.hibernate.SQL                        : select oi1_0.order_id,oi1_0.id,oi1_0.item_name,oi1_0.menu_item_id,oi1_0.quantity,oi1_0.total_price,oi1_0.unit_price from order_items oi1_0 where oi1_0.order_id=?
2026-09-26T14:50:11.742+05:30 DEBUG 63072 --- [1-auto-1-exec-2] org.hibernate.SQL                        : select oi1_0.order_id,oi1_0.id,oi1_0.item_name,oi1_0.menu_item_id,oi1_0.quantity,oi1_0.total_price,oi1_0.unit_price from order_items oi1_0 where oi1_0.order_id=?
2026-09-26T14:50:11.742+05:30 DEBUG 63072 --- [1-auto-1-exec-2] org.hibernate.SQL                        : select oi1_0.order_id,oi1_0.id,oi1_0.item_name,oi1_0.menu_item_id,oi1_0.quantity,oi1_0.total_price,oi1_0.unit_price from order_items oi1_0 where oi1_0.order_id=?
2026-09-26T14:50:11.743+05:30 DEBUG 63072 --- [1-auto-1-exec-2] org.hibernate.SQL                        : select oi1_0.order_id,oi1_0.id,oi1_0.item_name,oi1_0.menu_item_id,oi1_0.quantity,oi1_0.total_price,oi1_0.unit_price from order_items oi1_0 where oi1_0.order_id=?
2026-09-26T14:50:11.743+05:30 DEBUG 63072 --- [1-auto-1-exec-2] org.hibernate.SQL                        : select oi1_0.order_id,oi1_0.id,oi1_0.item_name,oi1_0.menu_item_id,oi1_0.quantity,oi1_0.total_price,oi1_0.unit_price from order_items oi1_0 where oi1_0.order_id=?
2026-09-26T14:50:11.743+05:30 DEBUG 63072 --- [1-auto-1-exec-2] org.hibernate.SQL                        : select oi1_0.order_id,oi1_0.id,oi1_0.item_name,oi1_0.menu_item_id,oi1_0.quantity,oi1_0.total_price,oi1_0.unit_price from order_items oi1_0 where oi1_0.order_id=?
2026-09-26T14:50:11.743+05:30 DEBUG 63072 --- [1-auto-1-exec-2] org.hibernate.SQL                        : select oi1_0.order_id,oi1_0.id,oi1_0.item_name,oi1_0.menu_item_id,oi1_0.quantity,oi1_0.total_price,oi1_0.unit_price from order_items oi1_0 where oi1_0.order_id=?
2026-09-26T14:50:11.743+05:30 DEBUG 63072 --- [1-auto-1-exec-2] org.hibernate.SQL                        : select oi1_0.order_id,oi1_0.id,oi1_0.item_name,oi1_0.menu_item_id,oi1_0.quantity,oi1_0.total_price,oi1_0.unit_price from order_items oi1_0 where oi1_0.order_id=?
2026-09-26T14:50:11.743+05:30 DEBUG 63072 --- [1-auto-1-exec-2] org.hibernate.SQL                        : select oi1_0.order_id,oi1_0.id,oi1_0.item_name,oi1_0.menu_item_id,oi1_0.quantity,oi1_0.total_price,oi1_0.unit_price from order_items oi1_0 where oi1_0.order_id=?
2026-09-26T14:50:11.744+05:30 DEBUG 63072 --- [1-auto-1-exec-2] org.hibernate.SQL                        : select oi1_0.order_id,oi1_0.id,oi1_0.item_name,oi1_0.menu_item_id,oi1_0.quantity,oi1_0.total_price,oi1_0.unit_price from order_items oi1_0 where oi1_0.order_id=?
2026-09-26T14:50:11.744+05:30 DEBUG 63072 --- [1-auto-1-exec-2] org.hibernate.SQL                        : select oi1_0.order_id,oi1_0.id,oi1_0.item_name,oi1_0.menu_item_id,oi1_0.quantity,oi1_0.total_price,oi1_0.unit_price from order_items oi1_0 where oi1_0.order_id=?
2026-09-26T14:50:11.744+05:30 DEBUG 63072 --- [1-auto-1-exec-2] org.hibernate.SQL                        : select oi1_0.order_id,oi1_0.id,oi1_0.item_name,oi1_0.menu_item_id,oi1_0.quantity,oi1_0.total_price,oi1_0.unit_price from order_items oi1_0 where oi1_0.order_id=?
2026-09-26T14:50:11.744+05:30 DEBUG 63072 --- [1-auto-1-exec-2] org.hibernate.SQL                        : select oi1_0.order_id,oi1_0.id,oi1_0.item_name,oi1_0.menu_item_id,oi1_0.quantity,oi1_0.total_price,oi1_0.unit_price from order_items oi1_0 where oi1_0.order_id=?
2026-09-26T14:50:11.744+05:30 DEBUG 63072 --- [1-auto-1-exec-2] org.hibernate.SQL                        : select oi1_0.order_id,oi1_0.id,oi1_0.item_name,oi1_0.menu_item_id,oi1_0.quantity,oi1_0.total_price,oi1_0.unit_price from order_items oi1_0 where oi1_0.order_id=?
2026-09-26T14:50:11.744+05:30 DEBUG 63072 --- [1-auto-1-exec-2] org.hibernate.SQL                        : select oi1_0.order_id,oi1_0.id,oi1_0.item_name,oi1_0.menu_item_id,oi1_0.quantity,oi1_0.total_price,oi1_0.unit_price from order_items oi1_0 where oi1_0.order_id=?
2026-09-26T14:50:11.745+05:30 DEBUG 63072 --- [1-auto-1-exec-2] org.hibernate.SQL                        : select oi1_0.order_id,oi1_0.id,oi1_0.item_name,oi1_0.menu_item_id,oi1_0.quantity,oi1_0.total_price,oi1_0.unit_price from order_items oi1_0 where oi1_0.order_id=?
2026-09-26T14:50:11.745+05:30 DEBUG 63072 --- [1-auto-1-exec-2] org.hibernate.SQL                        : select oi1_0.order_id,oi1_0.id,oi1_0.item_name,oi1_0.menu_item_id,oi1_0.quantity,oi1_0.total_price,oi1_0.unit_price from order_items oi1_0 where oi1_0.order_id=?
2026-09-26T14:50:11.745+05:30 DEBUG 63072 --- [1-auto-1-exec-2] org.hibernate.SQL                        : select oi1_0.order_id,oi1_0.id,oi1_0.item_name,oi1_0.menu_item_id,oi1_0.quantity,oi1_0.total_price,oi1_0.unit_price from order_items oi1_0 where oi1_0.order_id=?
2026-09-26T14:50:11.745+05:30 DEBUG 63072 --- [1-auto-1-exec-2] org.hibernate.SQL                        : select oi1_0.order_id,oi1_0.id,oi1_0.item_name,oi1_0.menu_item_id,oi1_0.quantity,oi1_0.total_price,oi1_0.unit_price from order_items oi1_0 where oi1_0.order_id=?
2026-09-26T14:50:11.745+05:30 DEBUG 63072 --- [1-auto-1-exec-2] org.hibernate.SQL                        : select oi1_0.order_id,oi1_0.id,oi1_0.item_name,oi1_0.menu_item_id,oi1_0.quantity,oi1_0.total_price,oi1_0.unit_price from order_items oi1_0 where oi1_0.order_id=?
2026-09-26T14:50:11.745+05:30 DEBUG 63072 --- [1-auto-1-exec-2] org.hibernate.SQL                        : select oi1_0.order_id,oi1_0.id,oi1_0.item_name,oi1_0.menu_item_id,oi1_0.quantity,oi1_0.total_price,oi1_0.unit_price from order_items oi1_0 where oi1_0.order_id=?
2026-09-26T14:50:11.745+05:30 DEBUG 63072 --- [1-auto-1-exec-2] org.hibernate.SQL                        : select oi1_0.order_id,oi1_0.id,oi1_0.item_name,oi1_0.menu_item_id,oi1_0.quantity,oi1_0.total_price,oi1_0.unit_price from order_items oi1_0 where oi1_0.order_id=?
2026-09-26T14:50:11.746+05:30 DEBUG 63072 --- [1-auto-1-exec-2] org.hibernate.SQL                        : select oi1_0.order_id,oi1_0.id,oi1_0.item_name,oi1_0.menu_item_id,oi1_0.quantity,oi1_0.total_price,oi1_0.unit_price from order_items oi1_0 where oi1_0.order_id=?
2026-09-26T14:50:11.746+05:30 DEBUG 63072 --- [1-auto-1-exec-2] org.hibernate.SQL                        : select oi1_0.order_id,oi1_0.id,oi1_0.item_name,oi1_0.menu_item_id,oi1_0.quantity,oi1_0.total_price,oi1_0.unit_price from order_items oi1_0 where oi1_0.order_id=?
2026-09-26T14:50:11.746+05:30 DEBUG 63072 --- [1-auto-1-exec-2] org.hibernate.SQL                        : select oi1_0.order_id,oi1_0.id,oi1_0.item_name,oi1_0.menu_item_id,oi1_0.quantity,oi1_0.total_price,oi1_0.unit_price from order_items oi1_0 where oi1_0.order_id=?
2026-09-26T14:50:11.746+05:30 DEBUG 63072 --- [1-auto-1-exec-2] org.hibernate.SQL                        : select oi1_0.order_id,oi1_0.id,oi1_0.item_name,oi1_0.menu_item_id,oi1_0.quantity,oi1_0.total_price,oi1_0.unit_price from order_items oi1_0 where oi1_0.order_id=?
2026-09-26T14:50:11.746+05:30 DEBUG 63072 --- [1-auto-1-exec-2] org.hibernate.SQL                        : select oi1_0.order_id,oi1_0.id,oi1_0.item_name,oi1_0.menu_item_id,oi1_0.quantity,oi1_0.total_price,oi1_0.unit_price from order_items oi1_0 where oi1_0.order_id=?
2026-09-26T14:50:11.746+05:30 DEBUG 63072 --- [1-auto-1-exec-2] org.hibernate.SQL                        : select oi1_0.order_id,oi1_0.id,oi1_0.item_name,oi1_0.menu_item_id,oi1_0.quantity,oi1_0.total_price,oi1_0.unit_price from order_items oi1_0 where oi1_0.order_id=?
2026-09-26T14:50:11.747+05:30 DEBUG 63072 --- [1-auto-1-exec-2] org.hibernate.SQL                        : select oi1_0.order_id,oi1_0.id,oi1_0.item_name,oi1_0.menu_item_id,oi1_0.quantity,oi1_0.total_price,oi1_0.unit_price from order_items oi1_0 where oi1_0.order_id=?
2026-09-26T14:50:11.747+05:30 DEBUG 63072 --- [1-auto-1-exec-2] org.hibernate.SQL                        : select oi1_0.order_id,oi1_0.id,oi1_0.item_name,oi1_0.menu_item_id,oi1_0.quantity,oi1_0.total_price,oi1_0.unit_price from order_items oi1_0 where oi1_0.order_id=?
2026-09-26T14:50:11.747+05:30 DEBUG 63072 --- [1-auto-1-exec-2] org.hibernate.SQL                        : select oi1_0.order_id,oi1_0.id,oi1_0.item_name,oi1_0.menu_item_id,oi1_0.quantity,oi1_0.total_price,oi1_0.unit_price from order_items oi1_0 where oi1_0.order_id=?
2026-09-26T14:50:11.747+05:30 DEBUG 63072 --- [1-auto-1-exec-2] org.hibernate.SQL                        : select oi1_0.order_id,oi1_0.id,oi1_0.item_name,oi1_0.menu_item_id,oi1_0.quantity,oi1_0.total_price,oi1_0.unit_price from order_items oi1_0 where oi1_0.order_id=?
2026-09-26T14:50:11.747+05:30 DEBUG 63072 --- [1-auto-1-exec-2] org.hibernate.SQL                        : select oi1_0.order_id,oi1_0.id,oi1_0.item_name,oi1_0.menu_item_id,oi1_0.quantity,oi1_0.total_price,oi1_0.unit_price from order_items oi1_0 where oi1_0.order_id=?
2026-09-26T14:50:11.747+05:30 DEBUG 63072 --- [1-auto-1-exec-2] org.hibernate.SQL                        : select oi1_0.order_id,oi1_0.id,oi1_0.item_name,oi1_0.menu_item_id,oi1_0.quantity,oi1_0.total_price,oi1_0.unit_price from order_items oi1_0 where oi1_0.order_id=?
2026-09-26T14:50:11.748+05:30 DEBUG 63072 --- [1-auto-1-exec-2] org.hibernate.SQL                        : select oi1_0.order_id,oi1_0.id,oi1_0.item_name,oi1_0.menu_item_id,oi1_0.quantity,oi1_0.total_price,oi1_0.unit_price from order_items oi1_0 where oi1_0.order_id=?
2026-09-26T14:50:11.748+05:30 DEBUG 63072 --- [1-auto-1-exec-2] org.hibernate.SQL                        : select oi1_0.order_id,oi1_0.id,oi1_0.item_name,oi1_0.menu_item_id,oi1_0.quantity,oi1_0.total_price,oi1_0.unit_price from order_items oi1_0 where oi1_0.order_id=?
2026-09-26T14:50:11.748+05:30 DEBUG 63072 --- [1-auto-1-exec-2] org.hibernate.SQL                        : select oi1_0.order_id,oi1_0.id,oi1_0.item_name,oi1_0.menu_item_id,oi1_0.quantity,oi1_0.total_price,oi1_0.unit_price from order_items oi1_0 where oi1_0.order_id=?
2026-09-26T14:50:11.748+05:30 DEBUG 63072 --- [1-auto-1-exec-2] org.hibernate.SQL                        : select oi1_0.order_id,oi1_0.id,oi1_0.item_name,oi1_0.menu_item_id,oi1_0.quantity,oi1_0.total_price,oi1_0.unit_price from order_items oi1_0 where oi1_0.order_id=?
2026-09-26T14:50:11.748+05:30 DEBUG 63072 --- [1-auto-1-exec-2] org.hibernate.SQL                        : select oi1_0.order_id,oi1_0.id,oi1_0.item_name,oi1_0.menu_item_id,oi1_0.quantity,oi1_0.total_price,oi1_0.unit_price from order_items oi1_0 where oi1_0.order_id=?
2026-09-26T14:50:11.748+05:30 DEBUG 63072 --- [1-auto-1-exec-2] org.hibernate.SQL                        : select oi1_0.order_id,oi1_0.id,oi1_0.item_name,oi1_0.menu_item_id,oi1_0.quantity,oi1_0.total_price,oi1_0.unit_price from order_items oi1_0 where oi1_0.order_id=?
2026-09-26T14:50:11.748+05:30 DEBUG 63072 --- [1-auto-1-exec-2] org.hibernate.SQL                        : select oi1_0.order_id,oi1_0.id,oi1_0.item_name,oi1_0.menu_item_id,oi1_0.quantity,oi1_0.total_price,oi1_0.unit_price from order_items oi1_0 where oi1_0.order_id=?
2026-09-26T14:50:11.749+05:30 DEBUG 63072 --- [1-auto-1-exec-2] org.hibernate.SQL                        : select oi1_0.order_id,oi1_0.id,oi1_0.item_name,oi1_0.menu_item_id,oi1_0.quantity,oi1_0.total_price,oi1_0.unit_price from order_items oi1_0 where oi1_0.order_id=?
2026-09-26T14:50:11.749+05:30 DEBUG 63072 --- [1-auto-1-exec-2] org.hibernate.SQL                        : select oi1_0.order_id,oi1_0.id,oi1_0.item_name,oi1_0.menu_item_id,oi1_0.quantity,oi1_0.total_price,oi1_0.unit_price from order_items oi1_0 where oi1_0.order_id=?
2026-09-26T14:50:11.749+05:30 DEBUG 63072 --- [1-auto-1-exec-2] org.hibernate.SQL                        : select oi1_0.order_id,oi1_0.id,oi1_0.item_name,oi1_0.menu_item_id,oi1_0.quantity,oi1_0.total_price,oi1_0.unit_price from order_items oi1_0 where oi1_0.order_id=?
2026-09-26T14:50:11.749+05:30 DEBUG 63072 --- [1-auto-1-exec-2] org.hibernate.SQL                        : select oi1_0.order_id,oi1_0.id,oi1_0.item_name,oi1_0.menu_item_id,oi1_0.quantity,oi1_0.total_price,oi1_0.unit_price from order_items oi1_0 where oi1_0.order_id=?
2026-09-26T14:50:11.749+05:30 DEBUG 63072 --- [1-auto-1-exec-2] org.hibernate.SQL                        : select oi1_0.order_id,oi1_0.id,oi1_0.item_name,oi1_0.menu_item_id,oi1_0.quantity,oi1_0.total_price,oi1_0.unit_price from order_items oi1_0 where oi1_0.order_id=?
2026-09-26T14:50:11.749+05:30 DEBUG 63072 --- [1-auto-1-exec-2] org.hibernate.SQL                        : select oi1_0.order_id,oi1_0.id,oi1_0.item_name,oi1_0.menu_item_id,oi1_0.quantity,oi1_0.total_price,oi1_0.unit_price from order_items oi1_0 where oi1_0.order_id=?
2026-09-26T14:50:11.750+05:30 DEBUG 63072 --- [1-auto-1-exec-2] org.hibernate.SQL                        : select oi1_0.order_id,oi1_0.id,oi1_0.item_name,oi1_0.menu_item_id,oi1_0.quantity,oi1_0.total_price,oi1_0.unit_price from order_items oi1_0 where oi1_0.order_id=?
2026-09-26T14:50:11.750+05:30 DEBUG 63072 --- [1-auto-1-exec-2] org.hibernate.SQL                        : select oi1_0.order_id,oi1_0.id,oi1_0.item_name,oi1_0.menu_item_id,oi1_0.quantity,oi1_0.total_price,oi1_0.unit_price from order_items oi1_0 where oi1_0.order_id=?
2026-09-26T14:50:11.750+05:30 DEBUG 63072 --- [1-auto-1-exec-2] org.hibernate.SQL                        : select oi1_0.order_id,oi1_0.id,oi1_0.item_name,oi1_0.menu_item_id,oi1_0.quantity,oi1_0.total_price,oi1_0.unit_price from order_items oi1_0 where oi1_0.order_id=?
2026-09-26T14:50:11.750+05:30 DEBUG 63072 --- [1-auto-1-exec-2] org.hibernate.SQL                        : select oi1_0.order_id,oi1_0.id,oi1_0.item_name,oi1_0.menu_item_id,oi1_0.quantity,oi1_0.total_price,oi1_0.unit_price from order_items oi1_0 where oi1_0.order_id=?
2026-09-26T14:50:11.750+05:30 DEBUG 63072 --- [1-auto-1-exec-2] org.hibernate.SQL                        : select oi1_0.order_id,oi1_0.id,oi1_0.item_name,oi1_0.menu_item_id,oi1_0.quantity,oi1_0.total_price,oi1_0.unit_price from order_items oi1_0 where oi1_0.order_id=?
2026-09-26T14:50:11.750+05:30 DEBUG 63072 --- [1-auto-1-exec-2] org.hibernate.SQL                        : select oi1_0.order_id,oi1_0.id,oi1_0.item_name,oi1_0.menu_item_id,oi1_0.quantity,oi1_0.total_price,oi1_0.unit_price from order_items oi1_0 where oi1_0.order_id=?
2026-09-26T14:50:11.750+05:30 DEBUG 63072 --- [1-auto-1-exec-2] org.hibernate.SQL                        : select oi1_0.order_id,oi1_0.id,oi1_0.item_name,oi1_0.menu_item_id,oi1_0.quantity,oi1_0.total_price,oi1_0.unit_price from order_items oi1_0 where oi1_0.order_id=?
2026-09-26T14:50:11.750+05:30 DEBUG 63072 --- [1-auto-1-exec-2] org.hibernate.SQL                        : select oi1_0.order_id,oi1_0.id,oi1_0.item_name,oi1_0.menu_item_id,oi1_0.quantity,oi1_0.total_price,oi1_0.unit_price from order_items oi1_0 where oi1_0.order_id=?
2026-09-26T14:50:11.751+05:30 DEBUG 63072 --- [1-auto-1-exec-2] org.hibernate.SQL                        : select oi1_0.order_id,oi1_0.id,oi1_0.item_name,oi1_0.menu_item_id,oi1_0.quantity,oi1_0.total_price,oi1_0.unit_price from order_items oi1_0 where oi1_0.order_id=?
2026-09-26T14:50:11.751+05:30 DEBUG 63072 --- [1-auto-1-exec-2] org.hibernate.SQL                        : select oi1_0.order_id,oi1_0.id,oi1_0.item_name,oi1_0.menu_item_id,oi1_0.quantity,oi1_0.total_price,oi1_0.unit_price from order_items oi1_0 where oi1_0.order_id=?
2026-09-26T14:50:11.751+05:30 DEBUG 63072 --- [1-auto-1-exec-2] org.hibernate.SQL                        : select oi1_0.order_id,oi1_0.id,oi1_0.item_name,oi1_0.menu_item_id,oi1_0.quantity,oi1_0.total_price,oi1_0.unit_price from order_items oi1_0 where oi1_0.order_id=?
2026-09-26T14:50:11.751+05:30 DEBUG 63072 --- [1-auto-1-exec-2] org.hibernate.SQL                        : select oi1_0.order_id,oi1_0.id,oi1_0.item_name,oi1_0.menu_item_id,oi1_0.quantity,oi1_0.total_price,oi1_0.unit_price from order_items oi1_0 where oi1_0.order_id=?
2026-09-26T14:50:11.751+05:30 DEBUG 63072 --- [1-auto-1-exec-2] org.hibernate.SQL                        : select oi1_0.order_id,oi1_0.id,oi1_0.item_name,oi1_0.menu_item_id,oi1_0.quantity,oi1_0.total_price,oi1_0.unit_price from order_items oi1_0 where oi1_0.order_id=?
2026-09-26T14:50:11.751+05:30 DEBUG 63072 --- [1-auto-1-exec-2] org.hibernate.SQL                        : select oi1_0.order_id,oi1_0.id,oi1_0.item_name,oi1_0.menu_item_id,oi1_0.quantity,oi1_0.total_price,oi1_0.unit_price from order_items oi1_0 where oi1_0.order_id=?
2026-09-26T14:50:11.751+05:30 DEBUG 63072 --- [1-auto-1-exec-2] org.hibernate.SQL                        : select oi1_0.order_id,oi1_0.id,oi1_0.item_name,oi1_0.menu_item_id,oi1_0.quantity,oi1_0.total_price,oi1_0.unit_price from order_items oi1_0 where oi1_0.order_id=?
2026-09-26T14:50:11.752+05:30 DEBUG 63072 --- [1-auto-1-exec-2] org.hibernate.SQL                        : select oi1_0.order_id,oi1_0.id,oi1_0.item_name,oi1_0.menu_item_id,oi1_0.quantity,oi1_0.total_price,oi1_0.unit_price from order_items oi1_0 where oi1_0.order_id=?
2026-09-26T14:50:11.752+05:30 DEBUG 63072 --- [1-auto-1-exec-2] org.hibernate.SQL                        : select oi1_0.order_id,oi1_0.id,oi1_0.item_name,oi1_0.menu_item_id,oi1_0.quantity,oi1_0.total_price,oi1_0.unit_price from order_items oi1_0 where oi1_0.order_id=?
2026-09-26T14:50:11.752+05:30 DEBUG 63072 --- [1-auto-1-exec-2] org.hibernate.SQL                        : select oi1_0.order_id,oi1_0.id,oi1_0.item_name,oi1_0.menu_item_id,oi1_0.quantity,oi1_0.total_price,oi1_0.unit_price from order_items oi1_0 where oi1_0.order_id=?
2026-09-26T14:50:11.752+05:30 DEBUG 63072 --- [1-auto-1-exec-2] org.hibernate.SQL                        : select oi1_0.order_id,oi1_0.id,oi1_0.item_name,oi1_0.menu_item_id,oi1_0.quantity,oi1_0.total_price,oi1_0.unit_price from order_items oi1_0 where oi1_0.order_id=?
2026-09-26T14:50:11.752+05:30 DEBUG 63072 --- [1-auto-1-exec-2] org.hibernate.SQL                        : select oi1_0.order_id,oi1_0.id,oi1_0.item_name,oi1_0.menu_item_id,oi1_0.quantity,oi1_0.total_price,oi1_0.unit_price from order_items oi1_0 where oi1_0.order_id=?
2026-09-26T14:50:11.752+05:30 DEBUG 63072 --- [1-auto-1-exec-2] org.hibernate.SQL                        : select oi1_0.order_id,oi1_0.id,oi1_0.item_name,oi1_0.menu_item_id,oi1_0.quantity,oi1_0.total_price,oi1_0.unit_price from order_items oi1_0 where oi1_0.order_id=?
2026-09-26T14:50:11.752+05:30 DEBUG 63072 --- [1-auto-1-exec-2] org.hibernate.SQL                        : select oi1_0.order_id,oi1_0.id,oi1_0.item_name,oi1_0.menu_item_id,oi1_0.quantity,oi1_0.total_price,oi1_0.unit_price from order_items oi1_0 where oi1_0.order_id=?
2026-09-26T14:50:11.753+05:30 DEBUG 63072 --- [1-auto-1-exec-2] org.hibernate.SQL                        : select oi1_0.order_id,oi1_0.id,oi1_0.item_name,oi1_0.menu_item_id,oi1_0.quantity,oi1_0.total_price,oi1_0.unit_price from order_items oi1_0 where oi1_0.order_id=?
2026-09-26T14:50:11.753+05:30 DEBUG 63072 --- [1-auto-1-exec-2] org.hibernate.SQL                        : select oi1_0.order_id,oi1_0.id,oi1_0.item_name,oi1_0.menu_item_id,oi1_0.quantity,oi1_0.total_price,oi1_0.unit_price from order_items oi1_0 where oi1_0.order_id=?
2026-09-26T14:50:11.753+05:30 DEBUG 63072 --- [1-auto-1-exec-2] org.hibernate.SQL                        : select oi1_0.order_id,oi1_0.id,oi1_0.item_name,oi1_0.menu_item_id,oi1_0.quantity,oi1_0.total_price,oi1_0.unit_price from order_items oi1_0 where oi1_0.order_id=?
2026-09-26T14:50:11.753+05:30 DEBUG 63072 --- [1-auto-1-exec-2] org.hibernate.SQL                        : select oi1_0.order_id,oi1_0.id,oi1_0.item_name,oi1_0.menu_item_id,oi1_0.quantity,oi1_0.total_price,oi1_0.unit_price from order_items oi1_0 where oi1_0.order_id=?
2026-09-26T14:50:11.753+05:30 DEBUG 63072 --- [1-auto-1-exec-2] org.hibernate.SQL                        : select oi1_0.order_id,oi1_0.id,oi1_0.item_name,oi1_0.menu_item_id,oi1_0.quantity,oi1_0.total_price,oi1_0.unit_price from order_items oi1_0 where oi1_0.order_id=?
2026-09-26T14:50:11.753+05:30 DEBUG 63072 --- [1-auto-1-exec-2] org.hibernate.SQL                        : select oi1_0.order_id,oi1_0.id,oi1_0.item_name,oi1_0.menu_item_id,oi1_0.quantity,oi1_0.total_price,oi1_0.unit_price from order_items oi1_0 where oi1_0.order_id=?
2026-09-26T14:50:11.753+05:30 DEBUG 63072 --- [1-auto-1-exec-2] org.hibernate.SQL                        : select oi1_0.order_id,oi1_0.id,oi1_0.item_name,oi1_0.menu_item_id,oi1_0.quantity,oi1_0.total_price,oi1_0.unit_price from order_items oi1_0 where oi1_0.order_id=?
2026-09-26T14:50:11.753+05:30 DEBUG 63072 --- [1-auto-1-exec-2] org.hibernate.SQL                        : select oi1_0.order_id,oi1_0.id,oi1_0.item_name,oi1_0.menu_item_id,oi1_0.quantity,oi1_0.total_price,oi1_0.unit_price from order_items oi1_0 where oi1_0.order_id=?
2026-09-26T14:50:11.754+05:30 DEBUG 63072 --- [1-auto-1-exec-2] org.hibernate.SQL                        : select oi1_0.order_id,oi1_0.id,oi1_0.item_name,oi1_0.menu_item_id,oi1_0.quantity,oi1_0.total_price,oi1_0.unit_price from order_items oi1_0 where oi1_0.order_id=?
2026-09-26T14:50:11.754+05:30 DEBUG 63072 --- [1-auto-1-exec-2] org.hibernate.SQL                        : select oi1_0.order_id,oi1_0.id,oi1_0.item_name,oi1_0.menu_item_id,oi1_0.quantity,oi1_0.total_price,oi1_0.unit_price from order_items oi1_0 where oi1_0.order_id=?
2026-09-26T14:50:11.754+05:30 DEBUG 63072 --- [1-auto-1-exec-2] org.hibernate.SQL                        : select oi1_0.order_id,oi1_0.id,oi1_0.item_name,oi1_0.menu_item_id,oi1_0.quantity,oi1_0.total_price,oi1_0.unit_price from order_items oi1_0 where oi1_0.order_id=?
2026-09-26T14:50:11.754+05:30 DEBUG 63072 --- [1-auto-1-exec-2] org.hibernate.SQL                        : select oi1_0.order_id,oi1_0.id,oi1_0.item_name,oi1_0.menu_item_id,oi1_0.quantity,oi1_0.total_price,oi1_0.unit_price from order_items oi1_0 where oi1_0.order_id=?
2026-09-26T14:50:11.754+05:30 DEBUG 63072 --- [1-auto-1-exec-2] org.hibernate.SQL                        : select oi1_0.order_id,oi1_0.id,oi1_0.item_name,oi1_0.menu_item_id,oi1_0.quantity,oi1_0.total_price,oi1_0.unit_price from order_items oi1_0 where oi1_0.order_id=?
2026-09-26T14:50:11.754+05:30 DEBUG 63072 --- [1-auto-1-exec-2] org.hibernate.SQL                        : select oi1_0.order_id,oi1_0.id,oi1_0.item_name,oi1_0.menu_item_id,oi1_0.quantity,oi1_0.total_price,oi1_0.unit_price from order_items oi1_0 where oi1_0.order_id=?
2026-09-26T14:50:11.754+05:30 DEBUG 63072 --- [1-auto-1-exec-2] org.hibernate.SQL                        : select oi1_0.order_id,oi1_0.id,oi1_0.item_name,oi1_0.menu_item_id,oi1_0.quantity,oi1_0.total_price,oi1_0.unit_price from order_items oi1_0 where oi1_0.order_id=?
2026-09-26T14:50:11.754+05:30 DEBUG 63072 --- [1-auto-1-exec-2] org.hibernate.SQL                        : select oi1_0.order_id,oi1_0.id,oi1_0.item_name,oi1_0.menu_item_id,oi1_0.quantity,oi1_0.total_price,oi1_0.unit_price from order_items oi1_0 where oi1_0.order_id=?
2026-09-26T14:50:11.755+05:30 DEBUG 63072 --- [1-auto-1-exec-2] org.hibernate.SQL                        : select oi1_0.order_id,oi1_0.id,oi1_0.item_name,oi1_0.menu_item_id,oi1_0.quantity,oi1_0.total_price,oi1_0.unit_price from order_items oi1_0 where oi1_0.order_id=?
2026-09-26T14:50:11.755+05:30 DEBUG 63072 --- [1-auto-1-exec-2] org.hibernate.SQL                        : select oi1_0.order_id,oi1_0.id,oi1_0.item_name,oi1_0.menu_item_id,oi1_0.quantity,oi1_0.total_price,oi1_0.unit_price from order_items oi1_0 where oi1_0.order_id=?
2026-09-26T14:50:11.755+05:30 DEBUG 63072 --- [1-auto-1-exec-2] org.hibernate.SQL                        : select oi1_0.order_id,oi1_0.id,oi1_0.item_name,oi1_0.menu_item_id,oi1_0.quantity,oi1_0.total_price,oi1_0.unit_price from order_items oi1_0 where oi1_0.order_id=?
2026-09-26T14:50:11.755+05:30 DEBUG 63072 --- [1-auto-1-exec-2] org.hibernate.SQL                        : select oi1_0.order_id,oi1_0.id,oi1_0.item_name,oi1_0.menu_item_id,oi1_0.quantity,oi1_0.total_price,oi1_0.unit_price from order_items oi1_0 where oi1_0.order_id=?
2026-09-26T14:50:11.755+05:30 DEBUG 63072 --- [1-auto-1-exec-2] org.hibernate.SQL                        : select oi1_0.order_id,oi1_0.id,oi1_0.item_name,oi1_0.menu_item_id,oi1_0.quantity,oi1_0.total_price,oi1_0.unit_price from order_items oi1_0 where oi1_0.order_id=?
2026-09-26T14:50:11.755+05:30 DEBUG 63072 --- [1-auto-1-exec-2] org.hibernate.SQL                        : select oi1_0.order_id,oi1_0.id,oi1_0.item_name,oi1_0.menu_item_id,oi1_0.quantity,oi1_0.total_price,oi1_0.unit_price from order_items oi1_0 where oi1_0.order_id=?
2026-09-26T14:50:11.755+05:30 DEBUG 63072 --- [1-auto-1-exec-2] org.hibernate.SQL                        : select oi1_0.order_id,oi1_0.id,oi1_0.item_name,oi1_0.menu_item_id,oi1_0.quantity,oi1_0.total_price,oi1_0.unit_price from order_items oi1_0 where oi1_0.order_id=?
2026-09-26T14:50:11.756+05:30 DEBUG 63072 --- [1-auto-1-exec-2] org.hibernate.SQL                        : select oi1_0.order_id,oi1_0.id,oi1_0.item_name,oi1_0.menu_item_id,oi1_0.quantity,oi1_0.total_price,oi1_0.unit_price from order_items oi1_0 where oi1_0.order_id=?
2026-09-26T14:50:11.756+05:30 DEBUG 63072 --- [1-auto-1-exec-2] org.hibernate.SQL                        : select oi1_0.order_id,oi1_0.id,oi1_0.item_name,oi1_0.menu_item_id,oi1_0.quantity,oi1_0.total_price,oi1_0.unit_price from order_items oi1_0 where oi1_0.order_id=?
2026-09-26T14:50:11.756+05:30 DEBUG 63072 --- [1-auto-1-exec-2] org.hibernate.SQL                        : select oi1_0.order_id,oi1_0.id,oi1_0.item_name,oi1_0.menu_item_id,oi1_0.quantity,oi1_0.total_price,oi1_0.unit_price from order_items oi1_0 where oi1_0.order_id=?
2026-09-26T14:50:11.756+05:30 DEBUG 63072 --- [1-auto-1-exec-2] org.hibernate.SQL                        : select oi1_0.order_id,oi1_0.id,oi1_0.item_name,oi1_0.menu_item_id,oi1_0.quantity,oi1_0.total_price,oi1_0.unit_price from order_items oi1_0 where oi1_0.order_id=?
2026-09-26T14:50:11.756+05:30 DEBUG 63072 --- [1-auto-1-exec-2] org.hibernate.SQL                        : select oi1_0.order_id,oi1_0.id,oi1_0.item_name,oi1_0.menu_item_id,oi1_0.quantity,oi1_0.total_price,oi1_0.unit_price from order_items oi1_0 where oi1_0.order_id=?
2026-09-26T14:50:11.756+05:30 DEBUG 63072 --- [1-auto-1-exec-2] org.hibernate.SQL                        : select oi1_0.order_id,oi1_0.id,oi1_0.item_name,oi1_0.menu_item_id,oi1_0.quantity,oi1_0.total_price,oi1_0.unit_price from order_items oi1_0 where oi1_0.order_id=?
2026-09-26T14:50:11.756+05:30 DEBUG 63072 --- [1-auto-1-exec-2] org.hibernate.SQL                        : select oi1_0.order_id,oi1_0.id,oi1_0.item_name,oi1_0.menu_item_id,oi1_0.quantity,oi1_0.total_price,oi1_0.unit_price from order_items oi1_0 where oi1_0.order_id=?
2026-09-26T14:50:11.756+05:30 DEBUG 63072 --- [1-auto-1-exec-2] org.hibernate.SQL                        : select oi1_0.order_id,oi1_0.id,oi1_0.item_name,oi1_0.menu_item_id,oi1_0.quantity,oi1_0.total_price,oi1_0.unit_price from order_items oi1_0 where oi1_0.order_id=?
2026-09-26T14:50:11.756+05:30 DEBUG 63072 --- [1-auto-1-exec-2] org.hibernate.SQL                        : select oi1_0.order_id,oi1_0.id,oi1_0.item_name,oi1_0.menu_item_id,oi1_0.quantity,oi1_0.total_price,oi1_0.unit_price from order_items oi1_0 where oi1_0.order_id=?
2026-09-26T14:50:11.757+05:30 DEBUG 63072 --- [1-auto-1-exec-2] org.hibernate.SQL                        : select oi1_0.order_id,oi1_0.id,oi1_0.item_name,oi1_0.menu_item_id,oi1_0.quantity,oi1_0.total_price,oi1_0.unit_price from order_items oi1_0 where oi1_0.order_id=?
2026-09-26T14:50:11.757+05:30 DEBUG 63072 --- [1-auto-1-exec-2] org.hibernate.SQL                        : select oi1_0.order_id,oi1_0.id,oi1_0.item_name,oi1_0.menu_item_id,oi1_0.quantity,oi1_0.total_price,oi1_0.unit_price from order_items oi1_0 where oi1_0.order_id=?
2026-09-26T14:50:11.757+05:30 DEBUG 63072 --- [1-auto-1-exec-2] org.hibernate.SQL                        : select oi1_0.order_id,oi1_0.id,oi1_0.item_name,oi1_0.menu_item_id,oi1_0.quantity,oi1_0.total_price,oi1_0.unit_price from order_items oi1_0 where oi1_0.order_id=?
2026-09-26T14:50:11.757+05:30 DEBUG 63072 --- [1-auto-1-exec-2] org.hibernate.SQL                        : select oi1_0.order_id,oi1_0.id,oi1_0.item_name,oi1_0.menu_item_id,oi1_0.quantity,oi1_0.total_price,oi1_0.unit_price from order_items oi1_0 where oi1_0.order_id=?
2026-09-26T14:50:11.757+05:30 DEBUG 63072 --- [1-auto-1-exec-2] org.hibernate.SQL                        : select oi1_0.order_id,oi1_0.id,oi1_0.item_name,oi1_0.menu_item_id,oi1_0.quantity,oi1_0.total_price,oi1_0.unit_price from order_items oi1_0 where oi1_0.order_id=?
2026-09-26T14:50:11.757+05:30 DEBUG 63072 --- [1-auto-1-exec-2] org.hibernate.SQL                        : select oi1_0.order_id,oi1_0.id,oi1_0.item_name,oi1_0.menu_item_id,oi1_0.quantity,oi1_0.total_price,oi1_0.unit_price from order_items oi1_0 where oi1_0.order_id=?
2026-09-26T14:50:11.757+05:30 DEBUG 63072 --- [1-auto-1-exec-2] org.hibernate.SQL                        : select oi1_0.order_id,oi1_0.id,oi1_0.item_name,oi1_0.menu_item_id,oi1_0.quantity,oi1_0.total_price,oi1_0.unit_price from order_items oi1_0 where oi1_0.order_id=?
2026-09-26T14:50:11.757+05:30 DEBUG 63072 --- [1-auto-1-exec-2] org.hibernate.SQL                        : select oi1_0.order_id,oi1_0.id,oi1_0.item_name,oi1_0.menu_item_id,oi1_0.quantity,oi1_0.total_price,oi1_0.unit_price from order_items oi1_0 where oi1_0.order_id=?
2026-09-26T14:50:11.758+05:30 DEBUG 63072 --- [1-auto-1-exec-2] org.hibernate.SQL                        : select oi1_0.order_id,oi1_0.id,oi1_0.item_name,oi1_0.menu_item_id,oi1_0.quantity,oi1_0.total_price,oi1_0.unit_price from order_items oi1_0 where oi1_0.order_id=?
2026-09-26T14:50:11.758+05:30 DEBUG 63072 --- [1-auto-1-exec-2] org.hibernate.SQL                        : select oi1_0.order_id,oi1_0.id,oi1_0.item_name,oi1_0.menu_item_id,oi1_0.quantity,oi1_0.total_price,oi1_0.unit_price from order_items oi1_0 where oi1_0.order_id=?
2026-09-26T14:50:11.759+05:30 DEBUG 63072 --- [1-auto-1-exec-2] org.hibernate.SQL                        : select oi1_0.order_id,oi1_0.id,oi1_0.item_name,oi1_0.menu_item_id,oi1_0.quantity,oi1_0.total_price,oi1_0.unit_price from order_items oi1_0 where oi1_0.order_id=?
2026-09-26T14:50:11.759+05:30 DEBUG 63072 --- [1-auto-1-exec-2] org.hibernate.SQL                        : select oi1_0.order_id,oi1_0.id,oi1_0.item_name,oi1_0.menu_item_id,oi1_0.quantity,oi1_0.total_price,oi1_0.unit_price from order_items oi1_0 where oi1_0.order_id=?
2026-09-26T14:50:11.759+05:30 DEBUG 63072 --- [1-auto-1-exec-2] org.hibernate.SQL                        : select oi1_0.order_id,oi1_0.id,oi1_0.item_name,oi1_0.menu_item_id,oi1_0.quantity,oi1_0.total_price,oi1_0.unit_price from order_items oi1_0 where oi1_0.order_id=?
2026-09-26T14:50:11.759+05:30 DEBUG 63072 --- [1-auto-1-exec-2] org.hibernate.SQL                        : select oi1_0.order_id,oi1_0.id,oi1_0.item_name,oi1_0.menu_item_id,oi1_0.quantity,oi1_0.total_price,oi1_0.unit_price from order_items oi1_0 where oi1_0.order_id=?
2026-09-26T14:50:11.760+05:30 DEBUG 63072 --- [1-auto-1-exec-2] org.hibernate.SQL                        : select oi1_0.order_id,oi1_0.id,oi1_0.item_name,oi1_0.menu_item_id,oi1_0.quantity,oi1_0.total_price,oi1_0.unit_price from order_items oi1_0 where oi1_0.order_id=?
2026-09-26T14:50:11.760+05:30 DEBUG 63072 --- [1-auto-1-exec-2] org.hibernate.SQL                        : select oi1_0.order_id,oi1_0.id,oi1_0.item_name,oi1_0.menu_item_id,oi1_0.quantity,oi1_0.total_price,oi1_0.unit_price from order_items oi1_0 where oi1_0.order_id=?
2026-09-26T14:50:11.760+05:30 DEBUG 63072 --- [1-auto-1-exec-2] org.hibernate.SQL                        : select oi1_0.order_id,oi1_0.id,oi1_0.item_name,oi1_0.menu_item_id,oi1_0.quantity,oi1_0.total_price,oi1_0.unit_price from order_items oi1_0 where oi1_0.order_id=?
2026-09-26T14:50:11.760+05:30 DEBUG 63072 --- [1-auto-1-exec-2] org.hibernate.SQL                        : select oi1_0.order_id,oi1_0.id,oi1_0.item_name,oi1_0.menu_item_id,oi1_0.quantity,oi1_0.total_price,oi1_0.unit_price from order_items oi1_0 where oi1_0.order_id=?
2026-09-26T14:50:11.760+05:30 DEBUG 63072 --- [1-auto-1-exec-2] org.hibernate.SQL                        : select oi1_0.order_id,oi1_0.id,oi1_0.item_name,oi1_0.menu_item_id,oi1_0.quantity,oi1_0.total_price,oi1_0.unit_price from order_items oi1_0 where oi1_0.order_id=?
2026-09-26T14:50:11.760+05:30 DEBUG 63072 --- [1-auto-1-exec-2] org.hibernate.SQL                        : select oi1_0.order_id,oi1_0.id,oi1_0.item_name,oi1_0.menu_item_id,oi1_0.quantity,oi1_0.total_price,oi1_0.unit_price from order_items oi1_0 where oi1_0.order_id=?
2026-09-26T14:50:11.761+05:30 DEBUG 63072 --- [1-auto-1-exec-2] org.hibernate.SQL                        : select oi1_0.order_id,oi1_0.id,oi1_0.item_name,oi1_0.menu_item_id,oi1_0.quantity,oi1_0.total_price,oi1_0.unit_price from order_items oi1_0 where oi1_0.order_id=?
2026-09-26T14:50:11.761+05:30 DEBUG 63072 --- [1-auto-1-exec-2] org.hibernate.SQL                        : select oi1_0.order_id,oi1_0.id,oi1_0.item_name,oi1_0.menu_item_id,oi1_0.quantity,oi1_0.total_price,oi1_0.unit_price from order_items oi1_0 where oi1_0.order_id=?
2026-09-26T14:50:11.761+05:30 DEBUG 63072 --- [1-auto-1-exec-2] org.hibernate.SQL                        : select oi1_0.order_id,oi1_0.id,oi1_0.item_name,oi1_0.menu_item_id,oi1_0.quantity,oi1_0.total_price,oi1_0.unit_price from order_items oi1_0 where oi1_0.order_id=?
2026-09-26T14:50:11.761+05:30 DEBUG 63072 --- [1-auto-1-exec-2] org.hibernate.SQL                        : select oi1_0.order_id,oi1_0.id,oi1_0.item_name,oi1_0.menu_item_id,oi1_0.quantity,oi1_0.total_price,oi1_0.unit_price from order_items oi1_0 where oi1_0.order_id=?
2026-09-26T14:50:11.761+05:30 DEBUG 63072 --- [1-auto-1-exec-2] org.hibernate.SQL                        : select oi1_0.order_id,oi1_0.id,oi1_0.item_name,oi1_0.menu_item_id,oi1_0.quantity,oi1_0.total_price,oi1_0.unit_price from order_items oi1_0 where oi1_0.order_id=?
2026-09-26T14:50:11.761+05:30 DEBUG 63072 --- [1-auto-1-exec-2] org.hibernate.SQL                        : select oi1_0.order_id,oi1_0.id,oi1_0.item_name,oi1_0.menu_item_id,oi1_0.quantity,oi1_0.total_price,oi1_0.unit_price from order_items oi1_0 where oi1_0.order_id=?
2026-09-26T14:50:11.761+05:30 DEBUG 63072 --- [1-auto-1-exec-2] org.hibernate.SQL                        : select oi1_0.order_id,oi1_0.id,oi1_0.item_name,oi1_0.menu_item_id,oi1_0.quantity,oi1_0.total_price,oi1_0.unit_price from order_items oi1_0 where oi1_0.order_id=?
2026-09-26T14:50:11.761+05:30 DEBUG 63072 --- [1-auto-1-exec-2] org.hibernate.SQL                        : select oi1_0.order_id,oi1_0.id,oi1_0.item_name,oi1_0.menu_item_id,oi1_0.quantity,oi1_0.total_price,oi1_0.unit_price from order_items oi1_0 where oi1_0.order_id=?
2026-09-26T14:50:11.762+05:30 DEBUG 63072 --- [1-auto-1-exec-2] org.hibernate.SQL                        : select oi1_0.order_id,oi1_0.id,oi1_0.item_name,oi1_0.menu_item_id,oi1_0.quantity,oi1_0.total_price,oi1_0.unit_price from order_items oi1_0 where oi1_0.order_id=?
2026-09-26T14:50:11.762+05:30 DEBUG 63072 --- [1-auto-1-exec-2] org.hibernate.SQL                        : select oi1_0.order_id,oi1_0.id,oi1_0.item_name,oi1_0.menu_item_id,oi1_0.quantity,oi1_0.total_price,oi1_0.unit_price from order_items oi1_0 where oi1_0.order_id=?
2026-09-26T14:50:11.762+05:30 DEBUG 63072 --- [1-auto-1-exec-2] org.hibernate.SQL                        : select oi1_0.order_id,oi1_0.id,oi1_0.item_name,oi1_0.menu_item_id,oi1_0.quantity,oi1_0.total_price,oi1_0.unit_price from order_items oi1_0 where oi1_0.order_id=?
2026-09-26T14:50:11.762+05:30 DEBUG 63072 --- [1-auto-1-exec-2] org.hibernate.SQL                        : select oi1_0.order_id,oi1_0.id,oi1_0.item_name,oi1_0.menu_item_id,oi1_0.quantity,oi1_0.total_price,oi1_0.unit_price from order_items oi1_0 where oi1_0.order_id=?
2026-09-26T14:50:11.762+05:30 DEBUG 63072 --- [1-auto-1-exec-2] org.hibernate.SQL                        : select oi1_0.order_id,oi1_0.id,oi1_0.item_name,oi1_0.menu_item_id,oi1_0.quantity,oi1_0.total_price,oi1_0.unit_price from order_items oi1_0 where oi1_0.order_id=?
2026-09-26T14:50:11.762+05:30 DEBUG 63072 --- [1-auto-1-exec-2] org.hibernate.SQL                        : select oi1_0.order_id,oi1_0.id,oi1_0.item_name,oi1_0.menu_item_id,oi1_0.quantity,oi1_0.total_price,oi1_0.unit_price from order_items oi1_0 where oi1_0.order_id=?
2026-09-26T14:50:11.762+05:30 DEBUG 63072 --- [1-auto-1-exec-2] org.hibernate.SQL                        : select oi1_0.order_id,oi1_0.id,oi1_0.item_name,oi1_0.menu_item_id,oi1_0.quantity,oi1_0.total_price,oi1_0.unit_price from order_items oi1_0 where oi1_0.order_id=?
2026-09-26T14:50:11.763+05:30 DEBUG 63072 --- [1-auto-1-exec-2] org.hibernate.SQL                        : select oi1_0.order_id,oi1_0.id,oi1_0.item_name,oi1_0.menu_item_id,oi1_0.quantity,oi1_0.total_price,oi1_0.unit_price from order_items oi1_0 where oi1_0.order_id=?
2026-09-26T14:50:11.763+05:30 DEBUG 63072 --- [1-auto-1-exec-2] org.hibernate.SQL                        : select oi1_0.order_id,oi1_0.id,oi1_0.item_name,oi1_0.menu_item_id,oi1_0.quantity,oi1_0.total_price,oi1_0.unit_price from order_items oi1_0 where oi1_0.order_id=?
2026-09-26T14:50:11.763+05:30 DEBUG 63072 --- [1-auto-1-exec-2] org.hibernate.SQL                        : select oi1_0.order_id,oi1_0.id,oi1_0.item_name,oi1_0.menu_item_id,oi1_0.quantity,oi1_0.total_price,oi1_0.unit_price from order_items oi1_0 where oi1_0.order_id=?
2026-09-26T14:50:11.763+05:30 DEBUG 63072 --- [1-auto-1-exec-2] org.hibernate.SQL                        : select oi1_0.order_id,oi1_0.id,oi1_0.item_name,oi1_0.menu_item_id,oi1_0.quantity,oi1_0.total_price,oi1_0.unit_price from order_items oi1_0 where oi1_0.order_id=?
2026-09-26T14:50:11.763+05:30 DEBUG 63072 --- [1-auto-1-exec-2] org.hibernate.SQL                        : select oi1_0.order_id,oi1_0.id,oi1_0.item_name,oi1_0.menu_item_id,oi1_0.quantity,oi1_0.total_price,oi1_0.unit_price from order_items oi1_0 where oi1_0.order_id=?
2026-09-26T14:50:11.763+05:30 DEBUG 63072 --- [1-auto-1-exec-2] org.hibernate.SQL                        : select oi1_0.order_id,oi1_0.id,oi1_0.item_name,oi1_0.menu_item_id,oi1_0.quantity,oi1_0.total_price,oi1_0.unit_price from order_items oi1_0 where oi1_0.order_id=?
2026-09-26T14:50:11.763+05:30 DEBUG 63072 --- [1-auto-1-exec-2] org.hibernate.SQL                        : select oi1_0.order_id,oi1_0.id,oi1_0.item_name,oi1_0.menu_item_id,oi1_0.quantity,oi1_0.total_price,oi1_0.unit_price from order_items oi1_0 where oi1_0.order_id=?
2026-09-26T14:50:11.763+05:30 DEBUG 63072 --- [1-auto-1-exec-2] org.hibernate.SQL                        : select oi1_0.order_id,oi1_0.id,oi1_0.item_name,oi1_0.menu_item_id,oi1_0.quantity,oi1_0.total_price,oi1_0.unit_price from order_items oi1_0 where oi1_0.order_id=?
2026-09-26T14:50:11.763+05:30 DEBUG 63072 --- [1-auto-1-exec-2] org.hibernate.SQL                        : select oi1_0.order_id,oi1_0.id,oi1_0.item_name,oi1_0.menu_item_id,oi1_0.quantity,oi1_0.total_price,oi1_0.unit_price from order_items oi1_0 where oi1_0.order_id=?
2026-09-26T14:50:11.764+05:30 DEBUG 63072 --- [1-auto-1-exec-2] org.hibernate.SQL                        : select oi1_0.order_id,oi1_0.id,oi1_0.item_name,oi1_0.menu_item_id,oi1_0.quantity,oi1_0.total_price,oi1_0.unit_price from order_items oi1_0 where oi1_0.order_id=?
2026-09-26T14:50:11.764+05:30 DEBUG 63072 --- [1-auto-1-exec-2] org.hibernate.SQL                        : select oi1_0.order_id,oi1_0.id,oi1_0.item_name,oi1_0.menu_item_id,oi1_0.quantity,oi1_0.total_price,oi1_0.unit_price from order_items oi1_0 where oi1_0.order_id=?
2026-09-26T14:50:11.764+05:30 DEBUG 63072 --- [1-auto-1-exec-2] org.hibernate.SQL                        : select oi1_0.order_id,oi1_0.id,oi1_0.item_name,oi1_0.menu_item_id,oi1_0.quantity,oi1_0.total_price,oi1_0.unit_price from order_items oi1_0 where oi1_0.order_id=?
2026-09-26T14:50:11.764+05:30 DEBUG 63072 --- [1-auto-1-exec-2] org.hibernate.SQL                        : select oi1_0.order_id,oi1_0.id,oi1_0.item_name,oi1_0.menu_item_id,oi1_0.quantity,oi1_0.total_price,oi1_0.unit_price from order_items oi1_0 where oi1_0.order_id=?
2026-09-26T14:50:11.764+05:30 DEBUG 63072 --- [1-auto-1-exec-2] org.hibernate.SQL                        : select oi1_0.order_id,oi1_0.id,oi1_0.item_name,oi1_0.menu_item_id,oi1_0.quantity,oi1_0.total_price,oi1_0.unit_price from order_items oi1_0 where oi1_0.order_id=?
2026-09-26T14:50:11.764+05:30 DEBUG 63072 --- [1-auto-1-exec-2] org.hibernate.SQL                        : select oi1_0.order_id,oi1_0.id,oi1_0.item_name,oi1_0.menu_item_id,oi1_0.quantity,oi1_0.total_price,oi1_0.unit_price from order_items oi1_0 where oi1_0.order_id=?
2026-09-26T14:50:11.764+05:30 DEBUG 63072 --- [1-auto-1-exec-2] org.hibernate.SQL                        : select oi1_0.order_id,oi1_0.id,oi1_0.item_name,oi1_0.menu_item_id,oi1_0.quantity,oi1_0.total_price,oi1_0.unit_price from order_items oi1_0 where oi1_0.order_id=?
2026-09-26T14:50:11.764+05:30 DEBUG 63072 --- [1-auto-1-exec-2] org.hibernate.SQL                        : select oi1_0.order_id,oi1_0.id,oi1_0.item_name,oi1_0.menu_item_id,oi1_0.quantity,oi1_0.total_price,oi1_0.unit_price from order_items oi1_0 where oi1_0.order_id=?
2026-09-26T14:50:11.765+05:30 DEBUG 63072 --- [1-auto-1-exec-2] org.hibernate.SQL                        : select oi1_0.order_id,oi1_0.id,oi1_0.item_name,oi1_0.menu_item_id,oi1_0.quantity,oi1_0.total_price,oi1_0.unit_price from order_items oi1_0 where oi1_0.order_id=?
2026-09-26T14:50:11.765+05:30 DEBUG 63072 --- [1-auto-1-exec-2] org.hibernate.SQL                        : select oi1_0.order_id,oi1_0.id,oi1_0.item_name,oi1_0.menu_item_id,oi1_0.quantity,oi1_0.total_price,oi1_0.unit_price from order_items oi1_0 where oi1_0.order_id=?
2026-09-26T14:50:11.765+05:30 DEBUG 63072 --- [1-auto-1-exec-2] org.hibernate.SQL                        : select oi1_0.order_id,oi1_0.id,oi1_0.item_name,oi1_0.menu_item_id,oi1_0.quantity,oi1_0.total_price,oi1_0.unit_price from order_items oi1_0 where oi1_0.order_id=?
2026-09-26T14:50:11.765+05:30 DEBUG 63072 --- [1-auto-1-exec-2] org.hibernate.SQL                        : select oi1_0.order_id,oi1_0.id,oi1_0.item_name,oi1_0.menu_item_id,oi1_0.quantity,oi1_0.total_price,oi1_0.unit_price from order_items oi1_0 where oi1_0.order_id=?
2026-09-26T14:50:11.765+05:30 DEBUG 63072 --- [1-auto-1-exec-2] org.hibernate.SQL                        : select oi1_0.order_id,oi1_0.id,oi1_0.item_name,oi1_0.menu_item_id,oi1_0.quantity,oi1_0.total_price,oi1_0.unit_price from order_items oi1_0 where oi1_0.order_id=?
2026-09-26T14:50:11.765+05:30 DEBUG 63072 --- [1-auto-1-exec-2] org.hibernate.SQL                        : select oi1_0.order_id,oi1_0.id,oi1_0.item_name,oi1_0.menu_item_id,oi1_0.quantity,oi1_0.total_price,oi1_0.unit_price from order_items oi1_0 where oi1_0.order_id=?
2026-09-26T14:50:11.765+05:30 DEBUG 63072 --- [1-auto-1-exec-2] org.hibernate.SQL                        : select oi1_0.order_id,oi1_0.id,oi1_0.item_name,oi1_0.menu_item_id,oi1_0.quantity,oi1_0.total_price,oi1_0.unit_price from order_items oi1_0 where oi1_0.order_id=?
2026-09-26T14:50:11.765+05:30 DEBUG 63072 --- [1-auto-1-exec-2] org.hibernate.SQL                        : select oi1_0.order_id,oi1_0.id,oi1_0.item_name,oi1_0.menu_item_id,oi1_0.quantity,oi1_0.total_price,oi1_0.unit_price from order_items oi1_0 where oi1_0.order_id=?
2026-09-26T14:50:11.766+05:30 DEBUG 63072 --- [1-auto-1-exec-2] org.hibernate.SQL                        : select oi1_0.order_id,oi1_0.id,oi1_0.item_name,oi1_0.menu_item_id,oi1_0.quantity,oi1_0.total_price,oi1_0.unit_price from order_items oi1_0 where oi1_0.order_id=?
2026-09-26T14:50:11.766+05:30 DEBUG 63072 --- [1-auto-1-exec-2] org.hibernate.SQL                        : select oi1_0.order_id,oi1_0.id,oi1_0.item_name,oi1_0.menu_item_id,oi1_0.quantity,oi1_0.total_price,oi1_0.unit_price from order_items oi1_0 where oi1_0.order_id=?
2026-09-26T14:50:11.766+05:30 DEBUG 63072 --- [1-auto-1-exec-2] org.hibernate.SQL                        : select oi1_0.order_id,oi1_0.id,oi1_0.item_name,oi1_0.menu_item_id,oi1_0.quantity,oi1_0.total_price,oi1_0.unit_price from order_items oi1_0 where oi1_0.order_id=?
2026-09-26T14:50:11.766+05:30 DEBUG 63072 --- [1-auto-1-exec-2] org.hibernate.SQL                        : select oi1_0.order_id,oi1_0.id,oi1_0.item_name,oi1_0.menu_item_id,oi1_0.quantity,oi1_0.total_price,oi1_0.unit_price from order_items oi1_0 where oi1_0.order_id=?
2026-09-26T14:50:11.766+05:30 DEBUG 63072 --- [1-auto-1-exec-2] org.hibernate.SQL                        : select oi1_0.order_id,oi1_0.id,oi1_0.item_name,oi1_0.menu_item_id,oi1_0.quantity,oi1_0.total_price,oi1_0.unit_price from order_items oi1_0 where oi1_0.order_id=?
2026-09-26T14:50:11.766+05:30 DEBUG 63072 --- [1-auto-1-exec-2] org.hibernate.SQL                        : select oi1_0.order_id,oi1_0.id,oi1_0.item_name,oi1_0.menu_item_id,oi1_0.quantity,oi1_0.total_price,oi1_0.unit_price from order_items oi1_0 where oi1_0.order_id=?
2026-09-26T14:50:11.766+05:30 DEBUG 63072 --- [1-auto-1-exec-2] org.hibernate.SQL                        : select oi1_0.order_id,oi1_0.id,oi1_0.item_name,oi1_0.menu_item_id,oi1_0.quantity,oi1_0.total_price,oi1_0.unit_price from order_items oi1_0 where oi1_0.order_id=?
2026-09-26T14:50:11.766+05:30 DEBUG 63072 --- [1-auto-1-exec-2] org.hibernate.SQL                        : select oi1_0.order_id,oi1_0.id,oi1_0.item_name,oi1_0.menu_item_id,oi1_0.quantity,oi1_0.total_price,oi1_0.unit_price from order_items oi1_0 where oi1_0.order_id=?
2026-09-26T14:50:11.766+05:30 DEBUG 63072 --- [1-auto-1-exec-2] org.hibernate.SQL                        : select oi1_0.order_id,oi1_0.id,oi1_0.item_name,oi1_0.menu_item_id,oi1_0.quantity,oi1_0.total_price,oi1_0.unit_price from order_items oi1_0 where oi1_0.order_id=?
2026-09-26T14:50:11.767+05:30 DEBUG 63072 --- [1-auto-1-exec-2] org.hibernate.SQL                        : select oi1_0.order_id,oi1_0.id,oi1_0.item_name,oi1_0.menu_item_id,oi1_0.quantity,oi1_0.total_price,oi1_0.unit_price from order_items oi1_0 where oi1_0.order_id=?
2026-09-26T14:50:11.767+05:30 DEBUG 63072 --- [1-auto-1-exec-2] org.hibernate.SQL                        : select oi1_0.order_id,oi1_0.id,oi1_0.item_name,oi1_0.menu_item_id,oi1_0.quantity,oi1_0.total_price,oi1_0.unit_price from order_items oi1_0 where oi1_0.order_id=?
2026-09-26T14:50:11.767+05:30 DEBUG 63072 --- [1-auto-1-exec-2] org.hibernate.SQL                        : select oi1_0.order_id,oi1_0.id,oi1_0.item_name,oi1_0.menu_item_id,oi1_0.quantity,oi1_0.total_price,oi1_0.unit_price from order_items oi1_0 where oi1_0.order_id=?
2026-09-26T14:50:11.767+05:30 DEBUG 63072 --- [1-auto-1-exec-2] org.hibernate.SQL                        : select oi1_0.order_id,oi1_0.id,oi1_0.item_name,oi1_0.menu_item_id,oi1_0.quantity,oi1_0.total_price,oi1_0.unit_price from order_items oi1_0 where oi1_0.order_id=?
2026-09-26T14:50:11.767+05:30 DEBUG 63072 --- [1-auto-1-exec-2] org.hibernate.SQL                        : select oi1_0.order_id,oi1_0.id,oi1_0.item_name,oi1_0.menu_item_id,oi1_0.quantity,oi1_0.total_price,oi1_0.unit_price from order_items oi1_0 where oi1_0.order_id=?
2026-09-26T14:50:11.767+05:30 DEBUG 63072 --- [1-auto-1-exec-2] org.hibernate.SQL                        : select oi1_0.order_id,oi1_0.id,oi1_0.item_name,oi1_0.menu_item_id,oi1_0.quantity,oi1_0.total_price,oi1_0.unit_price from order_items oi1_0 where oi1_0.order_id=?
2026-09-26T14:50:11.767+05:30 DEBUG 63072 --- [1-auto-1-exec-2] org.hibernate.SQL                        : select oi1_0.order_id,oi1_0.id,oi1_0.item_name,oi1_0.menu_item_id,oi1_0.quantity,oi1_0.total_price,oi1_0.unit_price from order_items oi1_0 where oi1_0.order_id=?
2026-09-26T14:50:11.767+05:30 DEBUG 63072 --- [1-auto-1-exec-2] org.hibernate.SQL                        : select oi1_0.order_id,oi1_0.id,oi1_0.item_name,oi1_0.menu_item_id,oi1_0.quantity,oi1_0.total_price,oi1_0.unit_price from order_items oi1_0 where oi1_0.order_id=?
2026-09-26T14:50:11.767+05:30 DEBUG 63072 --- [1-auto-1-exec-2] org.hibernate.SQL                        : select oi1_0.order_id,oi1_0.id,oi1_0.item_name,oi1_0.menu_item_id,oi1_0.quantity,oi1_0.total_price,oi1_0.unit_price from order_items oi1_0 where oi1_0.order_id=?
2026-09-26T14:50:11.768+05:30 DEBUG 63072 --- [1-auto-1-exec-2] org.hibernate.SQL                        : select oi1_0.order_id,oi1_0.id,oi1_0.item_name,oi1_0.menu_item_id,oi1_0.quantity,oi1_0.total_price,oi1_0.unit_price from order_items oi1_0 where oi1_0.order_id=?
2026-09-26T14:50:11.768+05:30 DEBUG 63072 --- [1-auto-1-exec-2] org.hibernate.SQL                        : select oi1_0.order_id,oi1_0.id,oi1_0.item_name,oi1_0.menu_item_id,oi1_0.quantity,oi1_0.total_price,oi1_0.unit_price from order_items oi1_0 where oi1_0.order_id=?
2026-09-26T14:50:11.768+05:30 DEBUG 63072 --- [1-auto-1-exec-2] org.hibernate.SQL                        : select oi1_0.order_id,oi1_0.id,oi1_0.item_name,oi1_0.menu_item_id,oi1_0.quantity,oi1_0.total_price,oi1_0.unit_price from order_items oi1_0 where oi1_0.order_id=?
2026-09-26T14:50:11.768+05:30 DEBUG 63072 --- [1-auto-1-exec-2] org.hibernate.SQL                        : select oi1_0.order_id,oi1_0.id,oi1_0.item_name,oi1_0.menu_item_id,oi1_0.quantity,oi1_0.total_price,oi1_0.unit_price from order_items oi1_0 where oi1_0.order_id=?
2026-09-26T14:50:11.768+05:30 DEBUG 63072 --- [1-auto-1-exec-2] org.hibernate.SQL                        : select oi1_0.order_id,oi1_0.id,oi1_0.item_name,oi1_0.menu_item_id,oi1_0.quantity,oi1_0.total_price,oi1_0.unit_price from order_items oi1_0 where oi1_0.order_id=?
2026-09-26T14:50:11.768+05:30 DEBUG 63072 --- [1-auto-1-exec-2] org.hibernate.SQL                        : select oi1_0.order_id,oi1_0.id,oi1_0.item_name,oi1_0.menu_item_id,oi1_0.quantity,oi1_0.total_price,oi1_0.unit_price from order_items oi1_0 where oi1_0.order_id=?
2026-09-26T14:50:11.768+05:30 DEBUG 63072 --- [1-auto-1-exec-2] org.hibernate.SQL                        : select oi1_0.order_id,oi1_0.id,oi1_0.item_name,oi1_0.menu_item_id,oi1_0.quantity,oi1_0.total_price,oi1_0.unit_price from order_items oi1_0 where oi1_0.order_id=?
2026-09-26T14:50:11.768+05:30 DEBUG 63072 --- [1-auto-1-exec-2] org.hibernate.SQL                        : select oi1_0.order_id,oi1_0.id,oi1_0.item_name,oi1_0.menu_item_id,oi1_0.quantity,oi1_0.total_price,oi1_0.unit_price from order_items oi1_0 where oi1_0.order_id=?
2026-09-26T14:50:11.769+05:30 DEBUG 63072 --- [1-auto-1-exec-2] org.hibernate.SQL                        : select oi1_0.order_id,oi1_0.id,oi1_0.item_name,oi1_0.menu_item_id,oi1_0.quantity,oi1_0.total_price,oi1_0.unit_price from order_items oi1_0 where oi1_0.order_id=?
2026-09-26T14:50:11.769+05:30 DEBUG 63072 --- [1-auto-1-exec-2] org.hibernate.SQL                        : select oi1_0.order_id,oi1_0.id,oi1_0.item_name,oi1_0.menu_item_id,oi1_0.quantity,oi1_0.total_price,oi1_0.unit_price from order_items oi1_0 where oi1_0.order_id=?
2026-09-26T14:50:11.769+05:30 DEBUG 63072 --- [1-auto-1-exec-2] org.hibernate.SQL                        : select oi1_0.order_id,oi1_0.id,oi1_0.item_name,oi1_0.menu_item_id,oi1_0.quantity,oi1_0.total_price,oi1_0.unit_price from order_items oi1_0 where oi1_0.order_id=?
2026-09-26T14:50:11.769+05:30 DEBUG 63072 --- [1-auto-1-exec-2] org.hibernate.SQL                        : select oi1_0.order_id,oi1_0.id,oi1_0.item_name,oi1_0.menu_item_id,oi1_0.quantity,oi1_0.total_price,oi1_0.unit_price from order_items oi1_0 where oi1_0.order_id=?
2026-09-26T14:50:11.769+05:30 DEBUG 63072 --- [1-auto-1-exec-2] org.hibernate.SQL                        : select oi1_0.order_id,oi1_0.id,oi1_0.item_name,oi1_0.menu_item_id,oi1_0.quantity,oi1_0.total_price,oi1_0.unit_price from order_items oi1_0 where oi1_0.order_id=?
2026-09-26T14:50:11.769+05:30 DEBUG 63072 --- [1-auto-1-exec-2] org.hibernate.SQL                        : select oi1_0.order_id,oi1_0.id,oi1_0.item_name,oi1_0.menu_item_id,oi1_0.quantity,oi1_0.total_price,oi1_0.unit_price from order_items oi1_0 where oi1_0.order_id=?
2026-09-26T14:50:11.770+05:30 DEBUG 63072 --- [1-auto-1-exec-2] o.s.web.servlet.DispatcherServlet        : Completed 200 OK
POC PAGINATION: size=10 -> 10 orders (4791 bytes); size=200 -> 200 orders (94460 bytes).
2026-09-26T14:50:11.782+05:30 DEBUG 63072 --- [           main] o.s.b.a.ApplicationAvailabilityBean      : Application availability state ReadinessState changed from ACCEPTING_TRAFFIC to REFUSING_TRAFFIC
2026-09-26T14:50:11.783+05:30 DEBUG 63072 --- [           main] ConfigServletWebServerApplicationContext : Closing org.springframework.boot.web.servlet.context.AnnotationConfigServletWebServerApplicationContext@648ee871, started on Sat Sep 26 14:50:09 IST 2026
2026-09-26T14:50:11.784+05:30  INFO 63072 --- [           main] o.s.b.w.e.tomcat.GracefulShutdown        : Commencing graceful shutdown. Waiting for active requests to complete
2026-09-26T14:50:11.785+05:30  INFO 63072 --- [tomcat-shutdown] o.s.b.w.e.tomcat.GracefulShutdown        : Graceful shutdown complete
2026-09-26T14:50:11.787+05:30 DEBUG 63072 --- [           main] org.hibernate.SQL                        : drop table if exists order_items cascade 
2026-09-26T14:50:11.788+05:30 DEBUG 63072 --- [           main] org.hibernate.SQL                        : drop table if exists orders cascade 
[INFO] Tests run: 1, Failures: 0, Errors: 0, Skipped: 0, Time elapsed: 2.429 s -- in local.security.ResourceConsumptionPocTest
[INFO] 
[INFO] Results:
[INFO] 
[INFO] Tests run: 1, Failures: 0, Errors: 0, Skipped: 0
[INFO] 
[INFO] ------------------------------------------------------------------------
[INFO] BUILD SUCCESS
[INFO] ------------------------------------------------------------------------
[INFO] Total time:  13.615 s
[INFO] Finished at: 2026-09-26T14:50:12+05:30
[INFO] ------------------------------------------------------------------------
